order_id,customer_id,order_date,product_category,quantity,unit_price,currency,country
ORD-42-0000000,CUST-000328,2025-11-05,electronics,5,123.2,EUR,United States
ORD-42-0000001,CUST-000053,2025-01-20,sports,9,44.38,RWF,Rwanda
ORD-42-0000002,CUST-000016,2025-11-15,apparel,4,253.17,USD,United Kingdom
ORD-42-0000003,CUST-000102,2025-02-03,sports,9,210.34,RWF,United Kingdom
ORD-42-0000004,,2025-12-29,apparel,7,170.79,EUR,Kenya
ORD-42-0000005,CUST-000491,2025-07-13,electronics,2,190.58,GBP,Ghana
ORD-42-0000006,CUST-000310,2025-08-19,electronics,8,268.58,RWF,Rwanda
ORD-42-0000007,CUST-000283,2025-08-04,sports,10,442.84,GBP,United Kingdom
ORD-42-0000008,CUST-000099,2025-01-06,electronics,1,330.97,GBP,Rwanda
ORD-42-0000009,CUST-000438,2025-09-04,electronics,7,"139,71",GBP,Kenya
ORD-42-0000010,CUST-000190,2025-07-04,apparel,5,351.21,USD,United Kingdom
ORD-42-0000011,CUST-000326,2025-10-06,toys,4,82.54,RWF,Ghana
ORD-42-0000012,CUST-000474,2025-02-08,sports,9,110.59,GBP,Rwanda
ORD-42-0000013,CUST-000118,2025-12-16,home,7,134.6,EUR,United Kingdom
ORD-42-0000014,CUST-000449,2025-07-24,apparel,8,198.42,RWF,Kenya
ORD-42-0000015,CUST-000136,2025-10-22,apparel,9,269.95,KES,Germany
ORD-42-0000016,CUST-000460,2025-03-09,grocery,6,110.44,EUR,United Kingdom
ORD-42-0003770,CUST-000253,2025-11-16,electronics,2,77.27,EUR,United States
ORD-42-0000018,CUST-000217,2025-03-02,electronics,7,191.43,RWF,United Kingdom
ORD-42-0000019,CUST-000129,2025-03-24,electronics,2,341.17,KES,Ghana
ORD-42-0000020,CUST-000394,2025-02-07,home,2,147.46,EUR,Germany
ORD-42-0000021,CUST-000002,2025-08-20,toys,3,"254,33",USD,United States
ORD-42-0000022,CUST-000153,2025-02-08,toys,10,100.26,GBP,Kenya
ORD-42-0000023,CUST-000277,2025-04-05,unobtainium,10,162.75,USD,Rwanda
ORD-42-0000024,CUST-000476,2025-06-30,home,4,29.9,KES,
ORD-42-0000025,CUST-000044,2025-04-28,electronics,9,383.15,EUR,United States
ORD-42-0000026,,2025-03-26,apparel,5,264.31,KES,Germany
ORD-42-0000027,CUST-000494,2025-09-15,toys,4,356.76,RWF,United States
ORD-42-0000028,CUST-000333,2025-06-24,grocery,9,226.29,EUR,
ORD-42-0000029,CUST-000033,2025-07-12,electronics,10,277.41,KES,Kenya
ORD-42-0000030,CUST-000004,2025-11-26,sports,1,115.24,USD,Ghana
ORD-42-0000031,CUST-000037,2025-04-13,apparel,5,334.82,EUR,United Kingdom
ORD-42-0000032,CUST-000068,2025-03-15,toys,8,122.26,RWF,Germany
ORD-42-0000033,CUST-000098,2025-11-14,electronics,7,177.79,RWF,Germany
ORD-42-0000034,CUST-000443,2025-12-05,sports,2,31.25,GBP,Rwanda
ORD-42-0000035,CUST-000128,2025-09-25,apparel,9,224.86,RWF,Kenya
ORD-42-0000036,CUST-000143,2025-05-10,apparel,2,222.12,KES,Rwanda
ORD-42-0000037,CUST-000026,2025-02-02,toys,1,484.53,EUR,Kenya
ORD-42-0000038,CUST-000209,2025-04-28,grocery,4,432.46,USD,Kenya
ORD-42-0000039,CUST-000195,2025-12-31,grocery,5,463.33,RWF,Ghana
ORD-42-0000040,CUST-000217,2025-01-10,sports,9,331.27,RWF,Kenya
ORD-42-0000041,CUST-000098,2025-08-03,apparel,1,290.01,KES,Rwanda
ORD-42-0000042,CUST-000383,2025-07-25,electronics,1,292.5,KES,United Kingdom
ORD-42-0000043,CUST-000081,2025-12-03,toys,2,425.82,USD,United Kingdom
ORD-42-0000044,CUST-000035,2025-01-21,apparel,7,60.82,KES,Kenya
ORD-42-0000045,CUST-000297,2025-03-03,electronics,-10,41.91,KES,United Kingdom
ORD-42-0000046,CUST-000268,2025-07-24,home,4,335.19,GBP,Kenya
ORD-42-0000047,CUST-000136,2025-06-13,apparel,5,229.16,USD,Rwanda
ORD-42-0000048,CUST-000235,2025-02-17,toys,-2,37.56,EUR,United Kingdom
ORD-42-0000049,CUST-000136,2025-10-26,home,2,439.76,GBP,Ghana
ORD-42-0000050,CUST-000081,2025-05-22,toys,5,306.23,KES,rwanda
ORD-42-0000051,CUST-000342,2025-03-24,home,2,469.53,EUR,Ghana
ORD-42-0000052,CUST-000060,2025-11-08,sports,9,78.57,GBP,United Kingdom
,CUST-000108,2025-07-10,apparel,5,253.2,GBP,Rwanda
ORD-42-0000054,CUST-000048,2025-02-11,grocery,5,23.0,GBP,Kenya
ORD-42-0000055,CUST-000327,2025-08-20,apparel,8,276.29,RWF,United Kingdom
ORD-42-0000056,CUST-000005,2025-11-05,electronics,3,273.25,GBP,United Kingdom
ORD-42-0000057,CUST-000283,2025-10-18,grocery,3,21.87,GBP,Rwanda
ORD-42-0000058,,2025-07-02,apparel,4,333.8,GBP,United Kingdom
ORD-42-0000059,CUST-000453,2025-06-07,toys,3,462.96,EUR,Kenya
ORD-42-0000060,CUST-000500,2025-10-03,grocery,1,90.5,GBP,Germany
ORD-42-0000061,CUST-000411,2025-01-24,sports,4,134.14,USD,Germany
ORD-42-0000062,CUST-000447,2025-12-13,grocery,4,100.59,RWF,GHANA
ORD-42-0000063,CUST-000157,2025-09-07,apparel,1,330.36,RWF,GHANA
ORD-42-0003619,CUST-000143,2025-11-27,home,6,321.1,RWF,United States
ORD-42-0000065,CUST-000432,2025-04-02,home,1,58.56,GBP,Kenya
ORD-42-0000066,CUST-000298,not-a-date,electronics,2,298.69,GBP,  United States  
ORD-42-0000067,CUST-000403,2025-07-25,grocery,10,492.13,USD,Germany
ORD-42-0000068,CUST-000461,2025-03-12,apparel,5,23.15,RWF,Rwanda
ORD-42-0000069,CUST-000267,2025-04-01,sports,4,182.75,USD,United States
ORD-42-0000070,CUST-000472,2025-07-16,toys,6,332.03,USD,United States
ORD-42-0000071,CUST-000461,2025-08-01,toys,5,333.78,GBP,Germany
ORD-42-0000072,CUST-000357,2025-08-03,toys,3,96.73,RWF,United States
ORD-42-0000073,CUST-000384,2025-10-04,toys,10,151.17,KES,Rwanda
ORD-42-0000074,CUST-000156,2025-08-08,apparel,7,393.09,KES,United States
ORD-42-0000075,CUST-000165,2025-05-08,grocery,8,338.14,KES,Germany
ORD-42-0004541,CUST-000407,2025-10-07,sports,2,142.61,KES,Ghana
ORD-42-0000077,CUST-000048,2025-09-03,sports,5,113.1,EUR,Kenya
ORD-42-0000078,CUST-000013,2025-12-09,apparel,8,306.03,USD,Germany
ORD-42-0000079,CUST-000213,2025-02-13,toys,4,359.45,RWF,Germany
ORD-42-0000080,CUST-000205,2025-08-30,apparel,1,446.44,USD,Germany
ORD-42-0000081,CUST-000113,2025-10-03,sports,9,232.81,KES,Kenya
ORD-42-0000082,CUST-000470,2025-10-31,grocery,3,400.91,KES,United Kingdom
ORD-42-0000083,CUST-000305,2025-07-23,grocery,10,$407.69,KES,Germany
ORD-42-0000084,CUST-000426,2025-03-27,grocery,3,372.08,RWF,Germany
ORD-42-0000085,CUST-000133,2025-08-28,sports,5,383.14,KES,Germany
ORD-42-0000086,CUST-000321,2025-09-01,home,8,39.66,GBP,Kenya
ORD-42-0000087,CUST-000140,2025-07-14,home,9,41.21,EUR,Kenya
ORD-42-0000088,CUST-000197,2025-01-11,apparel,4,33.05,RWF,Ghana
ORD-42-0000089,CUST-000278,2025-05-08,grocery,1,104.21,RWF,Germany
ORD-42-0000090,CUST-000464,2025-03-08,sports,1,428.51,KES,Germany
ORD-42-0000091,CUST-000245,2025-12-29,home,5,376.98,RWF,United Kingdom
ORD-42-0000092,CUST-000383,2025-03-28,toys,4,244.63,GBP,Germany
ORD-42-0000093,CUST-000249,2025-12-18,grocery,6,334.77,RWF,United States
ORD-42-0000094,,2025-05-07,apparel,10,267.53,RWF,United Kingdom
ORD-42-0000095,CUST-000289,2025-01-27,electronics,2,321.73,EUR,Germany
ORD-42-0000096,CUST-000094,2025-12-07,home,7,164.35,RWF,Ghana
ORD-42-0000097,CUST-000173,2025-06-21,home,7,126.88,USD,Germany
ORD-42-0000098,CUST-000010,2025-03-31,electronics,6,112.89,USD,United States
ORD-42-0000099,CUST-000021,2025-12-17,apparel,4,419.78,KES,Kenya
ORD-42-0000100,CUST-000123,2025-10-29,grocery,2,$282.42,EUR,Germany
ORD-42-0000101,CUST-000359,2025-08-23,home,3,303.34,USD,Kenya
ORD-42-0000102,CUST-000494,2025-07-26,electronics,10,13.81,GBP,United Kingdom
ORD-42-0000103,CUST-000347,2025-06-23,grocery,4,$38.92,EUR,Rwanda
ORD-42-0000104,CUST-000357,2025-07-31,sports,10,402.96,KES,Rwanda
ORD-42-0000105,CUST-000178,2025-04-04,grocery,6,35.41,GBP,Rwanda
ORD-42-0000106,CUST-000435,2025-05-31,grocery,2,217.33,GBP,United States
ORD-42-0000107,CUST-000457,2025-05-11,sports,3,218.31,KES,United States
ORD-42-0000108,CUST-000139,2025-02-20,toys,8,232.97,KES,Ghana
ORD-42-0000109,CUST-000166,2025-08-29,electronics,5,440.93,EUR,Germany
ORD-42-0000110,CUST-000292,2025-02-23,sports,7,168.86,RWF,Ghana
ORD-42-0000111,CUST-000094,2025-04-27,apparel,6,399.12,GBP,Ghana
ORD-42-0000112,CUST-000451,2025-03-02,sports,5,"278,34",KES,Kenya
ORD-42-0000113,CUST-000044,2025-08-31,sports,7,244.8,EUR,United States
ORD-42-0000114,CUST-000244,not-a-date,sports,8,224.64,USD,Rwanda
ORD-42-0000115,CUST-000151,2025-09-10,grocery,4,$153.80,KES,Ghana
ORD-42-0000116,CUST-000243,2025-03-24,toys,6,213.33,KES,Ghana
ORD-42-0000117,CUST-000181,2025-01-07,grocery,5,154.0,EUR,Rwanda
ORD-42-0000118,CUST-000370,2025-09-25,home,2,371.7,EUR,Kenya
ORD-42-0000119,CUST-000111,2025-04-29,home,10,488.33,KES,United Kingdom
ORD-42-0001469,CUST-000145,2025-11-11,apparel,5,114.51,EUR,Ghana
ORD-42-0000121,CUST-000008,2025-01-04,unobtainium,3,137.88,USD,United Kingdom
ORD-42-0000122,CUST-000150,2025-01-09,apparel,8,52.19,USD,United Kingdom
ORD-42-0000123,CUST-000146,2025-05-06,grocery,8,171.01,USD,Ghana
ORD-42-0000124,CUST-000482,2025-05-02,electronics,2,200.95,USD,United Kingdom
ORD-42-0000125,CUST-000323,2033-01-12,electronics,3,75.45,KES,Ghana
ORD-42-0000126,CUST-000044,2025-08-27,electronics,9,382.46,KES,United Kingdom
ORD-42-0000127,CUST-000405,2025-02-19,apparel,9,190.81,RWF,Ghana
ORD-42-0000128,CUST-000441,2025-03-06,grocery,5,284.75,USD,United Kingdom
ORD-42-0000129,CUST-000492,2025-11-12,unobtainium,4,133.06,USD,Kenya
ORD-42-0000130,CUST-000123,2025-10-05,toys,2,79.11,RWF,Germany
ORD-42-0000131,CUST-000353,2025-03-03,grocery,5,17.29,GBP,United States
ORD-42-0000132,CUST-000145,2025-01-07,grocery,2,344.01,GBP,United States
ORD-42-0000133,CUST-000302,2025-01-28,apparel,7,58.27,EUR,United States
ORD-42-0000134,CUST-000077,2025-08-18,apparel,2,30.76,GBP,United Kingdom
ORD-42-0000135,CUST-000384,2025-03-16,home,8,63.05,GBP,United States
ORD-42-0000136,CUST-000207,2025-08-15,  toys  ,9,247.4,USD,United Kingdom
ORD-42-0000137,CUST-000021,2025-05-25,sports,6,302.25,USD,Rwanda
ORD-42-0000138,CUST-000118,2025-01-21,toys,10,475.44,GBP,United Kingdom
ORD-42-0000139,CUST-000021,2025-10-04,grocery,9,326.1,GBP,Kenya
ORD-42-0000140,CUST-000300,2025-05-23,sports,8,484.56,RWF,Ghana
ORD-42-0000141,CUST-000210,2025-07-15,home,2,$429.01,GBP,Germany
ORD-42-0000142,CUST-000356,2025-04-23,home,7,406.97,KES,Rwanda
ORD-42-0000143,CUST-000233,2025-11-17,home,5,162.31,RWF,United Kingdom
ORD-42-0000144,CUST-000423,2026-01-01,sports,9,231.53,USD,Kenya
ORD-42-0000145,CUST-000266,2025-06-30,toys,8,313.08,USD,Kenya
ORD-42-0000146,CUST-000137,2025-03-26,apparel,5,219.62,RWF,Rwanda
ORD-42-0000147,CUST-000015,2025-02-13,toys,4,355.18,GBP,United Kingdom
ORD-42-0000148,CUST-000008,2025-03-25,grocery,2,113.13,USD,Germany
ORD-42-0000149,CUST-000485,2025-11-02,sports,3,249.69,GBP,United Kingdom
ORD-42-0000150,CUST-000362,2025-08-15,grocery,8,490.14,EUR,Germany
ORD-42-0000151,CUST-000283,2025-10-19,grocery,4,461.01,KES,United States
ORD-42-0000152,CUST-000451,2025-10-24,electronics,5,386.56,RWF,Ghana
ORD-42-0000153,CUST-000479,2025-04-17,home,1,142.14,GBP,UNITED KINGDOM
ORD-42-0000154,CUST-000297,2025-01-29,grocery,3,223.83,RWF,Ghana
ORD-42-0000155,CUST-000171,2025-03-25,toys,7,228.22,GBP,Kenya
ORD-42-0000156,CUST-000358,2025-09-01,toys,7,117.55,RWF,Rwanda
ORD-42-0000157,CUST-000163,2025-05-04,sports,7,193.65,EUR,Germany
ORD-42-0000158,CUST-000494,2025-12-14,apparel,9,$482.71,GBP,Rwanda
ORD-42-0000159,,2025-05-21,electronics,9,455.31,USD,United States
ORD-42-0000160,CUST-000074,2025-06-06,sports,-3,38.34,GBP,Ghana
ORD-42-0000161,CUST-000320,2025-01-12,grocery,2,426.03,KES,Germany
ORD-42-0000162,CUST-000489,2025-07-23,sports,8,436.32,USD,United Kingdom
ORD-42-0000163,CUST-000036,2025-09-03,sports,5,498.72,USD,Germany
ORD-42-0000164,CUST-000051,2025-02-11,sports,2,222.4,GBP,Rwanda
ORD-42-0000165,CUST-000024,2025-07-19,electronics,5,179.87,RWF,Kenya
ORD-42-0000166,CUST-000126,2025-04-05,grocery,10,$341.22,EUR,Kenya
ORD-42-0000167,CUST-000090,2025-11-22,toys,7,310.24,EUR,Germany
ORD-42-0000168,CUST-000468,2025-03-09,apparel,4,231.11,GBP,Germany
ORD-42-0000169,CUST-000131,2025-01-25,electronics,8,"450,70",KES,Kenya
ORD-42-0000170,CUST-000038,2025-05-20,home,10,150.28,RWF,united states
ORD-42-0000171,CUST-000129,2025-05-13,home,4,499.69,RWF,Rwanda
ORD-42-0000172,,2025-06-20,toys,6,287.83,GBP,Rwanda
ORD-42-0000173,CUST-000425,2025-01-29,grocery,5,5.04,USD,United Kingdom
ORD-42-0000174,CUST-000382,2025-04-22,unobtainium,4,303.93,GBP,Kenya
ORD-42-0000175,CUST-000326,2025-09-26,toys,5,339.2,EUR,United States
ORD-42-0000176,CUST-000050,2025-02-14,sports,1,155.16,RWF,Rwanda
ORD-42-0000177,CUST-000297,2025-06-29,sports,3,45.98,GBP,Ghana
ORD-42-0000178,CUST-000383,2025-06-03,apparel,4,66.95,KES,
ORD-42-0000179,CUST-000272,not-a-date,home,3,129.23,RWF,Ghana
ORD-42-0000180,CUST-000383,2025-07-12,electronics,8,481.48,EUR,Kenya
ORD-42-0000181,CUST-000441,2025-01-20,sports,7,483.67,KES,Ghana
ORD-42-0000182,CUST-000047,2025-06-13,electronics,5,268.75,RWF,Ghana
ORD-42-0000183,CUST-000345,2025-01-22,home,10,191.13,GBP,Rwanda
ORD-42-0000184,CUST-000346,2025-09-04,grocery,1,310.15,KES,Ghana
ORD-42-0000185,CUST-000469,2025-02-23,apparel,2,318.07,RWF,United States
ORD-42-0000186,CUST-000155,2025-02-03,grocery,2,70.75,USD,
ORD-42-0000187,CUST-000253,2025-11-03,electronics,4,443.74,EUR,Germany
ORD-42-0000188,CUST-000233,2025-06-26,sports,9,210.14,EUR,Germany
ORD-42-0000189,CUST-000336,2025-11-12,grocery,10,204.65,GBP,  Rwanda  
ORD-42-0000190,CUST-000354,2025-06-26,apparel,8,222.9,EUR,Ghana
ORD-42-0000191,CUST-000051,2025-01-15,home,9,450.95,GBP,Rwanda
ORD-42-0000192,CUST-000204,2025-08-13,apparel,2,474.56,RWF,Rwanda
ORD-42-0000193,CUST-000340,2025-09-15,sports,10,485.58,USD,Ghana
ORD-42-0000194,CUST-000125,2025-10-29,toys,4,35.24,KES,Kenya
ORD-42-0000195,CUST-000301,2025-09-13,apparel,6,387.41,KES,Rwanda
ORD-42-0000196,CUST-000142,2025-10-19,apparel,9,126.08,EUR,Rwanda
ORD-42-0000197,CUST-000339,2025-12-19,apparel,1,179.76,EUR,United Kingdom
ORD-42-0000198,CUST-000166,2025-12-24,apparel,5,27.15,RWF,United Kingdom
ORD-42-0000199,CUST-000059,2025-11-30,grocery,8,389.23,KES,United Kingdom
ORD-42-0000200,CUST-000056,2025-05-15,toys,4,472.76,USD,United States
ORD-42-0000201,CUST-000402,2025-01-29,toys,5,229.56,USD,Rwanda
ORD-42-0000202,CUST-000246,2025-06-10,grocery,2,245.64,RWF,Rwanda
ORD-42-0000203,CUST-000461,2025-11-21,home,10,75.02,EUR,Ghana
,CUST-000320,2025-02-11,toys,9,356.36,RWF,United Kingdom
ORD-42-0000205,CUST-000272,not-a-date,grocery,9,303.11,USD,United States
ORD-42-0000206,CUST-000059,2025-01-31,sports,9,360.7,EUR,Germany
ORD-42-0000207,CUST-000232,2025-09-07,grocery,6,413.88,RWF,Germany
ORD-42-0000208,CUST-000374,2025-11-14,home,7,156.95,GBP,Ghana
ORD-42-0000209,CUST-000489,2025-10-15,sports,8,34.5,USD,Rwanda
ORD-42-0000210,CUST-000222,2025-11-13,sports,6,$406.07,KES,Rwanda
ORD-42-0000211,CUST-000301,2025-03-20,unobtainium,6,"335,34",RWF,Ghana
ORD-42-0000212,CUST-000448,2025-01-26,  grocery  ,1,484.23,KES,Ghana
ORD-42-0000213,CUST-000181,2025-11-09,toys,9,107.16,RWF,Kenya
ORD-42-0000214,CUST-000434,2025-11-07,home,9,184.41,GBP,United Kingdom
ORD-42-0000215,CUST-000116,2025-05-27,  toys  ,10,307.17,KES,RWANDA
ORD-42-0000216,CUST-000312,2025-01-30,sports,5,15.45,GBP,United States
,CUST-000391,2025-07-27,home,6,4.05,EUR,United Kingdom
ORD-42-0000218,CUST-000337,2025-06-10,electronics,3,370.74,USD,Rwanda
ORD-42-0000219,CUST-000383,2025-04-05,apparel,7,210.5,GBP,Kenya
ORD-42-0000220,CUST-000190,2025-07-26,sports,-6,388.64,KES,United Kingdom
ORD-42-0000221,CUST-000044,2025-12-06,apparel,3,377.46,USD,United States
ORD-42-0000222,CUST-000042,2025-08-15,grocery,7,$243.35,RWF,Germany
ORD-42-0000223,CUST-000140,2025-09-13,toys,2,173.24,USD,Ghana
ORD-42-0000224,CUST-000348,2025-01-19,toys,8,263.94,GBP,Rwanda
ORD-42-0000225,CUST-000113,2025-06-13,toys,1,4.84,GBP,Kenya
ORD-42-0000226,CUST-000393,2025-10-23,home,5,164.73,USD,Germany
ORD-42-0000227,CUST-000383,2025-05-26,apparel,3,190.72,EUR,United Kingdom
ORD-42-0000228,CUST-000287,2025-01-24,home,2,199.14,USD,Germany
ORD-42-0000229,CUST-000010,2025-05-11,electronics,6,288.3,KES,Germany
ORD-42-0000230,CUST-000364,2025-02-08,grocery,5,58.47,USD,Ghana
ORD-42-0000231,CUST-000088,2025-02-19,grocery,6,44.98,USD,Kenya
ORD-42-0000232,  CUST-000224  ,2025-03-06,grocery,9,40.24,GBP,United States
ORD-42-0000233,CUST-000174,2025-09-10,home,3,39.11,USD,United Kingdom
ORD-42-0000234,CUST-000262,2025-09-24,home,6,363.96,EUR,Kenya
ORD-42-0000235,CUST-000053,2025-10-19,home,4,$87.58,EUR,United States
ORD-42-0000236,CUST-000039,2025-10-03,sports,8,"232,51",KES,United Kingdom
ORD-42-0000237,CUST-000230,2028-11-20,toys,-10,162.28,GBP,KENYA
ORD-42-0000238,CUST-000226,2025-11-28,grocery,8,316.06,GBP,United Kingdom
ORD-42-0000239,CUST-000029,2025-07-05,toys,2,155.89,RWF,Rwanda
ORD-42-0000240,CUST-000030,2025-06-27,home,2,322.69,USD,United Kingdom
ORD-42-0000241,CUST-000305,2025-04-17,grocery,8,290.58,USD,Germany
ORD-42-0000242,CUST-000466,2025-03-15,sports,4,161.44,RWF,United Kingdom
ORD-42-0000243,CUST-000078,2025-12-01,grocery,2,405.67,GBP,United States
,CUST-000044,2025-04-18,sports,3,20.53,RWF,Germany
ORD-42-0000245,CUST-000269,2025-04-09,toys,3,182.59,GBP,Germany
ORD-42-0000246,CUST-000210,2025-07-12,sports,10,27.13,GBP,Rwanda
ORD-42-0000247,CUST-000169,2025-11-14,toys,7,142.79,KES,Kenya
ORD-42-0000248,CUST-000171,2025-11-21,  toys  ,3,458.46,GBP,United States
ORD-42-0000249,CUST-000358,2025-01-27,grocery,3,297.93,USD,Ghana
ORD-42-0000250,CUST-000287,2025-06-23,sports,6,406.78,KES,Rwanda
ORD-42-0000251,CUST-000331,2025-01-23,grocery,9,181.55,GBP,ghana
ORD-42-0000252,CUST-000093,2025-09-14,home,8,96.81,EUR,Kenya
ORD-42-0000253,CUST-000040,2025-08-03,electronics,9,385.67,KES,Rwanda
ORD-42-0000254,CUST-000339,2025-07-13,toys,3,$299.03,EUR,Kenya
ORD-42-0000255,CUST-000093,2025-01-12,unobtainium,3,360.87,USD,Germany
ORD-42-0000256,CUST-000187,2025-01-20,sports,4,484.82,KES,Ghana
ORD-42-0004140,CUST-000386,2025-05-17,apparel,9,120.35,RWF,Kenya
ORD-42-0000258,CUST-000189,2025-01-19,toys,8,231.38,GBP,Germany
ORD-42-0000259,CUST-000258,2025-04-06,grocery,3,408.63,KES,
,CUST-000447,2025-08-26,electronics,8,437.18,KES,Rwanda
ORD-42-0000261,CUST-000365,2025-04-12,electronics,5,42.85,EUR,Ghana
,CUST-000231,2025-04-14,apparel,7,46.77,EUR,Germany
ORD-42-0000263,CUST-000453,2025-07-07,electronics,7,27.58,KES,Ghana
ORD-42-0000264,CUST-000121,2025-06-18,electronics,6,113.04,GBP,Rwanda
ORD-42-0000265,CUST-000430,2025-01-01,sports,6,395.9,EUR,Rwanda
ORD-42-0000266,CUST-000147,2025-05-05,sports,3,379.66,RWF,Germany
ORD-42-0000267,CUST-000316,2025-12-30,electronics,1,$128.71,EUR,United Kingdom
ORD-42-0000268,CUST-000482,2025-02-24,unobtainium,7,56.48,GBP,Kenya
ORD-42-0000269,CUST-000155,2025-10-31,electronics,4,210.49,KES,Germany
ORD-42-0000270,CUST-000033,2025-11-06,grocery,10,268.49,KES,United Kingdom
ORD-42-0000271,CUST-000124,2025-10-20,home,7,1.78,GBP,Kenya
ORD-42-0000272,CUST-000293,2025-06-02,apparel,2,262.22,GBP,Rwanda
ORD-42-0000273,CUST-000489,not-a-date,toys,9,393.42,KES,United Kingdom
ORD-42-0000274,CUST-000011,2025-06-16,grocery,1,318.2,GBP,Ghana
ORD-42-0000275,CUST-000383,2025-12-24,home,2,173.06,USD,United Kingdom
ORD-42-0000276,CUST-000377,2025-07-15,apparel,1,176.8,GBP,United States
ORD-42-0000277,CUST-000090,2025-01-16,grocery,8,316.24,EUR,Rwanda
ORD-42-0000278,CUST-000367,2025-05-12,electronics,5,101.59,EUR,Rwanda
ORD-42-0000279,CUST-000162,2025-07-27,toys,7,494.57,KES,Germany
ORD-42-0000280,CUST-000130,2025-12-14,sports,4,143.77,USD,United States
ORD-42-0000281,CUST-000170,2025-08-15,electronics,6,219.04,RWF,United States
ORD-42-0000282,CUST-000226,2025-06-18,home,3,248.61,RWF,Ghana
ORD-42-0000283,CUST-000474,2025-04-11,home,2,363.81,USD,Germany
ORD-42-0000284,CUST-000309,2025-10-01,toys,5,161.28,USD,Ghana
ORD-42-0000285,CUST-000339,2025-08-03,home,8,301.71,RWF,Kenya
ORD-42-0000286,CUST-000354,2025-05-19,home,8,22.14,GBP,United Kingdom
ORD-42-0000287,CUST-000223,2025-08-14,sports,1,38.45,RWF,Ghana
ORD-42-0000288,CUST-000263,2025-01-19,apparel,1,72.25,KES,United States
ORD-42-0000289,CUST-000401,2025-05-22,electronics,3,34.55,GBP,Ghana
ORD-42-0000290,CUST-000197,2025-03-17,electronics,10,77.57,RWF,Ghana
ORD-42-0000291,CUST-000191,2025-05-19,electronics,10,69.71,GBP,Germany
ORD-42-0000292,CUST-000161,2025-02-03,home,4,480.3,USD,United States
ORD-42-0000293,CUST-000096,2025-04-21,toys,7,456.86,USD,Ghana
ORD-42-0000294,CUST-000397,2029-04-23,sports,8,108.07,KES,Ghana
ORD-42-0000295,CUST-000356,2025-04-25,apparel,2,68.73,USD,Germany
ORD-42-0000296,CUST-000089,2025-01-01,grocery,2,405.45,GBP,United States
ORD-42-0000297,CUST-000178,2025-01-03,electronics,9,271.54,GBP,Kenya
ORD-42-0000298,CUST-000365,2025-01-03,sports,3,397.05,KES,Kenya
ORD-42-0000299,CUST-000063,2025-09-21,apparel,4,395.4,USD,Ghana
ORD-42-0000300,CUST-000284,2025-03-14,home,8,"402,03",KES,Kenya
ORD-42-0000301,CUST-000314,2025-11-18,electronics,5,199.68,RWF,United Kingdom
ORD-42-0000302,CUST-000211,2025-06-06,toys,2,63.54,GBP,United States
ORD-42-0000303,CUST-000038,2032-06-06,grocery,9,172.91,KES,United States
ORD-42-0000304,CUST-000301,not-a-date,apparel,7,251.93,USD,Rwanda
ORD-42-0000305,CUST-000266,2025-10-15,home,3,81.82,EUR,Ghana
ORD-42-0000306,CUST-000486,2025-04-11,home,2,126.05,KES,Ghana
ORD-42-0000307,CUST-000065,2025-02-15,home,10,267.21,KES,United States
ORD-42-0000308,CUST-000087,2025-03-04,toys,3,86.43,KES,united states
ORD-42-0000309,CUST-000462,2025-02-26,home,10,21.56,USD,Rwanda
ORD-42-0000310,CUST-000024,2025-02-07,toys,5,325.91,KES,Germany
ORD-42-0000311,CUST-000317,2025-02-08,electronics,8,444.61,KES,Ghana
ORD-42-0000312,CUST-000329,2025-07-31,grocery,4,402.54,RWF,Ghana
ORD-42-0000313,CUST-000233,2025-11-25,sports,1,79.88,RWF,Germany
ORD-42-0000314,CUST-000238,2025-09-19,home,10,72.69,GBP,United States
ORD-42-0000315,CUST-000441,2025-07-09,grocery,3,380.57,KES,United Kingdom
ORD-42-0000316,CUST-000055,2025-07-22,apparel,8,62.14,RWF,Kenya
ORD-42-0000317,CUST-000073,2025-11-13,electronics,5,472.75,KES,Germany
ORD-42-0000318,  CUST-000128  ,2025-10-12,home,10,360.84,EUR,Kenya
ORD-42-0000319,CUST-000256,2025-04-13,grocery,8,439.66,RWF,Rwanda
ORD-42-0000320,CUST-000047,2025-06-14,toys,8,483.38,EUR,UNITED KINGDOM
ORD-42-0000321,CUST-000181,2025-12-08,electronics,5,247.95,RWF,Ghana
ORD-42-0000322,CUST-000275,not-a-date,electronics,7,67.83,GBP,United States
ORD-42-0000323,CUST-000188,2025-06-09,home,1,200.89,KES,United Kingdom
ORD-42-0000324,CUST-000100,2025-06-30,toys,5,37.69,KES,Germany
ORD-42-0003572,CUST-000392,2025-03-26,home,10,340.52,USD,Kenya
ORD-42-0000326,CUST-000500,2025-11-13,grocery,6,"397,65",GBP,United Kingdom
ORD-42-0000327,CUST-000481,2025-06-28,apparel,4,301.63,RWF,United Kingdom
ORD-42-0000328,CUST-000021,2025-12-09,electronics,3,357.08,RWF,United Kingdom
ORD-42-0000329,CUST-000234,2025-10-17,toys,9,"70,75",KES,  Ghana  
ORD-42-0000330,CUST-000084,2025-06-14,toys,5,297.27,KES,United Kingdom
ORD-42-0000331,CUST-000273,2025-04-26,sports,10,150.6,USD,Ghana
ORD-42-0000332,CUST-000170,2025-01-22,electronics,7,292.27,USD,United Kingdom
ORD-42-0000333,CUST-000243,2025-08-19,sports,10,289.24,USD,United Kingdom
ORD-42-0000334,CUST-000246,2025-10-06,toys,10,387.53,RWF,Kenya
ORD-42-0000335,CUST-000421,2025-01-18,apparel,1,286.71,USD,Kenya
ORD-42-0000336,CUST-000010,2025-05-21,home,7,$76.56,EUR,GERMANY
ORD-42-0000337,CUST-000257,2025-02-22,grocery,1,353.18,KES,  Kenya  
ORD-42-0000338,CUST-000288,2025-07-19,sports,8,263.21,GBP,Kenya
ORD-42-0000339,CUST-000236,2025-04-04,home,9,177.79,GBP,United Kingdom
ORD-42-0000340,CUST-000248,2025-09-25,apparel,5,279.49,EUR,Ghana
ORD-42-0000341,CUST-000395,2025-08-07,sports,4,345.43,RWF,Ghana
ORD-42-0000342,CUST-000246,2025-07-07,toys,5,144.61,KES,United States
ORD-42-0000343,CUST-000279,2025-06-21,grocery,6,477.35,EUR,Ghana
ORD-42-0000344,CUST-000022,2025-08-07,sports,2,173.84,RWF,United States
ORD-42-0000345,CUST-000132,2025-05-01,apparel,4,414.15,GBP,United Kingdom
ORD-42-0000346,CUST-000357,2025-08-15,apparel,2,308.22,KES,KENYA
ORD-42-0000347,CUST-000125,2025-12-07,sports,9,113.61,EUR,Rwanda
ORD-42-0000348,CUST-000052,2025-06-04,home,8,51.17,EUR,Rwanda
ORD-42-0000349,CUST-000494,2025-03-26,apparel,7,326.79,RWF,Germany
ORD-42-0000350,CUST-000334,2025-09-21,home,6,143.42,USD,Rwanda
ORD-42-0000351,CUST-000334,2025-03-14,apparel,9,369.6,USD,Kenya
ORD-42-0000352,CUST-000214,2025-10-03,electronics,7,394.19,EUR,United States
ORD-42-0000353,CUST-000493,2025-08-06,electronics,1,149.9,KES,Rwanda
ORD-42-0000354,CUST-000476,2025-07-14,home,8,494.56,KES,United Kingdom
,CUST-000253,2025-10-25,unobtainium,8,137.15,USD,Ghana
ORD-42-0000356,CUST-000084,2025-05-12,sports,5,359.58,USD,United States
ORD-42-0000357,CUST-000173,2025-08-03,toys,4,"88,57",RWF,Germany
ORD-42-0000358,CUST-000264,2025-07-18,electronics,7,334.96,EUR,Kenya
ORD-42-0000359,CUST-000245,2025-07-20,apparel,1,131.13,EUR,Germany
ORD-42-0000360,CUST-000386,2025-08-18,home,5,291.65,KES,Rwanda
ORD-42-0000361,CUST-000134,2025-02-01,home,4,32.0,USD,Germany
ORD-42-0000362,CUST-000158,2025-10-12,grocery,9,461.63,GBP,United States
ORD-42-0000363,CUST-000061,2025-02-08,home,6,307.7,EUR,Kenya
ORD-42-0000364,CUST-000245,2025-10-15,grocery,10,187.44,KES,Germany
ORD-42-0000365,CUST-000388,2025-04-01,sports,4,381.17,KES,Rwanda
ORD-42-0000366,CUST-000270,2025-05-18,toys,6,39.97,KES,Rwanda
ORD-42-0000367,CUST-000032,2025-03-27,toys,4,286.78,EUR,Kenya
ORD-42-0000368,CUST-000168,2025-04-10,grocery,2,340.47,KES,Germany
ORD-42-0000369,CUST-000047,2025-04-15,grocery,1,227.26,KES,Germany
ORD-42-0000370,CUST-000234,2025-03-19,  electronics  ,9,231.73,GBP,United States
ORD-42-0000371,  CUST-000012  ,not-a-date,home,1,373.16,KES,
ORD-42-0000372,CUST-000024,2025-05-30,  home  ,2,$271.04,USD,RWANDA
ORD-42-0000373,CUST-000479,2025-05-05,electronics,5,205.02,EUR,United States
ORD-42-0000374,CUST-000374,2025-02-05,grocery,6,496.44,RWF,Germany
,CUST-000446,2025-06-22,grocery,2,341.68,KES,Kenya
ORD-42-0000376,CUST-000335,2031-03-17,electronics,3,496.43,RWF,United Kingdom
ORD-42-0000377,CUST-000066,2025-09-09,electronics,1,489.27,RWF,United States
ORD-42-0000378,CUST-000369,2025-03-29,grocery,-9,190.26,EUR,Kenya
ORD-42-0000379,CUST-000236,2025-07-08,apparel,5,95.05,USD,Rwanda
ORD-42-0000380,CUST-000415,2025-01-28,grocery,10,383.26,USD,Kenya
ORD-42-0000381,CUST-000106,2025-11-28,electronics,10,17.75,KES,United States
ORD-42-0000382,CUST-000361,2025-12-08,apparel,1,201.73,EUR,United Kingdom
ORD-42-0000383,CUST-000112,2025-12-04,apparel,9,496.75,EUR,United States
ORD-42-0000384,CUST-000295,2025-07-22,toys,10,386.5,GBP,Kenya
ORD-42-0000385,,2025-10-20,sports,9,111.3,GBP,Ghana
ORD-42-0000386,CUST-000032,2025-03-22,toys,3,313.37,RWF,United Kingdom
ORD-42-0000387,CUST-000254,2025-12-08,home,7,393.12,GBP,United States
ORD-42-0000388,CUST-000214,2025-06-06,apparel,5,188.85,KES,Germany
ORD-42-0000389,CUST-000124,2025-09-08,home,3,403.08,USD,United Kingdom
ORD-42-0000390,CUST-000212,2025-06-02,toys,9,67.91,EUR,Ghana
ORD-42-0000391,CUST-000105,2025-07-16,sports,2,461.19,GBP,Rwanda
ORD-42-0000392,CUST-000275,2025-09-26,electronics,5,189.21,KES,United Kingdom
ORD-42-0000393,CUST-000021,2025-11-25,apparel,10,362.43,KES,Kenya
ORD-42-0000394,CUST-000246,2025-09-17,home,5,478.55,USD,Kenya
ORD-42-0000395,CUST-000480,2025-09-26,sports,2,373.69,RWF,Kenya
ORD-42-0000396,CUST-000357,2025-02-26,sports,4,198.92,EUR,United Kingdom
ORD-42-0000397,CUST-000165,2025-08-10,grocery,8,267.29,GBP,Ghana
ORD-42-0000398,  CUST-000134  ,2025-07-01,toys,8,233.54,RWF,Ghana
ORD-42-0000399,CUST-000469,2025-09-19,home,6,207.55,KES,Kenya
ORD-42-0000400,CUST-000380,2025-10-19,electronics,5,277.1,KES,United Kingdom
ORD-42-0000401,CUST-000369,not-a-date,home,3,98.9,EUR,Germany
ORD-42-0000402,CUST-000292,2025-08-29,grocery,9,327.65,GBP,Ghana
ORD-42-0000403,CUST-000391,2025-04-26,sports,8,230.95,GBP,Kenya
ORD-42-0000404,CUST-000072,2025-03-28,grocery,3,458.53,KES,United States
ORD-42-0000405,CUST-000491,2025-12-02,toys,1,419.7,USD,United States
ORD-42-0000406,CUST-000025,2025-12-29,grocery,3,421.43,EUR,Rwanda
ORD-42-0000407,CUST-000363,2025-10-16,electronics,4,253.36,GBP,rwanda
ORD-42-0000408,CUST-000317,2025-02-09,sports,10,456.46,RWF,Rwanda
ORD-42-0000409,CUST-000004,2025-04-04,toys,7,6.91,KES,United States
ORD-42-0000944,CUST-000141,2025-04-02,home,1,251.61,RWF,Kenya
ORD-42-0000411,CUST-000055,2025-11-13,toys,-3,$121.24,KES,United Kingdom
ORD-42-0000412,CUST-000130,2025-07-04,home,7,40.43,RWF,Germany
ORD-42-0000413,CUST-000290,2025-08-30,sports,4,150.69,USD,United States
ORD-42-0003377,  CUST-000440  ,2025-02-03,unobtainium,2,203.23,RWF,United Kingdom
ORD-42-0000415,CUST-000244,2025-12-04,sports,1,351.72,USD,Germany
ORD-42-0000416,CUST-000433,2025-05-24,sports,6,283.36,USD,United Kingdom
ORD-42-0000417,CUST-000471,2025-12-11,apparel,4,450.74,KES,Germany
ORD-42-0000418,CUST-000139,2025-12-09,electronics,5,449.76,KES,United States
ORD-42-0000419,CUST-000017,2025-10-02,  home  ,1,480.77,KES,Kenya
ORD-42-0000420,CUST-000386,2025-01-02,grocery,2,$150.34,KES,Kenya
ORD-42-0000421,CUST-000291,2025-06-16,sports,9,166.53,EUR,UNITED STATES
ORD-42-0000422,CUST-000371,2025-11-22,toys,6,"27,79",RWF,Kenya
ORD-42-0000423,CUST-000430,2025-11-24,home,10,384.73,KES,Germany
ORD-42-0000424,CUST-000497,2025-07-18,electronics,5,391.99,RWF,Germany
ORD-42-0000425,CUST-000117,2025-07-03,toys,7,216.49,KES,United States
ORD-42-0000426,CUST-000195,2025-11-19,toys,5,$399.23,USD,Rwanda
ORD-42-0000427,CUST-000138,2025-10-15,grocery,3,370.09,GBP,Ghana
ORD-42-0000428,CUST-000055,2025-11-16,electronics,5,222.92,GBP,Rwanda
ORD-42-0000429,CUST-000068,2025-11-18,unobtainium,7,224.97,KES,United Kingdom
ORD-42-0000430,CUST-000209,2025-11-10,electronics,2,177.6,USD,united kingdom
ORD-42-0000431,CUST-000307,2025-07-19,grocery,1,146.63,RWF,Rwanda
ORD-42-0000432,CUST-000372,2025-03-21,apparel,10,261.03,RWF,Kenya
ORD-42-0000433,CUST-000072,2025-08-17,home,5,247.07,USD,Kenya
ORD-42-0000434,CUST-000223,2025-08-13,grocery,5,242.63,USD,Ghana
ORD-42-0000435,CUST-000129,2025-08-28,sports,8,297.31,EUR,Germany
ORD-42-0000436,CUST-000055,2025-10-24,home,1,474.46,GBP,United Kingdom
ORD-42-0000437,CUST-000195,2025-07-17,grocery,6,215.88,KES,Kenya
ORD-42-0000438,CUST-000154,2025-07-21,toys,4,240.03,EUR,Germany
ORD-42-0000439,CUST-000496,2025-07-22,home,8,$483.91,EUR,Ghana
ORD-42-0000440,CUST-000193,2025-08-11,grocery,6,57.83,KES,Kenya
ORD-42-0000441,CUST-000304,2025-03-28,apparel,9,14.43,RWF,United States
ORD-42-0000442,CUST-000108,2025-05-22,home,2,409.66,RWF,United States
ORD-42-0004771,CUST-000256,2025-10-22,sports,5,121.77,EUR,United States
ORD-42-0000444,CUST-000217,2025-06-22,electronics,8,"495,36",RWF,United Kingdom
ORD-42-0000445,CUST-000206,2025-04-03,toys,7,272.28,GBP,United States
ORD-42-0000446,CUST-000459,2025-04-02,toys,2,$55.58,EUR,United States
ORD-42-0000447,CUST-000341,2025-07-04,apparel,10,23.1,RWF,Ghana
ORD-42-0000448,CUST-000495,2025-05-26,electronics,1,50.2,EUR,united kingdom
ORD-42-0000449,CUST-000383,2025-04-11,toys,10,344.14,EUR,Germany
ORD-42-0000450,CUST-000192,2025-06-15,grocery,10,345.53,EUR,Ghana
ORD-42-0000451,CUST-000013,2025-04-29,electronics,5,208.57,USD,Rwanda
ORD-42-0000452,CUST-000426,2025-10-21,home,5,172.19,EUR,United Kingdom
ORD-42-0000453,  CUST-000248  ,2025-07-07,grocery,2,219.64,RWF,Ghana
ORD-42-0000454,CUST-000035,2025-08-01,electronics,2,12.27,GBP,United States
ORD-42-0000455,CUST-000056,2025-01-20,apparel,4,258.48,KES,
ORD-42-0000456,CUST-000170,2025-03-21,grocery,8,116.7,RWF,United States
ORD-42-0000457,CUST-000095,2025-09-28,sports,7,198.4,KES,Kenya
,CUST-000231,2025-03-04,grocery,7,3.22,EUR,Kenya
ORD-42-0000459,CUST-000143,2029-06-21,electronics,10,51.77,KES,Kenya
ORD-42-0000460,CUST-000188,2025-07-19,apparel,8,57.86,RWF,united kingdom
ORD-42-0000461,CUST-000495,2025-02-08,home,10,194.93,RWF,United Kingdom
ORD-42-0000462,CUST-000059,2025-07-07,home,8,309.06,GBP,United Kingdom
ORD-42-0000463,CUST-000303,2025-11-19,sports,3,157.28,EUR,Ghana
ORD-42-0000464,CUST-000060,2025-09-30,home,3,255.9,RWF,United Kingdom
ORD-42-0000888,CUST-000071,2025-03-13,grocery,7,93.69,KES,United States
ORD-42-0000466,CUST-000471,2025-02-05,apparel,9,84.27,GBP,kenya
ORD-42-0000467,CUST-000096,2025-07-24,grocery,10,27.75,GBP,Rwanda
ORD-42-0000226,CUST-000249,2025-10-24,apparel,7,481.95,KES,United States
ORD-42-0000469,CUST-000254,2025-06-06,sports,8,208.4,RWF,Germany
ORD-42-0000470,CUST-000086,2025-11-20,toys,1,398.14,EUR,Ghana
ORD-42-0000471,CUST-000017,2025-08-14,apparel,9,145.05,RWF,United Kingdom
ORD-42-0000472,CUST-000381,2025-04-23,toys,9,57.49,USD,
ORD-42-0000473,CUST-000397,2025-03-29,home,9,411.48,USD,United States
ORD-42-0000474,,2025-03-28,apparel,7,52.11,EUR,Ghana
ORD-42-0000475,CUST-000448,2025-12-16,grocery,5,174.94,USD,Germany
ORD-42-0000476,CUST-000444,2025-11-02,apparel,4,405.54,KES,United States
ORD-42-0000477,CUST-000180,2025-01-03,toys,7,83.82,EUR,Kenya
ORD-42-0000478,CUST-000417,2025-09-18,electronics,10,176.06,GBP,United Kingdom
ORD-42-0002876,CUST-000276,2025-10-07,home,5,145.38,GBP,United Kingdom
ORD-42-0003855,CUST-000461,2025-01-19,electronics,3,481.42,RWF,Rwanda
ORD-42-0000481,CUST-000142,2025-01-31,apparel,3,125.59,GBP,Kenya
ORD-42-0000482,,2025-01-20,grocery,8,71.94,GBP,United States
ORD-42-0000483,CUST-000213,2025-06-23,grocery,2,317.18,USD,Germany
ORD-42-0000484,CUST-000264,2025-08-12,sports,6,227.89,RWF,Ghana
ORD-42-0000485,CUST-000298,2025-12-31,sports,2,365.74,RWF,United States
ORD-42-0000486,CUST-000341,2025-01-09,home,2,398.04,RWF,Kenya
ORD-42-0000487,CUST-000496,2025-05-27,apparel,8,135.0,GBP,Ghana
ORD-42-0000488,CUST-000281,2025-03-12,apparel,10,"426,36",GBP,United States
ORD-42-0000489,CUST-000391,2025-12-08,electronics,2,313.46,RWF,Rwanda
ORD-42-0000490,CUST-000064,2025-10-13,grocery,8,1.34,RWF,  Kenya  
ORD-42-0000491,CUST-000353,2025-10-26,sports,5,80.33,GBP,rwanda
ORD-42-0000492,CUST-000336,2025-07-01,home,2,186.55,EUR,Rwanda
ORD-42-0000493,CUST-000203,2025-02-15,home,4,$215.19,USD,
ORD-42-0000494,CUST-000049,2026-01-01,apparel,8,39.89,KES,Kenya
ORD-42-0000495,CUST-000266,2025-01-18,grocery,1,5.02,GBP,Rwanda
ORD-42-0001213,CUST-000441,2025-05-30,unobtainium,3,239.37,EUR,Germany
ORD-42-0000497,CUST-000046,2025-11-10,electronics,6,184.41,GBP,Kenya
ORD-42-0000498,CUST-000196,2025-10-25,unobtainium,3,35.14,KES,Rwanda
,CUST-000313,2025-02-03,apparel,8,176.24,EUR,United States
ORD-42-0000500,CUST-000384,2025-10-16,grocery,10,343.6,EUR,Rwanda
ORD-42-0000501,CUST-000460,2025-11-11,apparel,2,295.2,RWF,Ghana
ORD-42-0000502,CUST-000494,2025-05-27,home,3,124.65,USD,Kenya
ORD-42-0000503,CUST-000284,2025-02-28,toys,10,143.18,USD,United States
ORD-42-0000504,CUST-000449,2025-07-31,apparel,9,303.86,EUR,United States
ORD-42-0000505,CUST-000201,2025-08-03,sports,1,392.12,EUR,
ORD-42-0000506,CUST-000198,2025-11-05,apparel,8,319.4,USD,UNITED KINGDOM
ORD-42-0000507,CUST-000456,2025-12-26,home,6,66.86,KES,Germany
ORD-42-0000508,CUST-000188,2025-03-28,sports,3,381.6,USD,Rwanda
ORD-42-0000509,CUST-000301,2025-11-28,electronics,5,108.66,USD,Germany
ORD-42-0000510,CUST-000260,2025-08-08,sports,-9,383.79,RWF,United States
ORD-42-0000511,CUST-000206,2025-11-20,sports,9,269.29,EUR,Ghana
ORD-42-0000512,CUST-000043,2025-07-27,electronics,9,460.54,EUR,United Kingdom
ORD-42-0000513,CUST-000168,2025-06-15,toys,2,155.77,RWF,United States
ORD-42-0000514,CUST-000489,2025-09-01,electronics,4,44.02,RWF,Rwanda
ORD-42-0000515,CUST-000233,2025-02-22,toys,1,155.34,EUR,Rwanda
ORD-42-0000516,CUST-000007,2025-01-04,apparel,1,82.75,GBP,United Kingdom
ORD-42-0000517,CUST-000265,not-a-date,apparel,6,64.34,GBP,United States
ORD-42-0000518,CUST-000454,2025-11-02,electronics,6,403.75,GBP,United Kingdom
ORD-42-0000519,CUST-000033,2025-08-20,sports,10,314.14,RWF,Germany
ORD-42-0000520,,2025-07-01,unobtainium,8,429.82,EUR,Ghana
ORD-42-0000521,CUST-000081,2025-08-24,electronics,10,337.39,USD,Kenya
ORD-42-0000522,CUST-000380,2025-04-16,electronics,1,429.49,USD,
ORD-42-0000523,CUST-000024,2025-05-05,home,7,460.19,EUR,Rwanda
ORD-42-0000524,,2025-01-01,sports,7,113.03,EUR,Germany
ORD-42-0000525,CUST-000469,2025-07-22,home,2,286.2,USD,United Kingdom
ORD-42-0000526,CUST-000345,2025-12-06,apparel,-4,402.36,USD,Germany
ORD-42-0000527,CUST-000036,2025-05-08,home,5,164.32,KES,Germany
ORD-42-0000528,CUST-000005,2025-06-27,apparel,5,282.34,GBP,United States
ORD-42-0000529,CUST-000319,2025-08-30,grocery,6,296.25,RWF,Kenya
ORD-42-0000530,CUST-000376,2025-03-28,apparel,3,4.18,RWF,Rwanda
ORD-42-0000531,CUST-000120,2025-03-30,home,1,475.54,USD,  United States  
ORD-42-0000532,CUST-000193,2025-07-28,electronics,4,265.38,EUR,Germany
ORD-42-0000533,CUST-000252,2025-12-02,apparel,5,47.42,EUR,United Kingdom
ORD-42-0000534,CUST-000212,2025-01-08,home,8,487.3,USD,United Kingdom
ORD-42-0000535,CUST-000049,2025-04-18,apparel,7,$38.34,KES,Rwanda
ORD-42-0000536,CUST-000223,2025-01-27,apparel,4,146.55,GBP,Germany
ORD-42-0000537,CUST-000359,2025-07-18,home,8,136.71,USD,Kenya
ORD-42-0000538,CUST-000070,2025-03-08,  unobtainium  ,3,53.72,RWF,Germany
ORD-42-0000539,CUST-000161,2025-06-07,electronics,9,179.79,EUR,Germany
ORD-42-0000540,CUST-000158,2025-05-09,home,2,46.12,GBP,United States
ORD-42-0000541,CUST-000357,2025-02-27,electronics,4,418.13,GBP,Kenya
,CUST-000047,2025-01-02,apparel,6,198.73,USD,United States
ORD-42-0000543,CUST-000154,2025-08-21,apparel,1,476.1,RWF,United Kingdom
ORD-42-0000544,CUST-000384,2025-03-26,apparel,2,231.56,EUR,Rwanda
ORD-42-0000545,CUST-000007,2025-12-01,apparel,3,99.87,RWF,Ghana
ORD-42-0000546,CUST-000352,2025-02-13,sports,2,291.58,GBP,Rwanda
ORD-42-0000547,CUST-000012,2025-11-29,apparel,8,404.84,USD,Ghana
ORD-42-0000548,CUST-000063,2025-12-11,grocery,1,84.83,KES,Germany
ORD-42-0000549,CUST-000421,2025-06-13,grocery,1,191.98,RWF,kenya
ORD-42-0000550,CUST-000182,2025-09-14,apparel,5,140.65,EUR,Rwanda
ORD-42-0000551,CUST-000315,2025-02-18,toys,4,323.99,RWF,Germany
ORD-42-0000552,,2025-03-26,grocery,1,44.77,RWF,Kenya
ORD-42-0000553,CUST-000215,2025-09-21,sports,9,125.32,KES,Rwanda
ORD-42-0000554,CUST-000196,2025-01-01,home,8,272.71,RWF,Ghana
ORD-42-0000555,CUST-000468,2025-03-18,toys,6,194.8,EUR,Rwanda
ORD-42-0004966,CUST-000164,2025-03-02,apparel,1,447.99,GBP,Rwanda
ORD-42-0000557,CUST-000415,2025-05-05,toys,6,383.65,EUR,Kenya
ORD-42-0000558,CUST-000052,2025-08-28,sports,4,134.0,USD,Kenya
ORD-42-0000559,CUST-000295,2025-06-17,home,3,88.87,KES,GHANA
ORD-42-0000560,CUST-000413,2033-09-06,home,10,15.08,GBP,United Kingdom
ORD-42-0002712,CUST-000289,2025-10-21,toys,4,418.51,RWF,United Kingdom
ORD-42-0000562,CUST-000159,2025-10-04,unobtainium,1,$46.04,EUR,United Kingdom
ORD-42-0000003,CUST-000113,2025-12-22,toys,8,1.34,KES,Kenya
ORD-42-0000564,CUST-000413,2025-10-27,home,3,$459.47,GBP,Rwanda
ORD-42-0000565,CUST-000012,2025-10-18,toys,3,387.41,KES,
ORD-42-0000566,,2025-11-25,home,7,293.42,GBP,Ghana
ORD-42-0000567,CUST-000166,2025-10-24,apparel,7,396.13,RWF,United States
ORD-42-0000568,CUST-000163,2025-10-04,sports,9,347.09,KES,Ghana
,CUST-000115,2025-01-26,toys,3,189.81,GBP,Kenya
ORD-42-0000570,CUST-000091,2026-01-01,sports,10,196.41,KES,RWANDA
ORD-42-0000571,CUST-000094,2025-02-27,home,10,"111,23",KES,Rwanda
ORD-42-0000572,CUST-000480,2025-04-22,apparel,6,372.93,EUR,Ghana
ORD-42-0000573,CUST-000164,2025-10-08,sports,2,411.01,GBP,Germany
ORD-42-0000574,CUST-000006,2025-08-19,apparel,4,346.89,GBP,Ghana
ORD-42-0000575,CUST-000403,2025-11-07,sports,1,25.03,RWF,United States
ORD-42-0000576,CUST-000215,2025-10-08,grocery,8,441.0,GBP,United Kingdom
ORD-42-0000577,CUST-000193,2025-11-11,grocery,10,325.83,EUR,Kenya
ORD-42-0000578,CUST-000232,2025-11-25,electronics,5,11.02,GBP,Rwanda
ORD-42-0000579,CUST-000038,2025-07-10,apparel,7,81.29,USD,United Kingdom
ORD-42-0002057,CUST-000483,2025-11-15,home,10,492.65,RWF,United States
ORD-42-0000581,,2025-05-26,sports,3,304.05,RWF,Kenya
ORD-42-0000582,CUST-000028,2025-11-11,home,4,487.22,RWF,United States
ORD-42-0000583,CUST-000284,2025-03-31,home,5,$149.40,USD,Rwanda
,CUST-000202,2025-03-15,toys,8,"77,64",GBP,Rwanda
ORD-42-0000585,CUST-000219,2025-11-18,home,10,240.68,USD,Rwanda
ORD-42-0000586,CUST-000106,2025-10-06,sports,5,488.55,RWF,Rwanda
ORD-42-0000587,CUST-000158,2025-06-12,grocery,8,447.54,GBP,Rwanda
ORD-42-0000588,CUST-000329,2025-03-29,grocery,3,186.14,RWF,Ghana
ORD-42-0000589,CUST-000096,2025-05-18,electronics,5,220.43,GBP,Kenya
ORD-42-0000590,CUST-000429,2025-08-17,toys,1,76.41,USD,rwanda
ORD-42-0000591,CUST-000343,2025-07-09,toys,7,485.38,KES,Kenya
ORD-42-0000592,CUST-000284,2025-12-01,grocery,9,209.9,KES,United States
ORD-42-0000593,CUST-000444,2025-05-03,toys,4,238.65,USD,Germany
ORD-42-0002422,CUST-000463,2025-01-01,electronics,9,286.04,KES,United Kingdom
ORD-42-0000595,CUST-000347,2025-02-18,apparel,2,474.68,RWF,Kenya
ORD-42-0000596,CUST-000486,2025-10-08,apparel,-4,63.97,RWF,Rwanda
ORD-42-0000597,CUST-000350,2025-05-24,apparel,3,417.22,GBP,  Ghana  
ORD-42-0000598,CUST-000467,2025-11-28,electronics,7,278.63,KES,
ORD-42-0000599,CUST-000439,2025-08-13,toys,8,458.66,USD,United States
ORD-42-0003105,CUST-000320,2025-03-07,toys,7,57.15,EUR,Kenya
ORD-42-0000601,CUST-000291,2025-03-06,toys,2,462.54,KES,Rwanda
ORD-42-0000602,  CUST-000403  ,2025-08-08,unobtainium,6,439.07,GBP,Germany
ORD-42-0000603,CUST-000336,2025-04-28,toys,10,237.05,EUR,Ghana
ORD-42-0000604,  CUST-000207  ,2025-10-20,toys,10,340.73,RWF,Rwanda
ORD-42-0000605,CUST-000203,2025-07-16,sports,4,25.6,RWF,Ghana
ORD-42-0000606,CUST-000460,2025-06-25,  electronics  ,6,$408.88,GBP,Ghana
ORD-42-0000607,CUST-000144,2025-04-25,  sports  ,2,486.28,EUR,kenya
ORD-42-0000608,CUST-000154,2025-05-20,home,5,364.67,KES,United States
ORD-42-0000609,CUST-000046,2025-09-27,grocery,4,456.8,RWF,United States
ORD-42-0000610,CUST-000249,2025-04-12,home,1,258.12,EUR,Rwanda
ORD-42-0000611,CUST-000160,2025-01-03,toys,7,68.69,KES,United Kingdom
ORD-42-0000612,CUST-000015,2032-08-15,apparel,4,418.65,EUR,Rwanda
ORD-42-0000613,CUST-000234,2025-12-07,home,4,137.71,RWF,United Kingdom
ORD-42-0000614,CUST-000204,2025-02-10,electronics,1,$121.73,RWF,United Kingdom
ORD-42-0000615,CUST-000229,2025-10-03,grocery,10,276.12,GBP,Kenya
ORD-42-0000616,CUST-000429,not-a-date,sports,2,143.25,RWF,Rwanda
ORD-42-0001266,CUST-000084,2025-03-15,apparel,4,324.04,EUR,ghana
ORD-42-0000618,CUST-000334,2025-06-06,toys,1,432.45,USD,Germany
ORD-42-0000619,CUST-000467,2025-10-26,sports,3,300.97,USD,Kenya
ORD-42-0000620,CUST-000130,2025-02-24,home,5,212.48,RWF,Ghana
ORD-42-0000621,CUST-000236,2025-08-25,apparel,8,151.77,KES,United Kingdom
ORD-42-0000622,CUST-000204,2025-03-08,electronics,1,$256.25,GBP,United Kingdom
ORD-42-0000623,CUST-000332,2025-03-03,toys,5,149.94,USD,Germany
ORD-42-0000624,CUST-000033,2025-07-13,home,6,430.88,GBP,United States
ORD-42-0000625,CUST-000365,2025-02-02,home,4,75.81,EUR,RWANDA
ORD-42-0000626,CUST-000413,2025-02-28,grocery,6,340.7,USD,United States
ORD-42-0000627,CUST-000255,2025-08-03,home,7,202.89,USD,United Kingdom
ORD-42-0000628,CUST-000363,2025-03-15,apparel,6,363.55,EUR,united states
ORD-42-0000629,CUST-000274,2025-02-09,grocery,6,254.15,EUR,United States
ORD-42-0000630,CUST-000449,2025-03-22,apparel,5,49.7,EUR,United States
ORD-42-0000631,CUST-000133,2025-03-21,apparel,6,327.56,EUR,Ghana
ORD-42-0000632,CUST-000115,2025-07-28,grocery,6,186.47,KES,Ghana
ORD-42-0000633,CUST-000238,2025-11-02,grocery,1,433.33,KES,United Kingdom
ORD-42-0000634,CUST-000484,2025-02-18,electronics,-8,444.82,KES,Rwanda
ORD-42-0000635,CUST-000445,2025-01-18,grocery,9,149.88,USD,Kenya
ORD-42-0000636,CUST-000071,2025-09-21,home,7,493.61,RWF,Kenya
ORD-42-0000637,CUST-000162,2025-10-01,electronics,8,166.98,EUR,ghana
ORD-42-0000638,CUST-000325,2025-12-03,electronics,8,137.49,EUR,United Kingdom
ORD-42-0000639,CUST-000392,2025-10-12,grocery,2,65.57,RWF,
ORD-42-0000640,CUST-000220,2025-06-09,grocery,8,192.27,USD,United Kingdom
ORD-42-0000641,CUST-000103,2025-06-24,electronics,6,378.67,KES,Kenya
ORD-42-0000642,CUST-000010,2025-01-20,electronics,4,113.91,GBP,Ghana
ORD-42-0000643,CUST-000067,2025-11-10,grocery,9,294.75,EUR,Rwanda
ORD-42-0000644,CUST-000422,2025-12-09,home,5,228.51,KES,UNITED KINGDOM
,,2025-07-13,grocery,3,172.02,RWF,Ghana
ORD-42-0000646,  CUST-000385  ,2025-09-27,apparel,7,10.54,EUR,United States
ORD-42-0000647,CUST-000068,2025-09-15,sports,1,295.26,EUR,Rwanda
ORD-42-0000648,CUST-000188,2025-01-02,sports,1,188.22,GBP,United Kingdom
ORD-42-0000649,CUST-000320,2025-12-08,toys,1,331.32,USD,Rwanda
ORD-42-0000650,CUST-000354,2025-11-03,grocery,8,190.75,KES,Ghana
ORD-42-0000651,CUST-000243,2025-01-07,apparel,4,347.9,USD,Ghana
ORD-42-0000652,CUST-000216,2025-01-28,electronics,9,135.72,KES,United States
,CUST-000071,2025-06-01,electronics,9,359.66,USD,Ghana
ORD-42-0000654,CUST-000059,2025-11-08,grocery,4,304.89,GBP,United Kingdom
ORD-42-0000655,CUST-000499,2025-09-20,home,7,148.38,USD,United Kingdom
ORD-42-0003559,CUST-000255,2025-09-17,sports,8,165.97,USD,Rwanda
ORD-42-0000657,CUST-000344,2028-12-06,electronics,10,334.84,EUR,
ORD-42-0000658,CUST-000400,2025-04-15,electronics,2,"452,48",EUR,Germany
ORD-42-0000659,CUST-000152,2025-08-19,grocery,1,50.8,EUR,Rwanda
ORD-42-0000660,CUST-000437,2025-08-06,home,-6,213.57,USD,Rwanda
ORD-42-0000661,CUST-000436,2025-12-09,unobtainium,3,332.01,EUR,Ghana
ORD-42-0000662,CUST-000184,2025-05-22,toys,5,439.36,USD,Ghana
ORD-42-0000663,CUST-000418,2025-07-10,apparel,2,200.99,RWF,Ghana
ORD-42-0000664,CUST-000428,2025-06-18,sports,8,400.15,EUR,Rwanda
ORD-42-0000665,  CUST-000068  ,2025-01-10,sports,1,$490.80,EUR,Rwanda
ORD-42-0000666,CUST-000214,2025-03-05,grocery,10,339.52,EUR,United Kingdom
ORD-42-0000667,CUST-000195,2025-07-02,toys,1,431.43,EUR,Germany
ORD-42-0000668,CUST-000472,2025-04-27,electronics,7,220.9,USD,ghana
ORD-42-0000669,CUST-000336,2025-07-25,electronics,9,384.0,KES,United States
ORD-42-0000670,CUST-000290,2025-09-09,sports,6,$260.03,KES,
ORD-42-0000013,CUST-000222,2025-01-28,sports,4,241.48,RWF,Kenya
ORD-42-0000672,CUST-000430,2025-03-22,toys,1,6.81,EUR,United Kingdom
ORD-42-0000673,CUST-000435,2025-05-06,grocery,3,38.36,RWF,Ghana
ORD-42-0000674,CUST-000124,2025-07-16,home,1,253.96,KES,United States
ORD-42-0000675,CUST-000194,2025-06-09,apparel,2,230.09,KES,Germany
ORD-42-0000676,CUST-000046,2025-04-21,grocery,6,60.23,RWF,United States
ORD-42-0000677,CUST-000335,2025-12-23,electronics,7,206.76,KES,United Kingdom
ORD-42-0000678,CUST-000001,2025-11-16,toys,10,319.13,KES,United Kingdom
ORD-42-0000679,CUST-000106,2025-01-31,sports,8,475.23,GBP,Rwanda
ORD-42-0000680,CUST-000419,2025-09-09,grocery,6,280.52,KES,United Kingdom
ORD-42-0000681,CUST-000243,2025-01-30,home,8,57.9,EUR,Rwanda
ORD-42-0000682,CUST-000175,2025-07-04,sports,5,274.3,GBP,United States
ORD-42-0000683,CUST-000055,2025-12-09,apparel,8,71.08,RWF,Rwanda
ORD-42-0000684,CUST-000131,2025-02-23,apparel,4,61.25,RWF,Kenya
ORD-42-0000685,CUST-000235,2025-09-26,sports,6,54.78,RWF,Rwanda
ORD-42-0000686,CUST-000475,2025-02-11,sports,10,62.49,RWF,Germany
ORD-42-0000687,CUST-000338,2025-03-06,toys,3,$481.96,USD,United Kingdom
ORD-42-0000688,CUST-000377,2025-12-08,toys,7,419.57,RWF,United Kingdom
ORD-42-0000689,CUST-000400,2025-10-03,sports,10,87.65,EUR,Rwanda
ORD-42-0000690,CUST-000199,2025-01-30,toys,10,441.47,KES,germany
ORD-42-0000691,CUST-000215,2025-02-24,sports,4,137.52,GBP,Ghana
ORD-42-0000692,CUST-000232,2025-10-25,apparel,7,301.66,KES,Ghana
ORD-42-0000693,CUST-000432,2025-01-07,toys,6,356.23,KES,United States
ORD-42-0000694,CUST-000112,2025-09-21,apparel,10,357.48,GBP,United States
ORD-42-0000695,CUST-000068,2025-01-03,sports,3,252.44,GBP,UNITED STATES
ORD-42-0000696,CUST-000060,2025-07-05,toys,8,291.82,RWF,United States
ORD-42-0000697,CUST-000383,2025-04-03,home,7,$404.34,KES,Rwanda
ORD-42-0000698,CUST-000013,2025-06-20,apparel,1,335.46,EUR,Ghana
ORD-42-0000699,CUST-000385,2025-10-11,home,5,74.07,USD,UNITED STATES
ORD-42-0000700,CUST-000402,2025-08-03,apparel,9,17.12,RWF,Rwanda
ORD-42-0000701,,2025-01-21,sports,9,$432.56,KES,Germany
ORD-42-0000702,CUST-000122,2025-04-15,sports,5,346.78,USD,Germany
ORD-42-0000703,CUST-000199,2025-06-02,sports,6,482.95,USD,Rwanda
ORD-42-0000704,CUST-000381,2025-08-26,apparel,10,434.56,RWF,Kenya
ORD-42-0000705,CUST-000467,2025-02-11,sports,6,377.8,KES,United States
ORD-42-0000706,CUST-000309,2025-09-23,sports,4,147.79,EUR,  United States  
ORD-42-0000707,CUST-000039,2025-09-28,apparel,9,60.56,USD,Germany
ORD-42-0000708,CUST-000143,2025-03-23,home,3,81.3,GBP,Rwanda
ORD-42-0000709,CUST-000170,2025-05-08,sports,3,$20.93,GBP,United Kingdom
ORD-42-0000710,CUST-000027,2025-02-15,toys,5,245.78,KES,United Kingdom
ORD-42-0000711,CUST-000184,2025-11-25,sports,6,263.17,EUR,United Kingdom
,CUST-000035,2025-04-18,apparel,7,272.0,RWF,Rwanda
ORD-42-0000713,CUST-000179,2025-09-10,apparel,6,166.2,GBP,Kenya
ORD-42-0000714,CUST-000487,2025-02-19,toys,8,498.32,USD,Rwanda
ORD-42-0000715,CUST-000343,2025-07-08,grocery,4,452.34,KES,United Kingdom
ORD-42-0000716,CUST-000125,2025-12-12,sports,6,191.3,USD,Germany
ORD-42-0000717,CUST-000132,2025-03-31,sports,5,13.33,KES,Ghana
ORD-42-0000718,CUST-000264,2025-04-16,grocery,8,22.88,EUR,Ghana
ORD-42-0000719,CUST-000264,2025-11-20,electronics,3,485.84,KES,  United Kingdom  
ORD-42-0000720,CUST-000004,2025-02-15,electronics,4,335.5,EUR,United States
ORD-42-0000721,CUST-000218,2025-11-09,apparel,9,"414,55",RWF,UNITED STATES
ORD-42-0000722,CUST-000419,2025-11-26,sports,3,12.85,GBP,Rwanda
ORD-42-0000723,CUST-000045,2025-11-25,electronics,3,397.31,KES,Rwanda
ORD-42-0000724,CUST-000295,2025-09-07,home,7,194.63,RWF,Germany
ORD-42-0000725,CUST-000162,2025-12-24,grocery,2,267.88,KES,Rwanda
ORD-42-0000726,CUST-000388,2025-03-08,electronics,2,179.49,KES,Rwanda
ORD-42-0000727,CUST-000149,2025-01-15,home,10,44.17,RWF,Germany
ORD-42-0000728,CUST-000203,2025-01-28,electronics,8,79.01,EUR,Kenya
ORD-42-0000729,CUST-000383,2025-06-15,toys,5,480.11,EUR,Ghana
ORD-42-0000730,CUST-000347,2025-02-04,home,1,277.21,KES,Kenya
ORD-42-0000731,CUST-000064,2025-12-11,electronics,10,298.73,KES,United Kingdom
ORD-42-0000732,CUST-000485,2025-11-19,home,4,374.4,GBP,Kenya
ORD-42-0000733,CUST-000212,2025-02-05,toys,3,81.32,EUR,United Kingdom
ORD-42-0000734,CUST-000428,2025-08-25,apparel,2,91.5,KES,Rwanda
ORD-42-0000735,CUST-000436,2025-03-26,grocery,9,37.5,USD,Ghana
ORD-42-0000736,CUST-000051,2025-09-22,sports,10,244.11,GBP,Ghana
ORD-42-0000737,CUST-000066,2025-01-23,  sports  ,4,50.92,KES,Rwanda
ORD-42-0000738,CUST-000461,not-a-date,home,8,225.87,KES,United States
ORD-42-0000739,CUST-000157,not-a-date,toys,3,283.21,GBP,ghana
ORD-42-0000740,CUST-000491,2031-01-14,apparel,1,157.29,EUR,United States
ORD-42-0000741,CUST-000379,2025-02-07,grocery,5,420.21,EUR,United States
ORD-42-0000742,CUST-000376,2025-07-16,grocery,8,223.23,GBP,Germany
ORD-42-0000743,CUST-000283,2025-11-07,apparel,10,41.9,GBP,Kenya
ORD-42-0000744,,2025-04-01,apparel,5,367.04,USD,
ORD-42-0000745,CUST-000039,2025-12-23,toys,1,406.51,KES,Germany
ORD-42-0000746,CUST-000394,2025-03-05,apparel,1,276.25,KES,United Kingdom
ORD-42-0000747,CUST-000242,2025-02-01,apparel,6,"196,86",KES,UNITED STATES
ORD-42-0000748,CUST-000439,2025-08-06,apparel,8,"251,06",USD,Germany
ORD-42-0000749,CUST-000187,2025-04-19,electronics,4,424.14,KES,United States
ORD-42-0000750,CUST-000085,2025-04-13,unobtainium,8,80.45,KES,United Kingdom
ORD-42-0000751,CUST-000338,2025-10-19,sports,8,469.65,USD,KENYA
ORD-42-0000752,CUST-000390,2025-04-27,apparel,2,132.91,EUR,Rwanda
ORD-42-0000753,CUST-000343,2025-09-18,toys,6,194.66,RWF,Rwanda
ORD-42-0000754,CUST-000021,2025-02-03,home,2,352.16,KES,United States
ORD-42-0000755,CUST-000425,2025-08-14,sports,5,289.74,KES,Kenya
ORD-42-0000756,CUST-000193,2025-02-01,grocery,6,294.25,USD,United Kingdom
ORD-42-0000757,CUST-000129,2025-06-23,apparel,9,203.52,GBP,Germany
ORD-42-0000758,CUST-000406,2025-04-30,toys,1,251.42,EUR,Germany
,CUST-000085,2025-09-06,electronics,9,322.1,EUR,Kenya
ORD-42-0000760,CUST-000096,2025-10-13,home,10,358.93,USD,United States
ORD-42-0000761,CUST-000118,2025-06-03,home,2,241.28,RWF,Germany
ORD-42-0000762,CUST-000108,2025-03-05,apparel,7,$12.20,USD,Kenya
ORD-42-0000763,CUST-000294,2025-03-04,apparel,3,"315,14",USD,united kingdom
ORD-42-0002721,CUST-000076,2025-12-04,apparel,5,461.3,KES,Germany
ORD-42-0000765,CUST-000307,2025-03-19,  sports  ,1,439.38,GBP,Rwanda
ORD-42-0000766,CUST-000111,2025-05-17,toys,8,433.78,EUR,Kenya
,CUST-000426,2025-06-05,toys,3,397.51,EUR,United Kingdom
ORD-42-0000768,CUST-000338,2025-04-15,home,3,362.37,GBP,Germany
ORD-42-0000769,CUST-000306,2025-03-05,electronics,4,189.73,EUR,Rwanda
ORD-42-0000770,CUST-000009,2025-09-20,toys,9,342.5,EUR,United Kingdom
ORD-42-0000771,CUST-000050,2025-10-03,grocery,10,300.31,KES,United Kingdom
ORD-42-0000079,CUST-000386,2025-11-02,electronics,8,330.04,KES,United Kingdom
ORD-42-0000773,CUST-000424,2026-01-01,sports,7,261.5,GBP,Rwanda
ORD-42-0000774,CUST-000358,2025-04-05,grocery,4,469.27,RWF,Germany
ORD-42-0000775,CUST-000180,2025-03-06,sports,10,49.76,EUR,Ghana
ORD-42-0000776,CUST-000245,2025-09-04,electronics,5,299.55,KES,Germany
ORD-42-0000777,CUST-000132,2025-09-27,electronics,1,289.42,USD,United Kingdom
ORD-42-0000778,CUST-000004,2025-06-23,sports,4,344.2,GBP,germany
ORD-42-0000779,CUST-000186,2025-11-08,apparel,7,326.14,GBP,Ghana
ORD-42-0000780,CUST-000438,2025-04-02,grocery,10,183.46,GBP,United States
ORD-42-0000781,CUST-000204,2025-09-19,grocery,9,392.11,RWF,Kenya
ORD-42-0000782,CUST-000190,2025-03-21,toys,8,127.64,GBP,United Kingdom
ORD-42-0000783,CUST-000177,2025-01-05,grocery,3,427.64,USD,United States
ORD-42-0000784,CUST-000118,2025-05-18,sports,3,51.04,KES,Germany
ORD-42-0000785,CUST-000403,2025-07-12,toys,10,348.83,USD,Kenya
ORD-42-0000786,CUST-000200,2025-02-10,electronics,2,411.8,RWF,United Kingdom
ORD-42-0000787,CUST-000223,2025-11-17,electronics,5,111.66,USD,United Kingdom
ORD-42-0000788,CUST-000020,2025-06-19,grocery,10,328.43,GBP,United States
ORD-42-0000789,CUST-000494,2025-03-02,electronics,3,320.51,RWF,Rwanda
ORD-42-0000790,CUST-000104,2025-01-30,toys,5,98.18,KES,United Kingdom
ORD-42-0000791,CUST-000265,2025-01-09,apparel,10,85.57,USD,ghana
,  CUST-000123  ,2025-01-31,electronics,3,44.33,GBP,Germany
ORD-42-0000793,  CUST-000181  ,2025-01-24,grocery,7,293.45,KES,Rwanda
ORD-42-0000916,CUST-000378,2025-01-06,electronics,2,275.25,KES,United Kingdom
ORD-42-0000795,CUST-000179,not-a-date,home,4,303.58,EUR,Germany
ORD-42-0000796,CUST-000477,not-a-date,toys,1,131.29,RWF,United Kingdom
ORD-42-0000797,CUST-000055,2025-03-21,electronics,9,147.83,USD,United Kingdom
ORD-42-0000798,CUST-000490,2025-08-23,toys,10,125.82,RWF,Germany
ORD-42-0000799,CUST-000289,2025-04-29,apparel,6,480.66,RWF,United States
ORD-42-0000800,CUST-000236,2025-03-07,electronics,8,59.02,USD,Germany
ORD-42-0000801,CUST-000325,2025-09-11,sports,4,400.28,RWF,Ghana
ORD-42-0001450,CUST-000265,2025-04-02,electronics,5,124.88,USD,Germany
ORD-42-0000803,CUST-000345,2025-07-10,electronics,9,465.77,RWF,Ghana
ORD-42-0000804,CUST-000182,2025-09-12,toys,5,92.21,EUR,Germany
ORD-42-0000805,CUST-000378,2025-09-21,apparel,4,436.5,EUR,Kenya
ORD-42-0004526,CUST-000104,2032-09-02,toys,6,78.84,USD,Rwanda
ORD-42-0000807,CUST-000472,2025-11-22,sports,8,307.3,KES,Rwanda
ORD-42-0000808,CUST-000435,2025-04-30,home,10,158.39,KES,Ghana
ORD-42-0000809,CUST-000252,2025-09-30,toys,5,199.54,KES,Kenya
ORD-42-0000810,CUST-000028,2025-04-07,grocery,8,469.89,USD,United Kingdom
ORD-42-0000811,CUST-000178,not-a-date,sports,3,229.14,USD,United States
ORD-42-0000812,CUST-000266,2025-05-11,home,1,$6.90,EUR,germany
ORD-42-0000813,CUST-000298,2025-11-11,unobtainium,6,306.78,GBP,Kenya
ORD-42-0000814,CUST-000281,2025-08-20,apparel,5,236.2,KES,Ghana
ORD-42-0000815,CUST-000188,2025-09-29,grocery,7,106.06,GBP,Ghana
ORD-42-0000816,CUST-000438,2032-12-01,home,8,90.76,EUR,United Kingdom
ORD-42-0000817,CUST-000352,2025-09-06,electronics,5,402.24,KES,Germany
ORD-42-0000818,CUST-000439,2025-06-20,apparel,3,400.22,EUR,Germany
ORD-42-0003444,CUST-000413,2025-12-28,apparel,7,250.3,KES,United Kingdom
ORD-42-0000820,CUST-000369,2025-07-24,grocery,5,126.24,KES,Rwanda
ORD-42-0000821,CUST-000204,2025-11-12,sports,3,30.96,GBP,Germany
ORD-42-0000822,CUST-000430,2028-01-18,electronics,8,372.55,GBP,Ghana
ORD-42-0000823,CUST-000185,2029-06-09,toys,5,$172.73,RWF,Rwanda
ORD-42-0000824,CUST-000180,2025-01-19,toys,4,288.85,KES,Kenya
ORD-42-0000825,CUST-000400,2025-08-09,home,6,336.92,RWF,United States
ORD-42-0000826,CUST-000229,2025-11-22,grocery,10,143.98,EUR,Kenya
,CUST-000328,2025-07-13,grocery,10,286.25,USD,Rwanda
ORD-42-0000828,CUST-000083,2025-07-10,apparel,6,159.12,GBP,United States
ORD-42-0000829,CUST-000137,2025-02-26,sports,7,136.35,RWF,Ghana
ORD-42-0000830,CUST-000383,2025-03-07,toys,8,207.58,EUR,Rwanda
ORD-42-0000831,CUST-000065,2025-09-03,sports,5,470.28,USD,Kenya
ORD-42-0000832,CUST-000086,2025-06-12,electronics,2,32.83,RWF,United Kingdom
ORD-42-0000833,CUST-000028,2025-12-19,grocery,9,382.73,USD,Rwanda
ORD-42-0000834,CUST-000135,2025-02-19,apparel,2,$327.76,RWF,Ghana
ORD-42-0000835,CUST-000118,2025-08-28,sports,5,222.14,EUR,Kenya
ORD-42-0000836,CUST-000270,2025-10-06,electronics,1,332.11,GBP,Germany
,CUST-000240,2025-03-31,home,9,222.98,KES,Kenya
ORD-42-0000838,CUST-000303,2025-03-02,grocery,10,218.05,KES,Ghana
,CUST-000466,2025-07-08,grocery,9,114.34,USD,Germany
ORD-42-0000840,CUST-000158,2025-06-28,grocery,5,$78.70,USD,Rwanda
ORD-42-0000841,CUST-000268,2025-10-24,home,5,235.13,USD,United States
ORD-42-0000842,CUST-000473,2025-04-25,grocery,5,5.56,RWF,GHANA
ORD-42-0000843,CUST-000306,2025-09-05,electronics,9,187.45,RWF,United Kingdom
ORD-42-0000844,CUST-000224,2025-06-13,apparel,3,357.75,RWF,Germany
ORD-42-0000845,CUST-000113,2025-08-20,electronics,7,313.04,KES,United Kingdom
ORD-42-0000846,CUST-000414,2025-01-11,sports,5,143.05,KES,Ghana
ORD-42-0000847,CUST-000212,2025-09-27,electronics,3,69.18,USD,united states
ORD-42-0004187,CUST-000234,2025-02-19,grocery,5,350.54,RWF,KENYA
ORD-42-0000849,CUST-000165,2025-12-23,apparel,1,484.89,USD,Kenya
ORD-42-0000850,CUST-000498,2025-11-10,home,5,63.39,RWF,United States
ORD-42-0000851,CUST-000005,2025-09-04,electronics,3,8.35,EUR,Ghana
ORD-42-0000852,CUST-000216,2025-07-26,grocery,6,232.38,USD,Ghana
ORD-42-0000853,CUST-000042,2025-10-19,electronics,5,388.05,USD,United Kingdom
ORD-42-0000854,CUST-000241,2025-10-01,apparel,5,408.81,USD,Rwanda
ORD-42-0000855,CUST-000499,2025-01-01,apparel,7,385.84,RWF,Kenya
ORD-42-0000856,CUST-000378,2025-12-15,apparel,8,"367,93",USD,United Kingdom
ORD-42-0000857,CUST-000341,2025-09-17,grocery,7,341.04,GBP,Ghana
ORD-42-0000858,CUST-000082,2025-02-13,sports,1,372.62,KES,United Kingdom
ORD-42-0000859,CUST-000063,2025-08-25,grocery,5,100.16,USD,United States
ORD-42-0000860,CUST-000112,2025-11-05,apparel,7,162.93,EUR,Ghana
ORD-42-0000861,CUST-000300,2025-11-01,grocery,4,5.46,USD,United Kingdom
ORD-42-0000862,CUST-000402,2025-01-13,grocery,10,78.34,USD,Kenya
ORD-42-0000863,CUST-000081,2025-04-21,electronics,10,169.87,USD,Rwanda
ORD-42-0000864,CUST-000183,2025-02-05,apparel,9,$395.94,EUR,Germany
ORD-42-0000865,CUST-000120,2025-07-23,toys,6,402.96,RWF,United States
ORD-42-0000866,CUST-000099,2025-12-22,sports,7,179.73,EUR,Ghana
ORD-42-0000867,CUST-000461,2025-12-12,grocery,8,279.95,KES,united states
ORD-42-0000868,CUST-000251,2025-09-26,toys,3,272.27,GBP,United States
ORD-42-0000869,CUST-000240,2025-08-14,  toys  ,9,81.01,KES,Kenya
ORD-42-0000870,CUST-000231,2025-08-03,home,9,184.19,USD,United States
ORD-42-0000871,,2025-06-21,sports,3,441.58,KES,Ghana
ORD-42-0000872,CUST-000398,2025-02-18,apparel,6,360.78,KES,Germany
ORD-42-0000873,CUST-000098,2025-04-08,sports,-8,383.1,EUR,United Kingdom
ORD-42-0000874,CUST-000145,2025-07-20,grocery,6,56.12,KES,United States
ORD-42-0000875,CUST-000035,2025-12-10,apparel,3,436.87,EUR,Rwanda
ORD-42-0002324,CUST-000249,2025-09-25,electronics,1,285.94,RWF,United States
ORD-42-0000877,CUST-000251,2025-04-07,toys,10,128.71,GBP,Kenya
ORD-42-0000878,CUST-000311,2025-11-26,electronics,4,328.22,USD,Germany
ORD-42-0000879,CUST-000411,2025-02-08,electronics,6,279.45,RWF,Ghana
ORD-42-0000880,CUST-000407,2025-01-04,  electronics  ,10,133.64,USD,United States
ORD-42-0000881,CUST-000037,2025-07-30,electronics,4,480.33,USD,Rwanda
ORD-42-0000882,CUST-000372,2025-09-05,toys,7,95.54,KES,United States
ORD-42-0000883,CUST-000128,2025-03-16,sports,3,279.65,KES,Germany
ORD-42-0000884,CUST-000383,2025-11-08,unobtainium,10,179.62,RWF,United States
ORD-42-0000885,CUST-000341,2025-05-28,electronics,3,$396.44,KES,Germany
ORD-42-0000886,CUST-000259,2025-07-13,sports,3,267.42,KES,GERMANY
ORD-42-0000887,CUST-000478,not-a-date,home,9,495.74,GBP,Ghana
ORD-42-0000888,CUST-000212,2025-02-11,grocery,6,304.6,KES,United Kingdom
ORD-42-0000889,CUST-000110,2025-06-23,toys,5,180.64,RWF,Germany
ORD-42-0000890,CUST-000492,2025-06-12,electronics,1,491.5,KES,Rwanda
ORD-42-0000891,CUST-000266,2025-10-24,home,1,150.87,EUR,Kenya
ORD-42-0000892,CUST-000439,2025-07-24,electronics,5,459.64,KES,United Kingdom
ORD-42-0000893,CUST-000293,2025-03-15,unobtainium,2,19.83,GBP,Kenya
ORD-42-0000894,CUST-000071,2025-08-19,home,10,125.68,GBP,Ghana
ORD-42-0000342,CUST-000048,2025-03-15,grocery,10,459.02,USD,United States
ORD-42-0000896,CUST-000167,2025-04-29,apparel,8,413.03,KES,Rwanda
ORD-42-0000897,CUST-000305,2025-02-07,home,1,365.66,KES,  Germany  
ORD-42-0000898,,2025-12-04,home,6,440.02,RWF,Germany
ORD-42-0000899,CUST-000477,2025-11-01,apparel,10,464.4,RWF,Rwanda
ORD-42-0000900,CUST-000157,2025-04-08,unobtainium,6,270.42,EUR,Ghana
ORD-42-0000901,CUST-000258,2025-01-09,apparel,3,26.21,RWF,Germany
ORD-42-0000902,CUST-000386,2025-03-03,toys,9,45.95,RWF,Ghana
ORD-42-0000903,CUST-000403,2025-06-14,apparel,3,168.75,RWF,United Kingdom
ORD-42-0000904,CUST-000382,2025-12-07,toys,7,132.02,RWF,United Kingdom
ORD-42-0000905,CUST-000223,2025-01-09,apparel,3,240.98,EUR,Germany
ORD-42-0000906,CUST-000203,2025-02-02,toys,4,281.02,KES,Kenya
ORD-42-0000907,CUST-000125,2025-11-26,home,7,162.38,KES,Rwanda
ORD-42-0000908,CUST-000058,2025-01-23,grocery,7,183.27,EUR,ghana
ORD-42-0000909,CUST-000177,2025-03-03,sports,1,385.07,EUR,Ghana
ORD-42-0000910,CUST-000316,2025-05-20,toys,3,220.79,EUR,Kenya
ORD-42-0000911,CUST-000351,2025-06-24,apparel,2,57.07,USD,Kenya
,CUST-000486,2025-02-18,apparel,5,7.85,USD,Ghana
ORD-42-0000913,,2025-05-05,electronics,6,105.3,KES,Kenya
ORD-42-0000914,CUST-000105,2025-03-28,toys,5,274.85,KES,United States
ORD-42-0000915,CUST-000073,2025-01-11,sports,1,188.93,KES,Rwanda
ORD-42-0000916,,2025-10-06,electronics,5,101.15,KES,Ghana
ORD-42-0000917,CUST-000028,2025-05-08,sports,1,34.23,GBP,United States
ORD-42-0000918,CUST-000437,2025-01-29,home,2,10.52,RWF,Kenya
ORD-42-0000919,CUST-000195,2025-04-16,sports,2,452.03,RWF,
ORD-42-0000920,CUST-000273,2025-11-17,apparel,4,250.82,RWF,United Kingdom
ORD-42-0000921,CUST-000475,2025-01-02,electronics,1,124.45,KES,Ghana
ORD-42-0000922,CUST-000171,2025-04-26,grocery,3,10.17,GBP,Ghana
ORD-42-0000923,CUST-000321,2025-07-31,apparel,9,138.66,USD,United States
ORD-42-0000924,CUST-000132,2025-06-17,electronics,9,474.61,EUR,Kenya
ORD-42-0000925,CUST-000175,2025-06-14,sports,3,44.81,RWF,United Kingdom
ORD-42-0000926,CUST-000492,2025-01-19,toys,4,209.25,KES,Kenya
ORD-42-0000927,CUST-000219,2025-07-26,toys,6,225.14,EUR,Kenya
ORD-42-0000928,CUST-000335,2025-10-23,toys,9,342.34,EUR,Kenya
ORD-42-0000929,CUST-000159,2025-01-14,  sports  ,9,"454,87",RWF,Kenya
ORD-42-0000930,CUST-000336,2025-03-18,apparel,6,34.84,KES,United States
ORD-42-0000931,CUST-000061,2025-09-29,unobtainium,3,363.81,GBP,Germany
ORD-42-0000932,CUST-000493,2025-06-05,home,8,373.06,GBP,KENYA
ORD-42-0000933,CUST-000399,2025-09-27,electronics,3,93.19,KES,United Kingdom
ORD-42-0000934,CUST-000137,2025-02-25,toys,10,$116.22,EUR,kenya
ORD-42-0000935,CUST-000352,2025-12-19,home,2,344.38,RWF,Kenya
ORD-42-0000936,CUST-000258,2025-02-26,grocery,6,92.8,RWF,Germany
ORD-42-0000937,CUST-000243,2025-10-23,apparel,4,$113.91,RWF,rwanda
ORD-42-0000938,,2025-08-16,grocery,4,$371.44,EUR,Kenya
ORD-42-0000939,CUST-000034,2025-10-03,grocery,10,245.48,GBP,Germany
ORD-42-0000940,CUST-000455,2025-08-28,grocery,7,$388.33,KES,United States
ORD-42-0000941,CUST-000423,2025-06-21,sports,6,197.68,KES,united kingdom
ORD-42-0000942,CUST-000275,2025-04-08,sports,1,260.8,RWF,Germany
ORD-42-0000943,CUST-000424,not-a-date,apparel,9,269.4,USD,united kingdom
ORD-42-0000944,CUST-000199,2025-04-12,sports,1,95.74,RWF,Germany
ORD-42-0000694,CUST-000453,2025-07-30,home,8,84.08,GBP,United Kingdom
ORD-42-0000946,CUST-000471,2025-12-05,sports,9,451.93,RWF,United States
ORD-42-0000947,CUST-000232,2025-11-16,sports,9,57.47,KES,United States
ORD-42-0000948,CUST-000280,2025-10-24,grocery,7,162.41,USD,Kenya
ORD-42-0000949,CUST-000233,2025-03-05,sports,4,"441,39",USD,Ghana
ORD-42-0000950,CUST-000166,2025-01-12,sports,3,359.47,USD,Rwanda
ORD-42-0000951,CUST-000059,not-a-date,grocery,6,43.57,RWF,United States
ORD-42-0000952,CUST-000406,2025-04-15,toys,3,189.96,RWF,
ORD-42-0000953,CUST-000394,2025-10-06,home,10,435.78,EUR,Kenya
ORD-42-0000954,CUST-000445,2025-10-19,apparel,1,210.37,GBP,United States
ORD-42-0000955,CUST-000394,not-a-date,home,3,59.66,EUR,Kenya
ORD-42-0000956,CUST-000002,2025-02-17,home,1,229.86,RWF,United Kingdom
ORD-42-0000957,CUST-000414,2025-12-30,toys,8,119.7,KES,United States
ORD-42-0000958,CUST-000244,2025-05-14,grocery,8,40.62,KES,Rwanda
ORD-42-0000959,CUST-000126,2025-03-27,home,10,314.69,EUR,Rwanda
ORD-42-0000960,CUST-000095,2025-10-18,electronics,6,19.32,USD,United States
ORD-42-0000961,CUST-000296,2025-02-27,home,6,460.27,USD,Rwanda
ORD-42-0000962,CUST-000214,2025-10-02,apparel,5,"305,93",KES,United Kingdom
ORD-42-0000963,CUST-000404,2025-03-20,apparel,8,374.92,GBP,Rwanda
ORD-42-0000964,CUST-000048,2025-08-01,  home  ,6,448.87,USD,Germany
ORD-42-0000965,CUST-000432,2025-03-26,electronics,5,235.94,USD,United States
ORD-42-0000966,CUST-000441,2025-08-14,home,9,207.47,EUR,United States
ORD-42-0000967,CUST-000108,2025-02-22,electronics,2,286.11,KES,Rwanda
ORD-42-0000968,CUST-000248,2025-01-14,toys,5,214.1,GBP,Ghana
ORD-42-0000969,CUST-000270,2025-03-13,toys,6,463.63,KES,United Kingdom
ORD-42-0000970,CUST-000255,2025-04-10,sports,8,$246.76,EUR,United Kingdom
ORD-42-0000971,CUST-000120,2025-01-04,home,4,1.79,USD,
ORD-42-0000972,CUST-000321,2025-11-02,sports,4,399.98,RWF,Germany
ORD-42-0000973,CUST-000024,2025-07-15,  home  ,9,403.22,EUR,Rwanda
ORD-42-0000974,CUST-000328,2025-09-20,sports,5,127.95,USD,Ghana
ORD-42-0000975,CUST-000154,2025-04-17,toys,6,383.75,USD,United States
ORD-42-0000976,CUST-000171,2025-07-11,grocery,10,308.38,USD,Kenya
ORD-42-0000977,CUST-000100,2025-07-16,home,8,458.17,USD,United States
ORD-42-0000978,CUST-000070,2025-04-30,apparel,8,446.14,KES,Ghana
ORD-42-0000979,CUST-000237,2025-06-04,sports,1,$417.72,GBP,United Kingdom
ORD-42-0000980,CUST-000372,2025-01-19,home,9,268.41,EUR,United Kingdom
ORD-42-0000981,CUST-000351,2025-07-16,home,2,484.84,GBP,Rwanda
ORD-42-0003155,CUST-000174,2025-06-23,sports,9,421.36,KES,united kingdom
ORD-42-0000983,CUST-000200,2025-09-28,toys,2,432.43,GBP,United States
ORD-42-0000984,CUST-000440,2025-07-24,sports,1,136.48,USD,Germany
ORD-42-0000985,CUST-000450,2025-09-02,home,8,414.9,GBP,Kenya
ORD-42-0000986,CUST-000269,2025-07-31,apparel,2,187.73,USD,Kenya
ORD-42-0000987,CUST-000468,2025-11-15,grocery,9,13.44,RWF,United Kingdom
ORD-42-0000988,CUST-000079,2025-09-26,home,8,$366.49,KES,Ghana
ORD-42-0000989,CUST-000398,2025-07-18,apparel,2,411.25,KES,United States
ORD-42-0000990,CUST-000068,2025-09-18,sports,1,230.22,KES,Rwanda
ORD-42-0000991,,2025-07-26,electronics,10,$436.07,GBP,Germany
ORD-42-0000992,CUST-000456,2025-12-09,electronics,9,383.32,GBP,Rwanda
ORD-42-0000993,CUST-000296,2025-07-26,sports,4,161.12,EUR,Ghana
ORD-42-0000994,  CUST-000142  ,2025-04-04,home,-8,"335,89",GBP,Kenya
ORD-42-0000995,CUST-000081,2025-08-14,electronics,1,479.19,KES,United Kingdom
ORD-42-0000996,CUST-000053,2025-09-18,toys,6,275.13,GBP,Kenya
ORD-42-0000997,CUST-000483,2025-01-06,home,10,123.17,USD,Ghana
ORD-42-0000998,CUST-000314,2025-07-12,toys,8,26.31,USD,Germany
ORD-42-0000999,CUST-000463,2025-01-21,electronics,2,192.42,USD,Germany
ORD-42-0001000,CUST-000201,2025-10-02,unobtainium,10,445.75,RWF,United Kingdom
ORD-42-0001001,CUST-000183,2025-07-26,home,4,356.74,KES,RWANDA
ORD-42-0001002,CUST-000499,2025-05-08,toys,3,47.37,RWF,Rwanda
ORD-42-0001003,  CUST-000234  ,2025-07-27,sports,8,235.8,EUR,Kenya
ORD-42-0001004,CUST-000441,2025-02-20,home,6,196.65,GBP,  Ghana  
ORD-42-0001005,CUST-000233,2025-04-27,electronics,2,238.19,GBP,Germany
ORD-42-0001006,CUST-000237,2025-10-06,home,6,302.62,EUR,United Kingdom
ORD-42-0001007,CUST-000053,2025-06-08,sports,2,163.61,USD,Ghana
ORD-42-0001008,CUST-000273,2025-05-10,grocery,10,207.31,KES,Kenya
ORD-42-0001009,CUST-000281,2025-10-12,grocery,7,33.96,EUR,United States
ORD-42-0001010,CUST-000303,2025-05-26,grocery,10,393.88,KES,United States
ORD-42-0001011,CUST-000121,2025-10-05,sports,2,369.94,KES,Germany
ORD-42-0001012,CUST-000059,not-a-date,toys,8,163.36,USD,Germany
ORD-42-0001013,CUST-000091,2025-07-28,grocery,2,299.53,KES,Germany
ORD-42-0001014,CUST-000168,2025-04-23,sports,1,46.18,EUR,United Kingdom
ORD-42-0001015,CUST-000463,2025-02-10,electronics,3,330.78,RWF,United Kingdom
ORD-42-0001016,CUST-000150,2025-06-16,toys,10,224.13,EUR,United States
ORD-42-0001017,CUST-000450,2025-07-23,  home  ,10,397.38,GBP,Germany
ORD-42-0001018,CUST-000368,2025-07-09,electronics,10,"5,05",KES,Germany
ORD-42-0001019,CUST-000434,2025-10-28,home,1,185.24,KES,Rwanda
ORD-42-0001020,CUST-000001,2025-01-06,toys,6,55.74,GBP,Rwanda
ORD-42-0001021,CUST-000121,2025-05-25,sports,10,197.74,GBP,United States
,CUST-000196,2025-06-08,grocery,7,273.01,EUR,Germany
ORD-42-0001023,CUST-000072,2025-09-27,toys,7,421.82,GBP,Germany
ORD-42-0001024,CUST-000079,2025-08-07,sports,3,68.0,USD,United States
ORD-42-0001025,  CUST-000009  ,2025-10-20,sports,8,329.31,EUR,Rwanda
ORD-42-0001026,CUST-000071,2025-02-07,  grocery  ,8,446.9,KES,Germany
ORD-42-0001027,CUST-000320,2025-10-01,grocery,9,212.64,RWF,Germany
ORD-42-0001028,CUST-000182,2025-09-08,apparel,7,302.68,KES,Germany
ORD-42-0001029,CUST-000434,2025-09-02,sports,9,135.36,KES,United Kingdom
ORD-42-0001030,,2025-12-15,electronics,10,242.15,GBP,Rwanda
ORD-42-0001031,CUST-000298,2025-04-30,unobtainium,2,71.9,KES,Ghana
ORD-42-0001032,CUST-000239,2025-04-12,electronics,9,445.07,USD,Kenya
ORD-42-0001033,CUST-000242,2025-02-13,unobtainium,2,342.35,KES,United Kingdom
ORD-42-0001034,CUST-000160,2033-09-23,electronics,6,$267.98,USD,Germany
ORD-42-0001035,CUST-000233,2025-04-14,grocery,10,367.17,RWF,Ghana
ORD-42-0001036,CUST-000492,2025-08-04,home,3,$18.63,KES,United States
ORD-42-0001037,CUST-000156,2025-03-19,home,1,315.02,KES,Kenya
ORD-42-0001038,CUST-000294,2025-12-06,unobtainium,5,404.64,KES,Rwanda
ORD-42-0001039,CUST-000147,2025-04-28,electronics,3,253.29,GBP,Ghana
ORD-42-0001040,CUST-000068,2025-02-20,home,5,429.07,USD,United States
ORD-42-0001041,CUST-000058,2025-02-26,apparel,10,369.74,RWF,Ghana
ORD-42-0001042,CUST-000414,2025-10-04,home,4,242.97,KES,Rwanda
ORD-42-0001043,CUST-000176,2025-11-19,apparel,10,467.04,EUR,
ORD-42-0001044,CUST-000386,2025-06-04,grocery,4,330.67,EUR,Kenya
ORD-42-0001045,CUST-000296,2025-07-09,electronics,-5,377.99,USD,Rwanda
ORD-42-0001046,CUST-000086,2025-05-09,grocery,8,151.38,KES,Kenya
ORD-42-0001047,CUST-000195,2025-01-17,sports,7,237.82,EUR,United Kingdom
ORD-42-0001048,CUST-000446,2025-05-24,electronics,5,463.68,RWF,Germany
ORD-42-0001049,CUST-000348,2025-07-24,toys,1,49.58,KES,United States
ORD-42-0001050,CUST-000182,2025-05-25,toys,5,168.15,GBP,Rwanda
ORD-42-0001051,,2025-01-31,  toys  ,7,231.09,EUR,United States
ORD-42-0001052,CUST-000345,2025-03-06,apparel,9,169.37,EUR,Ghana
ORD-42-0001053,CUST-000281,2025-12-27,sports,1,416.01,USD,Germany
ORD-42-0001054,  CUST-000051  ,2025-04-08,electronics,8,176.41,GBP,Ghana
ORD-42-0001055,CUST-000099,2025-12-15,electronics,10,46.88,KES,United States
ORD-42-0001056,CUST-000458,2025-09-12,toys,2,354.33,USD,Rwanda
ORD-42-0001057,  CUST-000439  ,2025-02-26,apparel,7,328.54,KES,Kenya
ORD-42-0001058,CUST-000459,2025-11-06,sports,3,127.41,RWF,UNITED STATES
ORD-42-0001059,CUST-000480,2025-11-24,sports,8,461.43,GBP,Germany
ORD-42-0001060,CUST-000355,2025-01-25,home,5,81.82,USD,Ghana
ORD-42-0001061,CUST-000398,2025-12-01,grocery,7,166.99,USD,Ghana
ORD-42-0001062,CUST-000490,2025-08-19,apparel,8,35.63,EUR,United Kingdom
ORD-42-0001063,CUST-000202,2025-10-02,  sports  ,8,55.11,KES,Germany
ORD-42-0001064,CUST-000112,2025-02-21,unobtainium,2,456.39,GBP,Rwanda
ORD-42-0001065,CUST-000018,2025-11-25,electronics,10,364.05,RWF,RWANDA
ORD-42-0001066,CUST-000460,2025-04-22,apparel,1,466.51,RWF,Ghana
ORD-42-0001067,CUST-000078,2025-01-08,home,7,287.75,KES,United States
ORD-42-0001068,CUST-000482,2025-04-25,grocery,7,202.55,USD,United Kingdom
ORD-42-0001069,CUST-000116,2025-12-31,grocery,8,61.48,KES,Ghana
ORD-42-0001070,CUST-000171,2025-01-17,home,7,28.54,USD,Ghana
ORD-42-0001071,CUST-000274,2025-07-11,  electronics  ,8,380.47,GBP,United States
ORD-42-0002533,CUST-000104,2025-10-03,toys,1,483.79,EUR,Ghana
ORD-42-0001073,CUST-000357,2025-06-16,electronics,6,"243,77",RWF,United States
ORD-42-0001074,CUST-000098,2025-10-22,electronics,4,13.66,KES,Kenya
ORD-42-0001075,CUST-000251,2025-06-16,electronics,9,322.06,RWF,United Kingdom
ORD-42-0001076,CUST-000495,not-a-date,electronics,1,170.3,GBP,United States
ORD-42-0001077,CUST-000022,2025-06-08,electronics,4,403.74,KES,Germany
ORD-42-0001078,CUST-000482,2025-01-19,toys,3,370.78,EUR,Rwanda
ORD-42-0001079,CUST-000019,2025-10-21,unobtainium,1,236.14,KES,Rwanda
ORD-42-0001080,CUST-000125,2025-01-07,sports,3,8.17,USD,
ORD-42-0001081,CUST-000421,2025-11-13,grocery,10,86.17,KES,Rwanda
ORD-42-0001082,CUST-000419,not-a-date,electronics,8,297.89,KES,Kenya
ORD-42-0002732,CUST-000033,2025-09-20,grocery,6,405.95,RWF,Ghana
ORD-42-0001084,CUST-000062,2025-01-16,toys,9,69.53,EUR,Rwanda
ORD-42-0003326,CUST-000304,2025-10-05,home,2,61.25,EUR,Germany
ORD-42-0001086,CUST-000087,2025-01-10,home,9,83.34,EUR,United Kingdom
ORD-42-0001087,CUST-000021,2025-10-25,electronics,10,188.69,EUR,Rwanda
ORD-42-0001088,CUST-000451,2025-04-27,electronics,1,4.6,USD,United States
ORD-42-0001089,CUST-000334,2025-03-04,home,7,347.06,RWF,
ORD-42-0001090,CUST-000065,2025-09-18,apparel,5,262.02,RWF,Kenya
ORD-42-0001091,CUST-000481,2025-10-04,toys,1,298.54,RWF,United Kingdom
ORD-42-0001092,CUST-000487,2025-11-17,sports,-5,174.58,USD,United Kingdom
ORD-42-0001093,CUST-000121,2025-09-25,electronics,9,488.42,KES,Ghana
ORD-42-0001094,CUST-000442,2025-03-31,toys,4,232.64,EUR,
ORD-42-0001095,CUST-000028,2025-09-24,electronics,3,342.94,RWF,Germany
ORD-42-0001096,CUST-000091,2025-10-12,sports,1,27.96,GBP,Ghana
ORD-42-0001097,  CUST-000108  ,2025-05-24,home,6,308.79,RWF,Rwanda
ORD-42-0001098,CUST-000054,2025-12-06,toys,3,79.86,USD,Germany
ORD-42-0001099,CUST-000264,2025-11-03,electronics,4,360.98,KES,United Kingdom
ORD-42-0003876,CUST-000167,2025-06-01,apparel,6,115.8,USD,Ghana
ORD-42-0001101,CUST-000117,2025-11-12,apparel,7,435.07,RWF,Kenya
ORD-42-0001102,CUST-000038,2025-05-05,toys,8,28.12,RWF,Kenya
ORD-42-0001103,CUST-000111,2025-02-23,grocery,3,194.28,EUR,Germany
ORD-42-0001104,CUST-000369,2025-09-24,sports,6,487.8,EUR,Ghana
ORD-42-0001105,CUST-000066,2025-12-16,sports,10,30.77,EUR,Rwanda
ORD-42-0001106,CUST-000437,2025-05-08,grocery,7,86.43,GBP,Kenya
ORD-42-0001107,CUST-000454,2025-08-03,toys,3,394.98,KES,Kenya
ORD-42-0001108,CUST-000296,2025-03-24,apparel,2,206.44,KES,Germany
ORD-42-0001109,CUST-000442,2025-09-13,toys,8,418.66,GBP,
ORD-42-0001110,CUST-000374,2025-05-27,sports,4,124.67,RWF,United Kingdom
ORD-42-0001111,CUST-000114,not-a-date,  apparel  ,10,$449.23,RWF,Rwanda
ORD-42-0001112,CUST-000021,2025-05-06,sports,9,17.78,KES,Germany
ORD-42-0001113,CUST-000246,2025-01-10,electronics,8,248.15,USD,United Kingdom
ORD-42-0001114,CUST-000386,2025-12-26,sports,7,475.02,EUR,Ghana
ORD-42-0001115,CUST-000152,2025-09-01,sports,2,8.95,GBP,Kenya
ORD-42-0001116,CUST-000361,2025-05-11,toys,10,13.18,RWF,Germany
ORD-42-0001117,CUST-000396,2025-10-23,sports,7,93.29,GBP,United States
ORD-42-0001118,CUST-000238,2025-01-06,sports,1,"430,33",USD,Germany
ORD-42-0001119,CUST-000458,2025-01-13,home,9,17.32,RWF,Ghana
ORD-42-0001120,CUST-000358,not-a-date,toys,10,397.44,USD,United Kingdom
ORD-42-0001121,CUST-000451,2025-07-14,sports,1,257.85,GBP,Rwanda
ORD-42-0001122,CUST-000057,2025-06-19,home,8,309.95,GBP,  Ghana  
ORD-42-0001123,CUST-000090,2025-02-04,toys,2,280.82,EUR,Kenya
ORD-42-0001124,CUST-000172,2025-09-01,toys,2,324.87,KES,UNITED STATES
ORD-42-0001125,CUST-000108,2025-09-08,home,6,449.07,KES,United States
ORD-42-0001126,CUST-000217,2025-08-13,electronics,2,187.03,RWF,Germany
ORD-42-0001127,CUST-000257,2025-04-07,electronics,8,355.2,KES,Ghana
ORD-42-0001128,CUST-000232,2025-02-18,home,2,94.99,RWF,Rwanda
ORD-42-0001129,CUST-000042,2025-06-15,apparel,5,479.17,USD,Rwanda
ORD-42-0001130,CUST-000085,2025-08-13,electronics,3,248.67,EUR,United Kingdom
ORD-42-0001131,CUST-000488,2025-02-14,electronics,5,208.85,KES,Kenya
ORD-42-0001132,CUST-000243,2025-07-08,grocery,8,369.12,USD,Ghana
ORD-42-0001133,,2025-11-30,electronics,-4,417.64,KES,United States
ORD-42-0001134,CUST-000172,2025-06-05,toys,6,328.22,GBP,Germany
ORD-42-0001135,CUST-000304,2025-01-26,sports,9,421.11,RWF,Germany
ORD-42-0001136,CUST-000156,2025-03-17,apparel,5,86.7,GBP,Kenya
ORD-42-0001137,CUST-000248,2025-06-25,home,1,75.02,GBP,  Germany  
ORD-42-0001138,CUST-000490,2025-10-08,toys,3,356.19,GBP,Kenya
ORD-42-0001139,CUST-000499,2025-10-04,sports,3,81.47,USD,Rwanda
ORD-42-0001140,CUST-000163,2025-03-13,apparel,8,130.94,EUR,Kenya
ORD-42-0001141,CUST-000288,2025-01-04,electronics,6,489.03,EUR,Ghana
ORD-42-0001142,CUST-000230,2025-03-31,apparel,9,151.48,USD,Germany
,CUST-000477,2025-04-21,apparel,8,463.98,EUR,Rwanda
ORD-42-0001144,CUST-000497,2025-03-28,toys,6,323.97,GBP,Germany
ORD-42-0001145,CUST-000459,not-a-date,toys,3,399.99,RWF,  Ghana  
ORD-42-0001146,CUST-000353,2025-11-05,sports,8,450.19,EUR,United States
ORD-42-0001147,CUST-000283,2025-11-03,home,1,201.41,EUR,Germany
ORD-42-0002044,CUST-000183,2025-11-15,home,1,304.47,EUR,United Kingdom
ORD-42-0001149,CUST-000270,2025-09-10,home,4,12.25,KES,Germany
ORD-42-0001150,CUST-000347,2025-01-23,electronics,9,197.82,RWF,Ghana
ORD-42-0001151,CUST-000309,2025-02-26,toys,1,454.32,GBP,Germany
ORD-42-0001152,CUST-000076,2025-05-28,home,7,187.04,GBP,Ghana
ORD-42-0001153,CUST-000180,not-a-date,grocery,9,44.71,RWF,United States
ORD-42-0001154,  CUST-000213  ,2025-05-20,home,3,403.03,RWF,United States
ORD-42-0001155,CUST-000459,2025-06-03,apparel,10,299.37,EUR,Kenya
ORD-42-0001156,CUST-000156,2025-05-03,toys,6,33.99,KES,Germany
ORD-42-0001157,CUST-000046,2025-12-29,grocery,5,207.84,KES,Germany
ORD-42-0001158,CUST-000364,2025-03-17,apparel,4,93.82,RWF,Ghana
ORD-42-0001159,CUST-000284,2025-04-25,electronics,5,417.46,GBP,Germany
ORD-42-0001160,CUST-000287,2025-05-09,apparel,1,395.82,EUR,Ghana
ORD-42-0001161,CUST-000154,2025-02-08,sports,8,62.96,GBP,Germany
ORD-42-0001162,CUST-000092,2025-04-25,sports,4,15.19,GBP,germany
ORD-42-0001163,CUST-000497,2025-11-28,toys,6,290.95,KES,Germany
ORD-42-0001164,CUST-000445,2025-08-22,sports,8,487.16,USD,Ghana
ORD-42-0001165,CUST-000263,2025-03-13,electronics,5,"82,26",USD,Kenya
ORD-42-0001166,CUST-000164,2025-05-10,sports,3,179.34,USD,Ghana
ORD-42-0001167,CUST-000185,2025-06-01,sports,6,25.31,GBP,United Kingdom
ORD-42-0001168,CUST-000328,2025-11-23,toys,4,383.45,EUR,Rwanda
ORD-42-0001169,CUST-000307,2025-10-08,toys,6,436.35,GBP,Ghana
,CUST-000351,2025-01-09,sports,6,48.82,KES,Ghana
ORD-42-0001171,CUST-000422,2025-10-20,electronics,3,259.57,GBP,Germany
ORD-42-0001172,CUST-000211,2025-07-11,apparel,2,109.72,KES,Kenya
ORD-42-0001173,CUST-000426,2025-09-27,toys,10,345.14,KES,UNITED KINGDOM
ORD-42-0001174,CUST-000365,2025-03-25,sports,2,209.26,USD,Rwanda
ORD-42-0001175,CUST-000420,2025-10-26,electronics,8,174.76,GBP,Kenya
ORD-42-0001176,  CUST-000419  ,2025-05-20,toys,9,382.03,GBP,Kenya
ORD-42-0001177,CUST-000364,2025-07-30,electronics,2,111.96,EUR,United States
ORD-42-0001178,CUST-000117,2025-07-28,apparel,4,65.98,USD,Germany
ORD-42-0001179,CUST-000354,2025-11-05,electronics,1,387.57,RWF,Rwanda
ORD-42-0001180,CUST-000101,2033-09-29,electronics,9,296.99,RWF,Rwanda
ORD-42-0001181,CUST-000466,2025-08-25,electronics,2,151.52,USD,  Rwanda  
ORD-42-0001182,CUST-000401,2025-10-30,toys,4,294.21,EUR,Kenya
ORD-42-0001183,CUST-000344,2025-07-06,electronics,2,73.63,GBP,United Kingdom
ORD-42-0001184,CUST-000179,2025-07-05,apparel,9,"390,62",KES,Kenya
ORD-42-0001185,CUST-000259,2025-03-16,unobtainium,2,409.97,USD,United Kingdom
ORD-42-0001186,CUST-000112,2025-09-25,home,3,450.93,KES,Rwanda
ORD-42-0001187,CUST-000499,2025-11-12,apparel,9,425.8,RWF,Ghana
ORD-42-0001188,CUST-000358,2025-03-06,apparel,8,337.09,USD,Kenya
ORD-42-0001189,CUST-000428,2025-07-04,grocery,7,107.92,EUR,Germany
ORD-42-0001190,CUST-000058,2025-07-25,electronics,8,56.05,EUR,Germany
ORD-42-0001191,CUST-000391,2025-07-01,sports,5,279.01,USD,Rwanda
ORD-42-0001192,CUST-000168,2027-04-12,electronics,7,142.52,KES,United States
ORD-42-0001193,CUST-000160,2025-01-15,grocery,4,277.4,GBP,Germany
ORD-42-0001194,CUST-000097,2025-11-27,grocery,6,90.47,RWF,United States
ORD-42-0001195,CUST-000054,2025-06-13,grocery,9,329.62,USD,Rwanda
ORD-42-0001196,CUST-000074,2025-06-13,grocery,10,488.81,EUR,Rwanda
ORD-42-0001197,CUST-000187,2025-09-22,home,4,297.89,RWF,Rwanda
ORD-42-0001198,CUST-000120,2025-05-29,sports,8,139.98,KES,United Kingdom
ORD-42-0001199,CUST-000140,2025-02-06,grocery,6,238.44,KES,germany
ORD-42-0001200,CUST-000249,2025-04-15,home,3,384.23,USD,Rwanda
ORD-42-0001201,CUST-000129,2025-04-26,grocery,4,314.56,EUR,Rwanda
ORD-42-0001202,CUST-000051,2025-12-05,electronics,8,339.38,EUR,Germany
ORD-42-0001203,CUST-000310,2025-01-19,home,3,152.07,KES,Rwanda
ORD-42-0001204,CUST-000390,2025-11-23,sports,9,384.02,RWF,Kenya
ORD-42-0001205,CUST-000151,2025-01-28,grocery,8,252.89,KES,Ghana
ORD-42-0001206,CUST-000415,2025-03-31,toys,1,476.34,USD,Germany
ORD-42-0001207,CUST-000451,2025-11-02,grocery,8,157.97,RWF,Germany
ORD-42-0001208,CUST-000236,2025-12-14,unobtainium,-3,278.78,GBP,United States
ORD-42-0001209,CUST-000085,2025-04-25,grocery,3,156.92,RWF,germany
ORD-42-0001210,CUST-000392,2025-11-06,toys,8,330.38,KES,United Kingdom
ORD-42-0001211,CUST-000241,2025-05-03,toys,3,253.84,RWF,Ghana
ORD-42-0001212,CUST-000254,2025-03-05,grocery,10,338.57,GBP,Ghana
ORD-42-0001213,CUST-000032,2025-12-18,toys,1,64.97,GBP,Ghana
ORD-42-0001214,CUST-000415,2025-03-09,electronics,6,190.91,RWF,Ghana
ORD-42-0001215,CUST-000183,2025-06-05,unobtainium,1,330.96,EUR,Kenya
ORD-42-0001216,CUST-000332,2025-07-26,toys,2,455.28,USD,Ghana
ORD-42-0001217,CUST-000059,2025-07-13,apparel,1,"269,67",USD,Germany
ORD-42-0001218,CUST-000337,2025-05-30,toys,9,450.8,GBP,Rwanda
ORD-42-0001219,CUST-000357,2025-05-06,toys,1,492.9,RWF,United Kingdom
ORD-42-0001220,CUST-000200,2025-07-20,  toys  ,2,$404.35,USD,United States
ORD-42-0001221,CUST-000346,2025-09-18,home,8,251.88,GBP,Kenya
ORD-42-0001222,CUST-000315,2025-08-01,home,7,$101.68,USD,United Kingdom
ORD-42-0001223,CUST-000110,2025-08-07,home,1,149.36,KES,Germany
ORD-42-0001224,CUST-000412,2025-09-08,toys,2,359.14,KES,Rwanda
ORD-42-0001225,CUST-000304,2025-07-13,home,2,283.65,KES,Germany
ORD-42-0001226,CUST-000219,2025-09-16,home,2,326.12,GBP,United Kingdom
ORD-42-0001227,CUST-000412,2025-08-01,grocery,9,157.36,RWF,
ORD-42-0001228,CUST-000129,2025-02-16,toys,8,336.11,KES,Kenya
ORD-42-0001229,CUST-000452,2025-12-23,sports,9,431.49,KES,Germany
ORD-42-0001230,CUST-000110,2025-01-28,sports,8,134.7,KES,United Kingdom
ORD-42-0001231,CUST-000437,2025-05-24,toys,1,261.61,GBP,Germany
ORD-42-0001232,CUST-000076,2025-08-31,apparel,5,422.22,RWF,Ghana
ORD-42-0001233,CUST-000441,2025-11-30,sports,4,423.14,GBP,Ghana
ORD-42-0001234,CUST-000331,2025-10-11,home,10,118.83,EUR,Rwanda
ORD-42-0001235,CUST-000077,2025-09-25,electronics,-4,398.73,GBP,germany
ORD-42-0001236,CUST-000249,2025-03-21,grocery,7,323.81,USD,KENYA
ORD-42-0001237,CUST-000082,2025-08-15,apparel,1,129.94,GBP,United States
ORD-42-0001238,CUST-000282,2025-10-03,sports,1,481.93,RWF,Rwanda
ORD-42-0001239,CUST-000029,2025-11-20,home,10,149.69,USD,Germany
ORD-42-0001240,CUST-000460,2025-06-29,sports,2,199.05,EUR,Kenya
ORD-42-0001241,CUST-000058,2025-03-15,sports,9,466.53,KES,United States
ORD-42-0001242,CUST-000425,2025-03-10,toys,5,$248.73,USD,Kenya
ORD-42-0001243,CUST-000308,2025-10-31,home,6,416.33,RWF,United States
ORD-42-0001244,CUST-000381,2025-09-03,grocery,4,72.99,EUR,Kenya
ORD-42-0001245,CUST-000497,2025-08-14,grocery,7,127.9,KES,Rwanda
ORD-42-0001246,CUST-000252,2032-01-15,home,2,158.93,RWF,Germany
ORD-42-0001247,CUST-000350,2025-08-28,home,3,182.14,GBP,Ghana
ORD-42-0001248,CUST-000011,2025-02-05,toys,1,$420.90,USD,United States
ORD-42-0001249,CUST-000470,2025-01-23,apparel,5,276.81,GBP,United States
ORD-42-0001250,CUST-000491,2025-01-08,home,2,267.92,EUR,germany
ORD-42-0001251,CUST-000199,2025-12-28,grocery,-5,151.14,EUR,Ghana
ORD-42-0001252,,2025-10-11,grocery,6,439.85,RWF,rwanda
ORD-42-0001253,CUST-000141,2025-11-21,grocery,8,$368.73,GBP,  United States  
ORD-42-0001254,CUST-000217,2025-11-11,apparel,5,253.66,GBP,
ORD-42-0001255,CUST-000309,2025-03-27,sports,6,227.18,USD,Rwanda
ORD-42-0001256,CUST-000329,2025-02-07,apparel,8,395.72,EUR,Rwanda
ORD-42-0001257,CUST-000206,2025-09-21,sports,5,157.55,USD,Rwanda
ORD-42-0001258,CUST-000081,2025-08-27,toys,3,423.63,RWF,Ghana
ORD-42-0001259,CUST-000232,2025-05-02,sports,3,131.08,KES,Ghana
ORD-42-0001260,CUST-000410,2025-08-10,apparel,2,207.83,EUR,Germany
ORD-42-0001261,CUST-000449,2025-06-22,toys,4,"11,35",USD,United Kingdom
ORD-42-0001262,CUST-000332,2025-02-22,sports,4,453.52,RWF,Kenya
ORD-42-0001263,CUST-000135,2025-01-07,apparel,1,201.12,RWF,  United Kingdom  
ORD-42-0001264,CUST-000134,2031-08-31,electronics,6,85.89,KES,Rwanda
ORD-42-0001265,CUST-000008,not-a-date,grocery,8,413.8,RWF,Rwanda
ORD-42-0001266,CUST-000115,2025-01-01,apparel,4,473.08,GBP,Ghana
ORD-42-0001267,CUST-000383,2025-04-23,grocery,3,216.22,EUR,united kingdom
ORD-42-0002689,CUST-000111,2025-08-10,sports,4,209.75,RWF,Kenya
ORD-42-0001269,CUST-000015,2025-08-06,home,4,309.22,EUR,Ghana
ORD-42-0001270,CUST-000299,2025-01-16,sports,8,43.78,RWF,Kenya
ORD-42-0001271,CUST-000447,2025-07-20,sports,7,343.74,RWF,United States
ORD-42-0001272,CUST-000217,2025-03-02,home,2,48.54,USD,Rwanda
ORD-42-0002745,CUST-000171,2025-09-03,grocery,6,498.37,KES,United States
ORD-42-0001274,CUST-000384,2025-12-09,electronics,5,252.77,RWF,GHANA
ORD-42-0001275,CUST-000203,2025-01-23,home,3,484.06,KES,Rwanda
ORD-42-0001276,CUST-000298,2025-10-02,home,3,252.37,GBP,Germany
ORD-42-0001277,CUST-000068,2025-11-17,home,9,217.03,GBP,Rwanda
ORD-42-0001278,CUST-000161,2025-12-10,apparel,8,435.97,GBP,United States
ORD-42-0001279,CUST-000185,2025-05-26,home,5,306.85,GBP,United Kingdom
ORD-42-0001280,CUST-000161,2025-05-23,apparel,6,368.7,RWF,Kenya
ORD-42-0001281,CUST-000285,2025-01-30,sports,8,27.56,EUR,Rwanda
ORD-42-0001282,CUST-000118,2025-09-30,electronics,8,$130.85,RWF,Germany
ORD-42-0001283,CUST-000060,2025-04-23,electronics,8,178.9,KES,Germany
ORD-42-0001284,CUST-000235,2025-04-24,electronics,3,62.7,USD,Kenya
ORD-42-0001285,CUST-000445,2025-08-09,apparel,3,375.22,GBP,United Kingdom
ORD-42-0001286,CUST-000457,2025-01-27,toys,4,$292.19,USD,United Kingdom
ORD-42-0001287,CUST-000393,2025-03-15,apparel,7,460.29,EUR,Germany
ORD-42-0001288,CUST-000347,2025-11-14,home,1,142.86,USD,Germany
ORD-42-0000313,CUST-000192,2025-03-05,electronics,6,77.73,USD,GERMANY
ORD-42-0001290,CUST-000426,2025-01-04,sports,8,227.57,GBP,  United Kingdom  
ORD-42-0001291,CUST-000337,2025-12-30,home,1,328.43,RWF,Ghana
ORD-42-0003521,CUST-000486,2025-03-16,apparel,4,431.78,GBP,Ghana
ORD-42-0001293,CUST-000409,2025-12-04,sports,2,274.03,KES,Germany
ORD-42-0001294,CUST-000048,2025-06-11,home,3,120.8,RWF,  Rwanda  
ORD-42-0001295,,2025-09-17,apparel,7,389.97,GBP,United States
ORD-42-0001296,CUST-000386,2025-02-01,apparel,2,149.97,RWF,United States
ORD-42-0001297,CUST-000413,2025-07-27,sports,10,"66,51",USD,Ghana
ORD-42-0001298,CUST-000263,2025-09-21,grocery,8,442.82,RWF,Ghana
ORD-42-0001299,CUST-000289,2025-02-28,grocery,2,378.49,GBP,United Kingdom
ORD-42-0001300,CUST-000096,2025-05-24,sports,7,47.38,KES,Ghana
ORD-42-0001301,CUST-000499,2025-05-09,sports,4,324.16,EUR,Germany
ORD-42-0001302,CUST-000270,2025-02-13,sports,9,42.9,RWF,Germany
ORD-42-0001303,CUST-000041,2025-05-02,home,-3,492.11,GBP,Kenya
ORD-42-0001304,CUST-000268,2025-05-28,home,10,24.82,USD,Rwanda
ORD-42-0001305,CUST-000263,2025-11-07,toys,7,207.1,RWF,  United States  
ORD-42-0001306,CUST-000369,2025-03-16,home,6,128.18,USD,United Kingdom
,CUST-000009,2025-11-04,sports,8,90.6,EUR,Germany
ORD-42-0001308,CUST-000024,2025-11-20,  grocery  ,5,157.66,RWF,United States
ORD-42-0001309,CUST-000231,2025-02-16,home,6,483.39,EUR,Kenya
ORD-42-0001310,,2025-11-22,sports,10,130.4,USD,Germany
ORD-42-0001311,CUST-000274,2025-12-23,electronics,7,59.22,EUR,United States
ORD-42-0001312,CUST-000245,2025-05-11,sports,7,434.52,KES,United States
ORD-42-0001313,CUST-000250,2025-07-30,toys,10,181.0,RWF,Ghana
ORD-42-0001314,CUST-000045,2025-10-29,apparel,1,96.21,USD,United States
ORD-42-0001315,CUST-000497,2025-09-27,electronics,4,241.08,EUR,United States
ORD-42-0001316,CUST-000124,2025-05-23,sports,9,96.27,GBP,Germany
ORD-42-0001317,CUST-000076,2025-05-04,grocery,1,"59,11",EUR,United States
ORD-42-0001318,CUST-000360,2025-05-19,grocery,8,10.79,RWF,United Kingdom
ORD-42-0001319,CUST-000125,2025-09-20,home,10,414.9,RWF,Rwanda
ORD-42-0001320,CUST-000171,2025-12-28,electronics,7,489.76,RWF,United States
ORD-42-0001321,CUST-000297,2025-03-02,sports,9,499.51,USD,Germany
ORD-42-0001322,CUST-000205,2025-04-28,toys,10,362.58,RWF,Kenya
ORD-42-0001323,,2025-12-01,toys,1,211.58,GBP,United Kingdom
ORD-42-0001324,CUST-000033,2025-08-17,sports,7,444.68,USD,Germany
ORD-42-0001325,CUST-000319,2025-02-05,home,8,349.06,USD,Kenya
ORD-42-0001326,CUST-000148,2025-09-25,  grocery  ,6,219.62,KES,Kenya
ORD-42-0001327,CUST-000301,2025-01-16,home,10,426.87,RWF,Kenya
ORD-42-0001328,CUST-000453,2025-08-04,sports,7,479.94,GBP,Germany
ORD-42-0001329,CUST-000410,2025-10-11,toys,4,141.95,USD,United States
ORD-42-0001330,CUST-000248,2025-10-27,apparel,4,79.0,RWF,Rwanda
ORD-42-0001331,  CUST-000407  ,2025-06-03,grocery,5,118.12,KES,Rwanda
,CUST-000010,2025-07-02,home,6,338.79,EUR,United Kingdom
ORD-42-0001333,CUST-000017,2025-11-30,home,7,57.87,EUR,Rwanda
ORD-42-0001334,CUST-000288,2025-09-09,grocery,5,496.84,GBP,Rwanda
ORD-42-0001335,CUST-000395,2025-03-22,home,3,426.85,KES,United Kingdom
ORD-42-0001336,CUST-000343,2025-11-09,sports,1,463.39,RWF,Germany
ORD-42-0001337,CUST-000493,2025-11-06,electronics,10,305.22,USD,United Kingdom
,CUST-000022,2025-04-17,electronics,3,315.33,EUR,Ghana
ORD-42-0001339,CUST-000081,2025-08-05,sports,8,381.22,RWF,United States
ORD-42-0001340,CUST-000446,2025-11-12,apparel,6,167.97,EUR,Rwanda
ORD-42-0001341,CUST-000435,2025-09-20,grocery,7,$384.84,USD,Kenya
ORD-42-0001342,CUST-000428,2025-05-04,home,5,253.01,USD,Ghana
ORD-42-0001343,CUST-000191,2025-06-03,home,4,76.65,KES,Germany
ORD-42-0001344,CUST-000404,2025-09-07,apparel,7,207.29,RWF,Germany
ORD-42-0001345,CUST-000488,2025-04-12,sports,6,471.93,RWF,Kenya
ORD-42-0001346,CUST-000395,2025-12-27,sports,9,471.88,USD,Ghana
ORD-42-0001347,CUST-000162,not-a-date,apparel,7,31.67,USD,
ORD-42-0001822,  CUST-000473  ,2025-02-07,apparel,10,29.85,KES,Ghana
ORD-42-0001349,CUST-000215,2025-06-10,sports,9,436.9,GBP,Ghana
ORD-42-0001350,CUST-000005,2025-08-11,toys,10,460.3,RWF,Germany
ORD-42-0001351,CUST-000330,2025-09-18,toys,10,394.38,RWF,United States
ORD-42-0001352,,2025-02-03,grocery,-4,440.61,USD,Rwanda
ORD-42-0001353,CUST-000276,2025-07-14,grocery,3,260.71,KES,Ghana
ORD-42-0001354,CUST-000110,2025-11-15,toys,9,156.81,GBP,United States
ORD-42-0001355,CUST-000082,2025-12-21,electronics,9,296.66,EUR,Ghana
ORD-42-0001356,CUST-000372,2025-05-30,toys,2,366.26,GBP,Ghana
ORD-42-0001357,CUST-000322,2025-04-17,home,2,24.82,USD,Germany
ORD-42-0001358,CUST-000153,2025-03-14,sports,1,227.12,EUR,United States
ORD-42-0001359,CUST-000298,2025-03-18,sports,9,"422,40",EUR,Ghana
ORD-42-0001360,CUST-000154,2025-08-09,sports,10,336.54,RWF,United Kingdom
ORD-42-0001361,CUST-000378,2025-08-28,electronics,6,258.71,EUR,Ghana
ORD-42-0002032,CUST-000233,2030-11-03,apparel,7,414.39,USD,Rwanda
ORD-42-0001363,CUST-000032,2025-05-29,apparel,8,108.18,USD,Ghana
ORD-42-0001364,CUST-000347,2025-04-07,grocery,10,279.93,RWF,Ghana
ORD-42-0001365,CUST-000300,2025-04-21,sports,7,498.26,RWF,United States
ORD-42-0001366,CUST-000499,2025-06-02,apparel,3,253.39,RWF,United States
ORD-42-0001367,CUST-000235,2025-10-27,sports,9,431.77,USD,United States
ORD-42-0001368,CUST-000109,2025-05-13,grocery,1,373.5,KES,Ghana
ORD-42-0001369,CUST-000472,2025-11-02,toys,7,56.06,GBP,United Kingdom
ORD-42-0001370,CUST-000149,2025-12-12,toys,3,59.75,GBP,Ghana
ORD-42-0001371,CUST-000156,2025-08-04,grocery,1,395.81,EUR,United Kingdom
ORD-42-0001372,CUST-000216,2025-12-08,home,5,108.58,RWF,Rwanda
ORD-42-0001373,CUST-000063,2025-03-27,home,2,435.34,RWF,Germany
ORD-42-0001374,CUST-000294,2025-07-27,toys,8,$450.24,RWF,Germany
ORD-42-0001375,CUST-000428,2025-02-25,apparel,3,252.88,RWF,Germany
ORD-42-0001376,CUST-000342,2025-05-17,apparel,6,45.57,KES,United States
ORD-42-0001377,CUST-000320,2025-06-06,grocery,4,450.22,GBP,UNITED KINGDOM
ORD-42-0001378,CUST-000024,2025-01-23,grocery,5,323.31,EUR,United States
ORD-42-0001379,CUST-000013,2025-03-15,sports,5,280.96,USD,United States
ORD-42-0001380,CUST-000287,2025-11-19,apparel,10,271.38,USD,United Kingdom
ORD-42-0001381,  CUST-000268  ,2025-09-27,grocery,9,448.54,USD,United States
ORD-42-0001382,CUST-000480,2025-04-04,apparel,1,138.21,EUR,Kenya
ORD-42-0001383,CUST-000425,2025-01-05,toys,8,43.24,KES,United Kingdom
ORD-42-0001384,CUST-000165,2025-06-10,toys,1,246.25,USD,Ghana
ORD-42-0001385,CUST-000224,2025-10-01,grocery,1,429.96,GBP,Germany
ORD-42-0001386,CUST-000132,2025-11-16,electronics,2,271.35,GBP,Kenya
ORD-42-0001387,CUST-000094,2025-08-24,electronics,3,154.09,RWF,United States
ORD-42-0001388,CUST-000087,2025-12-02,toys,6,91.55,USD,Ghana
ORD-42-0001389,CUST-000200,2025-11-12,home,3,207.0,GBP,Ghana
ORD-42-0001390,CUST-000193,2025-11-01,electronics,4,120.57,KES,United Kingdom
ORD-42-0001391,CUST-000122,2025-04-24,toys,9,193.14,USD,Ghana
ORD-42-0001392,CUST-000032,2025-07-23,grocery,9,204.13,RWF,Rwanda
ORD-42-0001393,CUST-000209,2025-02-11,apparel,1,135.31,KES,United States
ORD-42-0001394,CUST-000052,2025-08-28,toys,3,153.0,RWF,Germany
ORD-42-0001395,CUST-000043,2025-02-10,toys,4,391.66,EUR,Ghana
ORD-42-0001396,CUST-000277,2025-10-07,apparel,9,476.35,KES,Germany
ORD-42-0001397,CUST-000022,2026-01-01,grocery,10,145.34,EUR,Rwanda
ORD-42-0001398,CUST-000031,2025-04-30,home,10,126.19,RWF,Ghana
ORD-42-0001399,CUST-000432,2025-02-12,apparel,10,420.5,GBP,Rwanda
ORD-42-0001400,CUST-000083,2025-04-03,toys,2,151.02,RWF,United States
,CUST-000063,2025-10-22,sports,9,499.41,RWF,Kenya
ORD-42-0001402,  CUST-000313  ,2025-04-18,home,6,317.95,RWF,Ghana
ORD-42-0001403,CUST-000126,2025-01-27,home,6,106.1,KES,Ghana
ORD-42-0001404,CUST-000009,2025-01-12,apparel,1,304.78,USD,Rwanda
ORD-42-0001405,CUST-000345,2025-10-05,grocery,9,447.74,RWF,Germany
ORD-42-0001406,CUST-000276,2025-11-21,sports,2,269.79,RWF,United States
ORD-42-0001407,CUST-000064,2025-07-05,grocery,10,179.62,EUR,UNITED STATES
ORD-42-0001408,CUST-000005,2025-10-30,grocery,6,468.19,RWF,Rwanda
ORD-42-0001409,CUST-000114,2025-12-22,home,6,96.56,KES,United States
ORD-42-0001410,CUST-000156,2025-09-10,apparel,8,483.68,USD,Ghana
ORD-42-0001411,CUST-000253,2025-01-06,sports,10,105.33,EUR,United States
ORD-42-0001412,CUST-000203,2025-11-06,home,10,250.66,EUR,United Kingdom
ORD-42-0001413,CUST-000100,2025-01-29,sports,10,336.42,KES,UNITED KINGDOM
ORD-42-0001414,CUST-000090,2025-11-29,  toys  ,3,373.24,EUR,Ghana
ORD-42-0001415,CUST-000478,2025-03-16,apparel,9,364.72,GBP,Kenya
ORD-42-0001416,CUST-000435,2025-01-19,electronics,9,307.61,KES,Germany
ORD-42-0001417,CUST-000002,2025-05-28,sports,1,427.08,GBP,Germany
ORD-42-0001418,CUST-000433,2025-06-07,home,2,340.41,RWF,Germany
ORD-42-0001419,CUST-000186,2025-04-12,electronics,4,24.44,RWF,United Kingdom
ORD-42-0001420,CUST-000230,2025-07-24,electronics,7,98.11,USD,United Kingdom
ORD-42-0001421,CUST-000414,2025-12-20,sports,4,489.07,RWF,rwanda
ORD-42-0001422,CUST-000470,2025-08-27,apparel,3,165.28,USD,United States
ORD-42-0001423,CUST-000321,2025-11-13,electronics,8,$216.54,USD,United Kingdom
ORD-42-0001424,CUST-000409,2025-02-15,home,5,124.33,RWF,Kenya
ORD-42-0001425,CUST-000491,2025-07-11,electronics,6,260.32,EUR,Rwanda
ORD-42-0001426,  CUST-000398  ,2025-02-28,toys,8,382.29,RWF,United Kingdom
ORD-42-0001427,CUST-000064,2025-11-19,unobtainium,1,189.32,USD,Kenya
ORD-42-0001428,CUST-000032,2025-05-20,electronics,5,305.76,RWF,Rwanda
ORD-42-0001429,CUST-000053,2025-01-20,unobtainium,9,27.05,RWF,Germany
ORD-42-0001430,CUST-000050,2025-02-19,grocery,4,432.43,KES,Rwanda
ORD-42-0001431,CUST-000233,2025-06-19,grocery,7,440.09,KES,Rwanda
ORD-42-0001432,CUST-000174,2025-02-02,sports,1,227.58,GBP,United Kingdom
ORD-42-0001433,CUST-000099,2025-11-07,electronics,1,297.99,USD,United Kingdom
ORD-42-0001434,CUST-000405,2025-09-24,toys,3,319.04,GBP,Ghana
ORD-42-0001435,CUST-000216,2025-04-30,sports,10,"222,87",EUR,Kenya
ORD-42-0001436,CUST-000409,2025-12-10,electronics,3,156.52,RWF,United Kingdom
ORD-42-0001437,CUST-000492,2025-02-02,home,5,292.25,KES,Kenya
ORD-42-0001438,CUST-000076,not-a-date,home,10,172.11,GBP,Rwanda
ORD-42-0001439,CUST-000266,2025-03-07,sports,3,29.6,KES,UNITED KINGDOM
ORD-42-0001440,CUST-000440,2025-12-05,grocery,-6,98.51,EUR,United States
ORD-42-0001441,CUST-000466,2025-09-20,electronics,6,95.49,RWF,United States
ORD-42-0001442,CUST-000355,2025-05-07,toys,6,$426.15,KES,Ghana
ORD-42-0001443,CUST-000316,2025-08-01,grocery,6,81.98,RWF,Rwanda
ORD-42-0001444,CUST-000254,2025-09-11,electronics,4,346.92,RWF,United Kingdom
ORD-42-0001445,CUST-000110,2025-09-01,grocery,6,403.83,RWF,Kenya
ORD-42-0001446,CUST-000205,2025-09-29,electronics,6,5.94,GBP,Rwanda
ORD-42-0001447,CUST-000285,2025-11-04,apparel,5,220.76,KES,Ghana
ORD-42-0001448,CUST-000023,2025-12-17,apparel,4,142.77,EUR,Ghana
ORD-42-0001449,CUST-000369,2025-10-04,home,9,123.74,EUR,Rwanda
ORD-42-0001450,CUST-000091,2025-08-20,electronics,1,415.89,EUR,Germany
ORD-42-0001451,CUST-000336,2025-11-06,home,4,153.23,EUR,ghana
ORD-42-0001452,CUST-000415,2025-06-25,sports,3,470.64,KES,Germany
ORD-42-0001453,CUST-000450,2025-01-02,electronics,2,73.07,EUR,Kenya
ORD-42-0001454,CUST-000099,2025-04-04,grocery,6,159.66,RWF,United States
ORD-42-0001455,CUST-000126,2025-12-09,toys,10,95.36,KES,Ghana
ORD-42-0001456,CUST-000405,2025-10-17,home,4,27.58,GBP,Kenya
ORD-42-0001457,CUST-000436,2025-04-16,toys,8,105.41,USD,Germany
ORD-42-0001458,CUST-000405,2025-01-27,toys,2,84.55,RWF,United States
ORD-42-0001459,CUST-000385,2025-04-16,home,8,259.93,EUR,Ghana
ORD-42-0001460,CUST-000365,2025-06-24,toys,8,358.11,RWF,Germany
ORD-42-0001461,CUST-000138,2025-03-10,grocery,10,325.22,EUR,Kenya
ORD-42-0001462,CUST-000459,2025-09-20,grocery,4,198.55,GBP,
ORD-42-0001463,,2025-06-22,toys,3,467.81,GBP,Ghana
ORD-42-0001464,CUST-000282,2025-11-19,apparel,2,148.23,KES,Ghana
ORD-42-0001465,CUST-000118,2025-03-09,electronics,8,256.62,GBP,Germany
ORD-42-0001466,CUST-000231,2025-05-07,grocery,7,184.39,RWF,Ghana
ORD-42-0001467,CUST-000140,2025-06-20,electronics,3,221.4,GBP,United States
ORD-42-0001468,CUST-000039,2025-07-02,electronics,5,421.46,KES,United Kingdom
ORD-42-0001469,CUST-000330,2025-11-22,home,4,$50.11,USD,Ghana
ORD-42-0001470,CUST-000020,2025-03-28,apparel,6,99.13,GBP,Ghana
ORD-42-0001471,CUST-000155,2025-01-17,home,4,353.12,EUR,United States
ORD-42-0001472,CUST-000379,2025-03-29,home,1,385.27,GBP,Ghana
ORD-42-0001473,CUST-000401,2025-06-09,grocery,10,379.15,USD,Germany
ORD-42-0001474,CUST-000335,2025-04-14,apparel,7,114.56,EUR,
ORD-42-0001475,CUST-000120,2025-04-12,toys,9,379.05,RWF,Ghana
ORD-42-0001476,CUST-000406,2025-11-19,home,4,214.97,RWF,Kenya
ORD-42-0001477,CUST-000225,2025-05-16,toys,1,187.98,KES,kenya
ORD-42-0001478,CUST-000157,2025-12-28,grocery,6,170.57,RWF,Germany
ORD-42-0001479,CUST-000352,2025-06-09,sports,9,150.52,KES,Rwanda
ORD-42-0001480,CUST-000291,2025-12-16,apparel,3,488.64,GBP,United Kingdom
ORD-42-0001481,CUST-000323,2025-02-27,toys,10,433.61,RWF,Kenya
ORD-42-0001482,CUST-000486,2025-06-15,electronics,9,193.83,RWF,Rwanda
ORD-42-0001483,CUST-000169,2025-03-16,grocery,5,47.53,USD,United States
ORD-42-0001484,CUST-000284,2025-10-03,electronics,10,244.82,EUR,Kenya
ORD-42-0001485,CUST-000036,2025-06-18,home,4,117.29,KES,Rwanda
ORD-42-0001486,CUST-000233,2025-12-03,home,9,"6,51",GBP,GERMANY
ORD-42-0001487,CUST-000201,2025-10-13,electronics,3,268.69,RWF,United States
ORD-42-0001488,CUST-000036,2025-06-16,apparel,3,$435.35,GBP,Germany
ORD-42-0001489,CUST-000419,2025-01-03,sports,8,$80.23,KES,Ghana
ORD-42-0001490,CUST-000301,2025-09-20,  toys  ,8,138.45,USD,Kenya
ORD-42-0001491,CUST-000229,2025-11-30,grocery,10,403.98,KES,Ghana
ORD-42-0001492,CUST-000467,2025-03-16,grocery,8,231.89,USD,United States
ORD-42-0001493,CUST-000047,2025-08-07,sports,8,174.04,GBP,Germany
ORD-42-0001494,CUST-000314,2025-10-04,grocery,4,90.61,KES,United States
ORD-42-0001495,CUST-000222,2025-05-12,grocery,3,349.56,USD,Germany
ORD-42-0001496,CUST-000358,2025-12-10,apparel,3,137.61,KES,Ghana
ORD-42-0001497,CUST-000342,2025-11-28,sports,4,454.46,RWF,United Kingdom
ORD-42-0001498,CUST-000063,2025-06-27,electronics,2,252.69,GBP,Germany
ORD-42-0001499,CUST-000231,2025-10-09,home,4,253.53,RWF,Rwanda
ORD-42-0001500,CUST-000038,2025-02-08,sports,8,191.2,RWF,Kenya
ORD-42-0001501,CUST-000204,2025-12-13,electronics,5,58.23,EUR,Ghana
ORD-42-0001502,CUST-000344,2025-05-09,grocery,8,35.05,KES,United States
ORD-42-0002897,CUST-000125,2025-01-01,grocery,3,235.92,GBP,Kenya
ORD-42-0001504,CUST-000088,2025-12-23,toys,2,89.44,USD,United Kingdom
ORD-42-0001505,CUST-000380,2025-06-15,apparel,2,336.02,USD,United States
ORD-42-0001506,CUST-000140,2025-10-15,grocery,6,89.79,USD,United States
ORD-42-0001507,CUST-000273,2025-09-13,grocery,1,418.41,KES,United States
ORD-42-0001508,CUST-000340,2025-01-29,electronics,7,345.48,RWF,Rwanda
ORD-42-0001509,CUST-000307,2025-12-30,electronics,7,383.79,EUR,Ghana
ORD-42-0001510,CUST-000466,2025-09-01,apparel,2,$9.00,USD,Rwanda
ORD-42-0001511,CUST-000173,2025-09-25,sports,2,111.06,USD,United States
ORD-42-0001512,CUST-000086,2025-10-08,electronics,7,256.74,GBP,Ghana
ORD-42-0001513,CUST-000288,2025-02-15,apparel,10,104.35,KES,Germany
ORD-42-0001514,CUST-000481,2025-05-27,electronics,4,107.68,GBP,Ghana
ORD-42-0001515,CUST-000089,2025-12-25,grocery,6,6.98,EUR,Germany
ORD-42-0001516,CUST-000113,2025-11-29,sports,5,$325.32,GBP,Rwanda
ORD-42-0001517,CUST-000035,2025-09-12,grocery,5,384.01,RWF,Rwanda
ORD-42-0001518,CUST-000365,2025-04-02,toys,3,126.72,USD,United Kingdom
ORD-42-0001519,CUST-000167,2025-02-12,sports,7,339.27,EUR,Ghana
ORD-42-0001520,CUST-000090,2025-02-10,sports,6,489.03,RWF,Rwanda
ORD-42-0001521,CUST-000172,2025-12-23,toys,10,225.01,KES,United States
ORD-42-0002831,CUST-000380,2025-09-04,toys,10,352.61,USD,Kenya
ORD-42-0001523,CUST-000011,2025-02-20,electronics,5,118.96,RWF,Kenya
ORD-42-0001524,CUST-000318,2025-11-22,  electronics  ,3,187.89,GBP,Kenya
ORD-42-0001525,CUST-000078,2025-06-23,apparel,1,119.79,KES,Germany
ORD-42-0001526,CUST-000379,2025-07-17,apparel,5,159.45,USD,United Kingdom
ORD-42-0001527,CUST-000406,2025-06-03,sports,5,375.52,EUR,United States
ORD-42-0001528,CUST-000170,2025-07-10,apparel,4,270.12,EUR,United States
ORD-42-0001529,CUST-000357,2025-09-10,toys,7,261.21,EUR,Germany
ORD-42-0001530,CUST-000323,2025-12-29,electronics,8,35.92,EUR,Rwanda
ORD-42-0001531,CUST-000325,2025-10-21,apparel,3,46.79,KES,United Kingdom
ORD-42-0001532,CUST-000426,2025-09-19,apparel,9,40.0,RWF,Ghana
ORD-42-0001533,CUST-000085,2025-09-22,apparel,7,89.04,EUR,Ghana
ORD-42-0001534,CUST-000147,2025-03-12,grocery,4,136.66,RWF,Rwanda
ORD-42-0001535,CUST-000487,2025-07-01,grocery,7,84.72,RWF,Germany
ORD-42-0001536,CUST-000259,2025-02-23,sports,7,"380,40",RWF,Rwanda
ORD-42-0001537,CUST-000391,2025-06-20,grocery,2,379.67,GBP,United Kingdom
ORD-42-0001538,CUST-000276,2025-10-15,toys,3,129.39,RWF,Ghana
ORD-42-0001539,CUST-000233,2025-08-09,grocery,9,303.41,USD,Ghana
ORD-42-0001540,CUST-000070,2025-05-06,apparel,3,458.15,USD,Rwanda
ORD-42-0001541,CUST-000442,2025-04-20,sports,6,246.24,RWF,Germany
ORD-42-0001542,CUST-000497,2025-06-24,grocery,8,154.6,KES,RWANDA
ORD-42-0001543,CUST-000210,2025-12-13,electronics,7,466.13,EUR,Kenya
ORD-42-0001544,CUST-000391,2025-05-23,home,6,255.29,RWF,United States
ORD-42-0001545,CUST-000353,2025-06-27,sports,1,"325,80",RWF,United States
ORD-42-0001546,CUST-000127,2025-08-30,grocery,1,460.81,GBP,United States
ORD-42-0001547,CUST-000362,2025-01-20,electronics,3,131.4,RWF,United States
ORD-42-0001548,CUST-000076,2025-08-24,apparel,10,289.59,EUR,Rwanda
ORD-42-0001549,CUST-000060,2025-11-15,sports,7,199.44,KES,Rwanda
ORD-42-0001550,CUST-000266,2025-09-27,grocery,3,415.05,GBP,United States
ORD-42-0001551,CUST-000155,2025-04-20,toys,7,293.45,RWF,United States
ORD-42-0001552,CUST-000446,2025-11-17,electronics,10,388.57,GBP,Kenya
ORD-42-0001553,CUST-000138,2025-09-16,sports,7,349.81,USD,Kenya
ORD-42-0001554,CUST-000418,2025-04-25,unobtainium,2,35.85,RWF,United Kingdom
ORD-42-0002282,CUST-000214,2025-01-31,  home  ,7,86.15,GBP,Kenya
ORD-42-0001556,CUST-000361,2025-10-25,apparel,8,91.81,USD,Germany
ORD-42-0001557,CUST-000291,not-a-date,apparel,4,30.43,EUR,Kenya
ORD-42-0000326,CUST-000133,2025-06-06,grocery,10,55.49,EUR,Rwanda
ORD-42-0004594,CUST-000151,2025-11-19,grocery,2,139.1,GBP,Rwanda
ORD-42-0001560,CUST-000300,2025-09-03,grocery,8,336.73,USD,Rwanda
ORD-42-0001561,CUST-000032,2025-08-18,electronics,10,"394,81",USD,Rwanda
ORD-42-0001562,CUST-000109,2025-04-09,electronics,7,301.89,GBP,Germany
ORD-42-0001563,CUST-000243,2025-07-13,toys,7,168.94,GBP,Ghana
ORD-42-0001564,CUST-000419,2025-09-01,home,7,189.84,USD,Ghana
ORD-42-0001565,CUST-000448,2025-07-16,electronics,1,$229.00,RWF,United States
ORD-42-0001566,CUST-000428,2025-10-22,electronics,10,62.32,KES,Ghana
ORD-42-0001567,CUST-000487,2025-01-08,apparel,6,226.51,RWF,United Kingdom
ORD-42-0001568,CUST-000212,2025-01-28,apparel,1,493.1,GBP,Rwanda
ORD-42-0002987,CUST-000325,2025-07-01,electronics,6,$339.29,EUR,United Kingdom
ORD-42-0001570,CUST-000249,2025-06-11,sports,10,397.19,GBP,Germany
ORD-42-0001571,CUST-000481,2025-05-03,sports,2,367.4,GBP,United Kingdom
ORD-42-0001572,CUST-000100,2025-01-02,apparel,9,438.24,KES,Rwanda
ORD-42-0001573,CUST-000066,2025-04-22,electronics,5,416.34,KES,Germany
ORD-42-0001574,CUST-000087,2025-05-18,electronics,8,331.66,EUR,Kenya
,CUST-000109,2025-10-06,sports,2,53.63,USD,Kenya
ORD-42-0001576,CUST-000476,2025-07-18,grocery,5,110.97,GBP,United States
ORD-42-0001577,CUST-000244,2025-01-23,electronics,3,$461.45,RWF,Rwanda
ORD-42-0001578,CUST-000408,2025-01-12,home,4,465.96,KES,Rwanda
ORD-42-0001579,CUST-000330,2025-07-10,grocery,7,327.31,KES,Germany
ORD-42-0001580,CUST-000414,2025-09-04,apparel,5,58.73,USD,Rwanda
ORD-42-0001581,CUST-000046,2025-07-11,sports,10,468.67,USD,United Kingdom
ORD-42-0001582,CUST-000189,2025-10-28,home,7,288.88,USD,Ghana
ORD-42-0001583,CUST-000032,2025-03-05,toys,4,423.71,RWF,Ghana
ORD-42-0001584,CUST-000395,2025-06-29,sports,3,260.36,KES,United Kingdom
ORD-42-0001585,CUST-000114,2025-11-08,grocery,1,269.61,RWF,Ghana
ORD-42-0001586,CUST-000075,2025-08-03,apparel,8,340.31,EUR,United Kingdom
ORD-42-0001587,CUST-000146,2025-10-19,sports,1,299.84,GBP,United Kingdom
ORD-42-0001588,CUST-000353,2025-10-30,home,10,239.66,EUR,germany
ORD-42-0001589,CUST-000150,2025-01-06,grocery,1,490.59,GBP,Kenya
ORD-42-0001590,CUST-000424,2025-09-16,sports,4,$350.50,USD,Kenya
ORD-42-0001591,CUST-000439,2025-04-27,sports,7,150.25,EUR,Rwanda
ORD-42-0001592,CUST-000281,2025-06-15,home,-7,339.27,GBP,Germany
ORD-42-0001593,CUST-000201,2025-11-26,toys,5,141.9,EUR,United States
ORD-42-0001594,CUST-000439,2025-03-27,grocery,2,66.32,KES,  Rwanda  
ORD-42-0001595,CUST-000436,2025-01-03,home,8,327.66,KES,Kenya
ORD-42-0001596,CUST-000227,2025-01-10,grocery,5,448.71,EUR,Kenya
ORD-42-0001597,CUST-000412,2025-09-23,sports,1,181.75,KES,Rwanda
ORD-42-0001598,CUST-000348,2025-10-18,grocery,7,340.04,EUR,Rwanda
ORD-42-0001599,CUST-000050,2025-07-03,grocery,3,472.59,USD,United Kingdom
ORD-42-0001600,CUST-000333,2025-07-12,toys,7,484.89,RWF,Kenya
ORD-42-0001601,CUST-000018,2025-11-02,apparel,7,244.82,KES,Kenya
ORD-42-0001602,CUST-000335,2025-06-23,sports,2,389.09,RWF,Ghana
ORD-42-0001603,CUST-000324,2025-02-01,grocery,6,6.79,USD,Rwanda
ORD-42-0001604,CUST-000063,2025-04-26,sports,9,113.24,KES,United Kingdom
ORD-42-0001605,CUST-000294,2025-05-01,home,2,397.38,EUR,Germany
ORD-42-0001606,CUST-000248,2025-02-05,sports,7,149.88,EUR,Rwanda
ORD-42-0001607,CUST-000167,2025-11-30,sports,9,93.26,USD,Germany
ORD-42-0001608,CUST-000285,2025-04-02,  toys  ,8,32.9,KES,United Kingdom
ORD-42-0001609,CUST-000366,2025-02-02,electronics,4,482.87,USD,Kenya
ORD-42-0001610,CUST-000442,2025-03-01,sports,3,3.66,RWF,Ghana
ORD-42-0001611,CUST-000063,2025-12-12,apparel,10,103.91,EUR,Rwanda
ORD-42-0001612,CUST-000288,2025-08-23,electronics,2,489.98,KES,Ghana
ORD-42-0001613,CUST-000187,2025-03-29,apparel,7,488.57,USD,Kenya
ORD-42-0001614,CUST-000154,2025-12-09,toys,5,329.92,RWF,Kenya
ORD-42-0001615,CUST-000296,2025-04-25,sports,6,261.81,GBP,United Kingdom
ORD-42-0001616,CUST-000276,2025-04-15,apparel,2,331.65,USD,KENYA
ORD-42-0001617,CUST-000019,2025-09-27,apparel,5,428.19,EUR,Kenya
ORD-42-0001618,CUST-000309,2025-03-25,apparel,10,180.17,EUR,United States
ORD-42-0001619,CUST-000319,2025-05-30,electronics,9,128.23,RWF,United States
ORD-42-0001620,CUST-000463,2025-10-10,grocery,8,$42.54,GBP,United States
ORD-42-0001621,CUST-000218,2025-01-11,apparel,9,102.68,GBP,United States
ORD-42-0001622,CUST-000357,2025-02-05,apparel,6,282.26,KES,United Kingdom
ORD-42-0001623,CUST-000084,2025-06-01,apparel,6,496.23,RWF,Germany
ORD-42-0001624,CUST-000014,2025-02-26,apparel,2,$135.79,KES,Rwanda
ORD-42-0001625,CUST-000351,2025-03-27,grocery,2,165.35,USD,Ghana
ORD-42-0001626,CUST-000466,2025-07-15,home,3,434.56,EUR,Ghana
ORD-42-0001627,CUST-000006,2025-11-12,grocery,4,189.94,USD,Rwanda
,CUST-000090,2025-04-07,sports,5,294.82,RWF,Rwanda
ORD-42-0001629,,2025-07-07,sports,10,432.83,KES,Ghana
ORD-42-0001630,CUST-000312,2025-11-12,electronics,3,159.68,RWF,  Kenya  
ORD-42-0001631,CUST-000177,2025-01-19,toys,9,297.71,RWF,Germany
ORD-42-0001632,CUST-000304,2025-10-28,home,1,343.64,EUR,United States
ORD-42-0001633,CUST-000065,2025-10-20,grocery,10,$367.98,USD,United States
ORD-42-0001634,CUST-000328,2025-06-26,sports,4,339.43,RWF,United States
ORD-42-0001635,CUST-000235,2025-09-30,grocery,6,399.44,KES,Ghana
ORD-42-0001636,CUST-000142,2025-05-27,toys,4,153.29,USD,Ghana
ORD-42-0001637,CUST-000209,2025-07-25,electronics,2,39.27,EUR,Rwanda
ORD-42-0001638,CUST-000085,2025-03-13,electronics,2,371.96,KES,Germany
ORD-42-0001639,  CUST-000414  ,2025-12-27,grocery,9,466.29,EUR,Germany
ORD-42-0001640,CUST-000255,2025-04-13,sports,9,349.24,RWF,Rwanda
ORD-42-0001641,CUST-000316,2025-09-26,sports,1,357.37,KES,United States
ORD-42-0001642,CUST-000177,2025-08-29,sports,9,342.35,USD,United Kingdom
ORD-42-0001643,CUST-000230,2025-10-07,sports,9,452.0,EUR,Rwanda
ORD-42-0001644,CUST-000188,not-a-date,toys,6,476.29,RWF,Germany
ORD-42-0001645,CUST-000195,2025-10-06,home,2,169.64,EUR,United Kingdom
ORD-42-0001646,CUST-000436,2025-11-02,  home  ,5,242.08,GBP,Kenya
ORD-42-0001647,,2025-02-12,toys,7,109.51,GBP,United States
ORD-42-0001648,CUST-000264,2025-12-14,grocery,10,424.33,USD,Ghana
ORD-42-0001649,CUST-000004,2025-02-20,grocery,6,149.88,USD,Rwanda
ORD-42-0001650,CUST-000180,2025-09-28,grocery,6,5.42,RWF,Germany
ORD-42-0001651,CUST-000102,2025-11-19,toys,9,449.36,RWF,Rwanda
ORD-42-0001652,CUST-000468,2025-04-27,electronics,3,384.95,GBP,Kenya
ORD-42-0001653,CUST-000241,2025-06-13,home,5,182.88,EUR,United Kingdom
ORD-42-0001654,CUST-000416,2025-08-17,electronics,8,328.48,RWF,Kenya
ORD-42-0001655,CUST-000072,2025-07-04,sports,7,3.9,EUR,Rwanda
ORD-42-0001656,CUST-000098,2025-08-09,electronics,3,197.88,GBP,
ORD-42-0001657,CUST-000083,2025-01-25,apparel,8,479.89,GBP,Rwanda
ORD-42-0001658,CUST-000216,2025-04-26,toys,8,400.11,EUR,Ghana
ORD-42-0001659,CUST-000385,2025-06-11,toys,7,66.58,USD,Rwanda
ORD-42-0001660,CUST-000065,2025-10-14,home,9,7.81,EUR,Rwanda
ORD-42-0001661,CUST-000348,2025-07-10,grocery,10,368.98,RWF,Germany
ORD-42-0001662,CUST-000149,2025-08-10,grocery,2,380.69,EUR,United Kingdom
ORD-42-0001663,CUST-000079,2025-04-15,apparel,4,141.29,USD,Ghana
ORD-42-0001664,CUST-000359,2025-08-28,sports,7,100.01,USD,United States
ORD-42-0001665,CUST-000374,2025-04-19,toys,3,95.15,KES,United States
ORD-42-0001666,CUST-000325,2025-10-17,apparel,2,67.02,USD,Ghana
ORD-42-0001207,CUST-000099,2025-10-19,grocery,1,"308,62",USD,Rwanda
ORD-42-0001668,CUST-000195,2025-06-07,toys,5,350.38,EUR,Kenya
ORD-42-0001669,CUST-000173,2025-05-28,grocery,1,255.42,USD,Ghana
ORD-42-0001670,CUST-000057,2025-08-17,home,5,471.56,RWF,Kenya
ORD-42-0001671,CUST-000164,2025-12-08,apparel,1,1.27,GBP,  Kenya  
ORD-42-0001672,CUST-000147,2025-05-05,home,10,51.28,EUR,Ghana
ORD-42-0002704,CUST-000486,2025-04-25,home,6,152.87,USD,United States
ORD-42-0001674,CUST-000007,2025-01-17,toys,3,166.27,GBP,united states
ORD-42-0001675,CUST-000399,2025-03-06,toys,10,186.42,GBP,Kenya
ORD-42-0001676,CUST-000300,2025-06-19,electronics,2,66.11,KES,Rwanda
ORD-42-0001677,CUST-000022,2025-03-07,sports,4,97.27,RWF,Rwanda
ORD-42-0001678,CUST-000039,2025-03-28,toys,6,151.44,RWF,Kenya
ORD-42-0001679,CUST-000274,2025-10-15,electronics,3,96.66,KES,United States
ORD-42-0001680,CUST-000130,2025-03-21,home,6,224.79,USD,Germany
ORD-42-0001681,CUST-000035,2025-04-29,unobtainium,9,465.73,KES,Rwanda
ORD-42-0001682,CUST-000086,2025-03-01,home,3,145.54,KES,
ORD-42-0001683,CUST-000407,2025-01-11,apparel,7,248.02,KES,United Kingdom
ORD-42-0001684,CUST-000498,2025-11-24,apparel,8,375.61,RWF,United Kingdom
ORD-42-0001685,CUST-000400,2025-06-16,grocery,10,136.48,EUR,Rwanda
ORD-42-0001686,CUST-000082,2025-03-15,apparel,10,348.66,KES,Germany
ORD-42-0001687,CUST-000258,2025-01-04,sports,9,130.16,EUR,Ghana
ORD-42-0001688,CUST-000363,2025-08-17,toys,2,86.38,USD,United Kingdom
ORD-42-0001689,CUST-000122,2025-08-05,electronics,3,471.08,GBP,Kenya
ORD-42-0001690,CUST-000139,2025-12-06,sports,4,494.78,EUR,United Kingdom
ORD-42-0001691,CUST-000060,2026-01-01,sports,6,316.71,GBP,Ghana
ORD-42-0001692,CUST-000043,2025-01-05,toys,5,361.32,RWF,United Kingdom
ORD-42-0001693,CUST-000151,2025-07-19,electronics,1,412.14,EUR,United States
ORD-42-0001694,CUST-000495,2025-08-11,apparel,-5,485.83,KES,United States
ORD-42-0001695,CUST-000445,2025-03-09,electronics,7,472.88,GBP,United States
ORD-42-0001696,CUST-000325,2025-02-26,toys,4,408.61,EUR,Ghana
ORD-42-0001697,CUST-000138,2025-09-19,unobtainium,7,78.67,EUR,United States
ORD-42-0001698,CUST-000372,2025-05-24,home,3,451.18,USD,Germany
ORD-42-0001699,CUST-000093,2025-05-11,apparel,3,95.24,RWF,United States
ORD-42-0001700,CUST-000093,2025-02-04,home,1,155.77,EUR,Germany
ORD-42-0001701,CUST-000352,2025-02-24,apparel,2,72.62,RWF,Kenya
ORD-42-0001702,CUST-000233,2025-02-05,grocery,2,$362.43,EUR,United States
ORD-42-0001703,CUST-000385,2025-12-26,toys,2,189.56,USD,Rwanda
ORD-42-0001704,CUST-000424,2025-12-26,sports,1,66.96,USD,Ghana
ORD-42-0001705,CUST-000074,2025-02-14,toys,1,396.41,USD,Rwanda
ORD-42-0001706,CUST-000278,2025-07-12,sports,2,101.96,RWF,United Kingdom
ORD-42-0001707,CUST-000457,2025-05-19,apparel,5,166.55,EUR,Kenya
ORD-42-0001708,CUST-000029,2025-03-29,sports,5,314.12,USD,Rwanda
ORD-42-0001709,CUST-000423,2025-12-10,electronics,9,149.07,KES,Germany
ORD-42-0001710,CUST-000073,2026-01-01,apparel,1,114.11,RWF,Kenya
ORD-42-0001711,CUST-000181,2025-01-31,home,4,460.92,RWF,United States
ORD-42-0001712,CUST-000453,2025-11-05,grocery,3,495.39,EUR,Rwanda
ORD-42-0001713,CUST-000490,2025-08-10,home,2,308.23,USD,Ghana
ORD-42-0001714,CUST-000473,2025-11-19,electronics,10,76.4,RWF,United Kingdom
ORD-42-0001715,CUST-000172,2025-02-28,apparel,7,75.96,GBP,United Kingdom
,CUST-000419,2025-08-08,home,2,136.28,RWF,United States
ORD-42-0001717,CUST-000189,2025-08-19,sports,2,394.64,EUR,United States
ORD-42-0001718,CUST-000076,2025-07-22,apparel,7,223.9,RWF,Rwanda
ORD-42-0001719,CUST-000058,2025-03-12,grocery,5,73.19,GBP,Kenya
ORD-42-0001720,CUST-000094,2025-06-18,home,6,247.61,RWF,United States
ORD-42-0001721,CUST-000499,2025-06-04,toys,6,69.97,EUR,Germany
ORD-42-0001722,CUST-000215,2025-03-26,grocery,9,267.35,KES,United Kingdom
ORD-42-0001723,CUST-000421,2025-09-06,grocery,2,290.9,RWF,United Kingdom
ORD-42-0001724,CUST-000296,2025-01-11,sports,4,351.84,EUR,Ghana
ORD-42-0001840,CUST-000002,2025-09-19,electronics,6,279.63,EUR,Rwanda
ORD-42-0001726,  CUST-000031  ,2025-07-07,home,3,148.05,EUR,United Kingdom
ORD-42-0001727,CUST-000498,2025-05-31,apparel,4,414.08,USD,United States
,CUST-000071,2025-11-02,sports,3,$189.35,USD,United States
ORD-42-0001729,CUST-000495,2025-05-29,home,1,351.0,KES,Rwanda
ORD-42-0001730,CUST-000245,2025-03-03,apparel,1,74.3,EUR,rwanda
ORD-42-0001731,CUST-000126,2025-11-23,electronics,10,415.7,RWF,Kenya
ORD-42-0001732,CUST-000392,2025-09-30,grocery,3,374.31,GBP,Germany
ORD-42-0001733,CUST-000211,2025-07-13,grocery,1,$144.10,EUR,Rwanda
ORD-42-0001734,CUST-000452,2025-02-07,electronics,10,375.82,KES,Kenya
ORD-42-0001735,,2025-06-13,grocery,8,277.52,GBP,United Kingdom
ORD-42-0001736,CUST-000257,2025-07-29,sports,4,212.41,EUR,Ghana
ORD-42-0001737,CUST-000499,2025-11-15,unobtainium,7,$488.99,EUR,United States
ORD-42-0001738,CUST-000109,2025-06-10,toys,1,110.23,EUR,United States
ORD-42-0001739,CUST-000500,2025-03-21,toys,2,408.46,RWF,Germany
ORD-42-0001740,CUST-000161,2025-02-01,sports,7,413.8,EUR,Rwanda
,CUST-000412,2025-06-25,sports,7,98.17,USD,Rwanda
ORD-42-0001742,CUST-000040,2025-06-30,toys,6,15.0,GBP,KENYA
ORD-42-0001743,CUST-000278,2025-11-08,electronics,4,298.96,GBP,Kenya
ORD-42-0001744,CUST-000283,2025-09-20,sports,1,120.93,USD,United Kingdom
ORD-42-0001745,CUST-000290,2025-12-10,toys,8,23.79,GBP,Rwanda
ORD-42-0004662,CUST-000484,2025-07-27,electronics,6,376.09,RWF,United Kingdom
ORD-42-0001747,CUST-000100,2025-07-24,grocery,6,486.95,USD,Ghana
ORD-42-0001748,CUST-000209,2025-04-19,electronics,9,403.94,EUR,Rwanda
ORD-42-0001749,CUST-000301,2025-06-20,grocery,10,434.54,USD,Ghana
ORD-42-0001750,CUST-000083,2025-10-16,sports,8,40.3,USD,United States
ORD-42-0003133,CUST-000119,2025-09-13,sports,3,384.64,EUR,United Kingdom
ORD-42-0001752,CUST-000265,2025-02-24,sports,-9,465.18,GBP,Germany
ORD-42-0001753,CUST-000403,2025-10-26,home,5,180.8,RWF,Rwanda
ORD-42-0001754,CUST-000457,2025-01-02,sports,7,120.32,KES,United Kingdom
ORD-42-0000361,CUST-000039,2025-10-15,toys,8,49.61,USD,Kenya
ORD-42-0001756,CUST-000393,2025-07-27,toys,2,249.96,RWF,Ghana
ORD-42-0001757,CUST-000087,2025-08-03,  apparel  ,2,140.78,GBP,Ghana
ORD-42-0001758,CUST-000046,2025-11-26,apparel,8,129.71,RWF,Ghana
ORD-42-0001759,CUST-000391,2025-05-20,sports,3,469.97,KES,Germany
ORD-42-0001760,CUST-000021,2025-06-29,home,7,205.11,KES,United States
ORD-42-0001761,CUST-000067,2025-05-21,home,9,422.57,GBP,ghana
ORD-42-0001762,CUST-000043,2025-01-17,  grocery  ,9,225.6,USD,united kingdom
,CUST-000330,2025-12-03,sports,4,350.17,KES,Rwanda
ORD-42-0001764,CUST-000080,2025-11-09,home,7,79.94,RWF,Rwanda
ORD-42-0001765,CUST-000115,2025-06-17,grocery,2,175.12,RWF,united states
ORD-42-0001766,CUST-000274,2025-05-08,electronics,2,90.96,USD,Germany
ORD-42-0001767,CUST-000394,2025-05-25,apparel,7,165.03,GBP,Ghana
ORD-42-0001768,CUST-000310,2025-04-28,apparel,8,58.05,RWF,Rwanda
ORD-42-0001769,CUST-000280,2025-10-14,unobtainium,3,320.47,GBP,United Kingdom
ORD-42-0001770,CUST-000017,2025-02-28,grocery,1,468.29,GBP,Germany
ORD-42-0001771,CUST-000243,2025-09-14,electronics,4,434.14,RWF,Ghana
ORD-42-0001772,CUST-000130,2025-02-10,apparel,2,$71.73,GBP,Germany
ORD-42-0001773,CUST-000042,2025-08-02,sports,8,435.77,KES,Kenya
ORD-42-0001774,CUST-000343,2025-08-22,apparel,1,47.13,RWF,Ghana
ORD-42-0001775,CUST-000494,2025-08-02,apparel,4,175.29,RWF,Germany
ORD-42-0001776,CUST-000244,2025-04-02,sports,3,482.83,RWF,Ghana
ORD-42-0001777,CUST-000468,2025-01-12,toys,7,411.68,KES,United Kingdom
ORD-42-0001778,CUST-000102,2025-11-23,sports,10,308.64,GBP,United States
ORD-42-0001779,CUST-000422,2025-07-23,unobtainium,3,448.35,EUR,Germany
ORD-42-0001780,CUST-000443,2025-07-23,electronics,7,132.14,USD,Germany
ORD-42-0001781,CUST-000483,2025-10-29,sports,8,319.82,KES,Rwanda
ORD-42-0001782,CUST-000019,2025-09-12,sports,4,210.67,KES,Kenya
ORD-42-0002286,CUST-000308,2025-06-22,apparel,6,105.67,EUR,United States
ORD-42-0001784,CUST-000296,2025-12-25,home,6,9.08,GBP,United Kingdom
ORD-42-0001785,CUST-000420,2025-10-30,sports,8,$324.81,RWF,
ORD-42-0001786,CUST-000211,2025-07-05,home,9,213.5,GBP,Rwanda
ORD-42-0001787,CUST-000475,2025-10-03,grocery,7,187.19,KES,United Kingdom
ORD-42-0001788,CUST-000084,2025-03-30,grocery,7,143.23,RWF,United States
ORD-42-0001789,CUST-000146,2025-01-07,toys,2,497.69,USD,
ORD-42-0001790,CUST-000333,2025-12-24,toys,7,52.73,KES,United Kingdom
,CUST-000052,2025-02-11,grocery,9,291.04,USD,United States
ORD-42-0001792,CUST-000149,2025-05-31,apparel,-4,388.66,KES,Germany
ORD-42-0001793,CUST-000059,2025-09-23,grocery,2,175.96,RWF,Germany
ORD-42-0001794,CUST-000465,not-a-date,sports,7,4.79,GBP,Kenya
ORD-42-0001795,CUST-000260,2025-08-09,home,5,154.39,RWF,
ORD-42-0001796,,2025-12-30,grocery,1,8.75,EUR,Ghana
ORD-42-0001797,CUST-000431,2025-04-11,sports,-10,159.42,EUR,United Kingdom
ORD-42-0001798,CUST-000221,2025-08-31,toys,7,97.14,RWF,Rwanda
,CUST-000411,2025-03-12,grocery,3,469.76,RWF,United States
ORD-42-0001800,CUST-000089,2025-06-09,home,9,80.06,EUR,Rwanda
ORD-42-0001801,CUST-000364,2025-10-29,toys,2,316.09,RWF,United States
ORD-42-0001802,CUST-000470,2025-08-21,toys,3,474.4,EUR,Rwanda
ORD-42-0001803,CUST-000048,2025-12-19,grocery,1,314.82,KES,Kenya
ORD-42-0001804,,2025-02-19,sports,9,460.38,USD,United Kingdom
,CUST-000196,2025-12-20,sports,3,491.72,GBP,Kenya
ORD-42-0001806,CUST-000123,2025-02-01,apparel,-5,97.72,EUR,united states
ORD-42-0001807,CUST-000400,2025-06-22,home,1,138.21,EUR,United States
ORD-42-0001808,CUST-000012,2025-02-09,toys,2,56.35,KES,Rwanda
ORD-42-0001809,CUST-000055,2025-10-21,home,5,447.41,USD,
ORD-42-0001810,CUST-000254,2025-06-30,apparel,7,51.24,USD,Germany
ORD-42-0001811,CUST-000038,2025-04-27,sports,2,105.94,RWF,Germany
ORD-42-0001812,CUST-000456,2025-07-25,sports,8,404.47,EUR,Ghana
ORD-42-0001813,CUST-000006,not-a-date,sports,10,315.98,USD,Rwanda
ORD-42-0001814,CUST-000500,2025-07-10,unobtainium,8,497.46,KES,United Kingdom
ORD-42-0001815,CUST-000003,2025-10-12,toys,5,$463.37,EUR,UNITED KINGDOM
ORD-42-0001816,CUST-000016,2025-04-02,electronics,9,256.36,EUR,Kenya
ORD-42-0001817,CUST-000444,2025-06-29,electronics,4,15.72,EUR,Kenya
ORD-42-0001818,CUST-000043,2025-01-12,apparel,5,137.56,EUR,Rwanda
ORD-42-0001819,CUST-000179,2025-01-04,toys,5,234.05,RWF,Germany
ORD-42-0001820,CUST-000263,2025-06-11,apparel,5,87.31,GBP,Germany
ORD-42-0001821,CUST-000053,2025-03-09,toys,5,83.66,EUR,United States
ORD-42-0001822,CUST-000250,2025-05-25,grocery,7,298.57,GBP,Ghana
ORD-42-0001823,CUST-000319,2025-11-07,toys,7,215.23,KES,Ghana
ORD-42-0001824,CUST-000192,2025-02-12,electronics,8,84.46,USD,
ORD-42-0001825,CUST-000130,2025-03-07,grocery,5,302.34,KES,Ghana
ORD-42-0001826,CUST-000204,2025-12-17,electronics,3,404.71,RWF,Kenya
ORD-42-0001827,CUST-000184,2025-08-29,electronics,4,328.82,GBP,Kenya
,CUST-000400,2025-07-25,electronics,1,159.98,USD,United States
ORD-42-0001829,CUST-000169,2025-09-14,grocery,10,397.82,EUR,United Kingdom
ORD-42-0001830,CUST-000034,2025-06-18,home,10,106.88,EUR,Rwanda
ORD-42-0001831,CUST-000288,2025-08-12,sports,10,473.19,USD,United Kingdom
ORD-42-0001832,CUST-000458,2025-02-05,grocery,7,159.57,GBP,Kenya
ORD-42-0001833,CUST-000101,2025-12-07,grocery,8,24.35,GBP,Germany
ORD-42-0001834,CUST-000062,2025-10-30,grocery,3,301.11,KES,Germany
ORD-42-0001835,CUST-000122,2025-03-12,electronics,5,9.9,KES,Rwanda
ORD-42-0001836,CUST-000467,2025-05-10,home,3,$420.98,RWF,  Rwanda  
ORD-42-0001837,CUST-000459,2025-04-03,toys,1,169.36,USD,RWANDA
ORD-42-0001838,CUST-000241,2025-11-14,grocery,5,138.06,GBP,Germany
ORD-42-0001839,CUST-000041,2025-03-23,home,8,306.55,RWF,Ghana
ORD-42-0001840,,2025-05-14,grocery,2,"421,69",KES,Rwanda
ORD-42-0001841,CUST-000015,2025-09-09,electronics,1,$70.23,GBP,United States
ORD-42-0001842,CUST-000371,2025-05-23,apparel,3,44.92,GBP,United Kingdom
ORD-42-0001843,CUST-000003,2025-01-14,electronics,5,441.78,USD,Rwanda
ORD-42-0001844,CUST-000025,2025-07-30,electronics,5,165.34,KES,Germany
ORD-42-0001845,CUST-000139,2025-01-09,apparel,3,292.14,USD,Kenya
ORD-42-0001846,CUST-000164,2025-10-18,toys,7,318.81,USD,United Kingdom
ORD-42-0001847,CUST-000271,2025-08-31,  toys  ,8,330.97,GBP,Ghana
ORD-42-0001848,CUST-000396,not-a-date,apparel,2,$132.64,GBP,United States
ORD-42-0001849,CUST-000043,2025-07-05,toys,4,330.08,EUR,United States
ORD-42-0001850,CUST-000040,2025-11-24,grocery,1,107.03,EUR,Germany
ORD-42-0001851,CUST-000420,2025-06-18,apparel,8,53.16,EUR,United Kingdom
ORD-42-0001852,CUST-000390,2025-04-06,toys,6,380.48,GBP,united states
ORD-42-0001853,CUST-000233,2025-01-31,apparel,9,53.72,EUR,Kenya
ORD-42-0001854,CUST-000470,2025-06-29,grocery,8,434.06,KES,Kenya
ORD-42-0001855,CUST-000400,2025-06-11,apparel,2,139.64,EUR,United States
ORD-42-0001856,CUST-000158,2025-03-12,sports,2,74.5,USD,United States
ORD-42-0001857,CUST-000057,2025-08-31,electronics,8,94.33,USD,Germany
ORD-42-0001858,CUST-000339,2025-04-05,grocery,6,133.52,KES,Rwanda
ORD-42-0001859,CUST-000182,2025-05-26,apparel,3,199.07,RWF,United Kingdom
ORD-42-0001860,CUST-000171,2025-12-05,grocery,5,185.52,USD,United States
ORD-42-0001861,CUST-000196,2025-05-30,apparel,5,95.54,EUR,United Kingdom
ORD-42-0001862,CUST-000142,2025-04-05,toys,8,259.79,USD,United States
ORD-42-0001863,CUST-000026,2026-11-29,apparel,2,$110.57,USD,Rwanda
ORD-42-0001864,CUST-000295,2025-08-18,apparel,2,266.53,GBP,Kenya
ORD-42-0001865,CUST-000452,2025-02-18,sports,7,196.56,USD,Kenya
,CUST-000376,2025-01-12,home,8,103.65,EUR,Ghana
ORD-42-0001867,CUST-000327,2025-08-07,sports,10,144.7,USD,Rwanda
ORD-42-0001868,CUST-000095,2025-04-19,sports,10,238.9,GBP,United States
ORD-42-0001869,CUST-000123,2025-10-06,home,2,84.16,GBP,Germany
ORD-42-0001870,CUST-000073,2025-12-26,sports,8,214.53,USD,Kenya
ORD-42-0001871,CUST-000499,2025-08-19,electronics,3,339.92,USD,united kingdom
ORD-42-0001872,CUST-000181,2025-05-04,toys,1,244.67,EUR,Germany
ORD-42-0001873,CUST-000057,2025-12-09,electronics,10,340.34,GBP,Kenya
ORD-42-0001874,CUST-000269,2025-04-19,apparel,3,387.85,USD,Ghana
ORD-42-0001875,,2025-07-14,grocery,8,"367,67",KES,Ghana
,CUST-000340,2025-04-27,home,6,229.92,GBP,Ghana
ORD-42-0001877,CUST-000364,2025-07-15,toys,10,242.69,GBP,United States
ORD-42-0001878,CUST-000266,2025-02-08,electronics,3,489.34,EUR,United States
ORD-42-0001879,CUST-000073,2025-07-03,grocery,1,122.94,RWF,Ghana
ORD-42-0001880,CUST-000106,2025-11-17,apparel,7,319.73,GBP,United States
ORD-42-0001881,CUST-000348,2025-03-29,grocery,9,88.3,GBP,
ORD-42-0001882,CUST-000201,2025-03-06,grocery,5,155.35,USD,United Kingdom
ORD-42-0001883,CUST-000267,2025-01-07,home,10,62.36,RWF,United Kingdom
ORD-42-0001884,CUST-000496,2025-07-08,home,2,484.77,RWF,United States
ORD-42-0001885,,not-a-date,sports,3,262.07,GBP,united kingdom
ORD-42-0001886,CUST-000286,2025-01-26,apparel,5,243.93,USD,Ghana
ORD-42-0001887,CUST-000008,2025-05-14,electronics,4,142.23,KES,Rwanda
ORD-42-0001888,CUST-000028,2025-04-26,home,1,$215.73,USD,Rwanda
ORD-42-0001889,CUST-000129,2025-10-23,home,5,392.85,KES,United States
ORD-42-0001890,CUST-000491,2025-03-20,apparel,2,356.89,EUR,United States
ORD-42-0001891,CUST-000101,2025-05-25,toys,2,146.11,USD,Germany
ORD-42-0001892,CUST-000478,2025-07-04,apparel,7,211.86,USD,Ghana
ORD-42-0001893,CUST-000472,2025-07-31,toys,5,87.48,RWF,United States
ORD-42-0001894,CUST-000449,2025-07-20,toys,-3,341.98,EUR,Ghana
ORD-42-0001895,CUST-000070,2025-06-02,toys,4,151.23,USD,Ghana
ORD-42-0001896,CUST-000291,2025-02-14,grocery,9,$92.50,RWF,Rwanda
ORD-42-0001897,CUST-000071,2025-04-07,grocery,6,252.4,GBP,Germany
ORD-42-0001898,CUST-000182,2025-05-28,grocery,7,480.76,RWF,Rwanda
ORD-42-0001899,CUST-000468,2025-03-21,electronics,7,45.13,EUR,United Kingdom
ORD-42-0001900,CUST-000465,2025-07-31,apparel,10,256.59,EUR,United Kingdom
ORD-42-0001901,CUST-000279,2025-03-18,home,1,377.91,RWF,Kenya
ORD-42-0001902,CUST-000207,2025-01-23,electronics,8,403.93,KES,Germany
ORD-42-0001903,CUST-000430,2025-12-05,electronics,1,135.82,USD,Ghana
ORD-42-0001904,CUST-000305,2025-11-13,home,10,241.25,GBP,Rwanda
,CUST-000063,2025-03-08,sports,9,369.94,USD,United States
ORD-42-0001906,CUST-000105,2025-04-12,apparel,9,370.47,RWF,Kenya
,CUST-000115,2025-01-21,sports,3,151.15,GBP,United States
ORD-42-0001908,CUST-000480,2025-12-29,unobtainium,10,344.2,USD,Rwanda
ORD-42-0001909,CUST-000001,2025-10-15,toys,2,260.39,EUR,Kenya
ORD-42-0001910,CUST-000054,2025-05-04,electronics,9,222.46,USD,Rwanda
ORD-42-0001911,CUST-000154,2025-06-08,grocery,3,410.32,KES,Ghana
ORD-42-0001912,CUST-000421,2025-02-22,sports,8,$429.80,KES,Rwanda
ORD-42-0001913,CUST-000222,2025-10-19,sports,1,"93,22",EUR,Kenya
ORD-42-0001914,CUST-000262,2025-01-08,toys,4,238.6,GBP,Ghana
ORD-42-0001915,CUST-000342,not-a-date,toys,8,184.3,GBP,Germany
ORD-42-0001916,CUST-000198,2025-01-09,electronics,8,209.03,RWF,Kenya
ORD-42-0001917,CUST-000015,2025-08-09,grocery,2,282.54,USD,United Kingdom
ORD-42-0001918,CUST-000156,2025-12-15,sports,10,222.8,GBP,Kenya
ORD-42-0001919,CUST-000240,2025-05-12,home,1,490.9,GBP,United Kingdom
ORD-42-0001920,CUST-000439,2025-04-19,apparel,-6,451.37,KES,Germany
ORD-42-0001921,CUST-000263,2025-11-30,apparel,3,176.58,KES,Ghana
ORD-42-0001922,CUST-000236,2025-10-22,home,5,461.81,USD,United States
ORD-42-0001923,CUST-000248,not-a-date,grocery,10,329.83,KES,United States
ORD-42-0001924,CUST-000475,2025-04-17,sports,9,130.35,GBP,United Kingdom
ORD-42-0001925,CUST-000490,2025-03-10,home,10,309.12,RWF,Rwanda
ORD-42-0004189,CUST-000024,2025-12-17,sports,3,116.62,USD,Germany
ORD-42-0001927,CUST-000479,2025-01-19,grocery,6,380.19,EUR,Rwanda
ORD-42-0001928,CUST-000461,2025-10-04,sports,7,378.15,RWF,Rwanda
ORD-42-0001929,CUST-000032,2025-02-22,home,2,19.67,USD,Germany
ORD-42-0001930,CUST-000391,2025-06-24,toys,1,461.85,GBP,Rwanda
ORD-42-0001931,CUST-000358,2025-05-16,grocery,3,494.45,KES,United Kingdom
ORD-42-0001932,CUST-000103,2025-09-23,home,8,219.32,GBP,Kenya
ORD-42-0001933,CUST-000104,2025-10-11,grocery,9,404.53,EUR,Rwanda
ORD-42-0001934,CUST-000299,2025-12-20,unobtainium,2,102.57,EUR,Rwanda
ORD-42-0001935,CUST-000185,2025-06-07,toys,9,432.38,GBP,kenya
ORD-42-0003372,CUST-000350,2025-02-07,toys,8,95.88,EUR,United Kingdom
ORD-42-0001937,CUST-000424,2025-05-04,toys,6,178.89,KES,Kenya
ORD-42-0001938,CUST-000411,2025-11-28,grocery,7,313.11,USD,United Kingdom
ORD-42-0001939,  CUST-000041  ,2025-10-28,toys,5,51.36,RWF,Kenya
ORD-42-0001940,CUST-000027,2025-02-28,toys,6,12.25,GBP,Ghana
ORD-42-0001941,CUST-000200,2025-01-06,home,2,436.35,EUR,Ghana
ORD-42-0001942,CUST-000039,2025-04-03,toys,4,426.74,KES,United Kingdom
ORD-42-0001943,CUST-000160,not-a-date,toys,1,273.42,USD,United Kingdom
ORD-42-0001944,CUST-000242,2025-08-20,sports,1,17.11,RWF,Ghana
ORD-42-0001945,CUST-000103,2025-07-14,electronics,3,102.91,GBP,United States
ORD-42-0001946,CUST-000468,2025-12-01,apparel,8,37.38,KES,United Kingdom
ORD-42-0001947,CUST-000360,2025-12-14,home,2,475.0,KES,United States
ORD-42-0001948,CUST-000314,2025-11-21,toys,8,473.35,GBP,United States
ORD-42-0000756,CUST-000022,2025-11-09,unobtainium,8,254.29,GBP,Germany
ORD-42-0001950,CUST-000245,2025-07-30,apparel,1,465.69,USD,Kenya
ORD-42-0001951,CUST-000274,2025-02-24,grocery,1,276.7,USD,Germany
ORD-42-0001952,CUST-000393,2025-06-22,sports,3,215.43,RWF,United Kingdom
ORD-42-0001953,CUST-000071,2025-11-03,grocery,2,448.68,GBP,Ghana
ORD-42-0001954,CUST-000100,2025-07-10,grocery,1,$119.85,USD,United Kingdom
ORD-42-0001020,CUST-000006,2025-09-07,grocery,9,284.46,USD,United States
ORD-42-0001956,CUST-000128,2025-12-03,electronics,1,"64,23",EUR,Ghana
ORD-42-0001957,CUST-000023,2025-07-25,home,10,327.95,EUR,Ghana
ORD-42-0001958,CUST-000067,2025-02-25,grocery,8,329.13,USD,Rwanda
ORD-42-0001959,CUST-000129,2025-03-29,apparel,-8,352.92,GBP,Kenya
ORD-42-0001960,CUST-000228,2025-01-01,home,6,"390,32",GBP,United States
ORD-42-0001961,,2025-04-07,home,6,349.19,KES,Rwanda
ORD-42-0001962,CUST-000028,2025-07-08,grocery,10,243.62,USD,Kenya
ORD-42-0001963,CUST-000467,2025-10-23,toys,4,153.16,KES,Kenya
ORD-42-0001964,CUST-000063,2025-06-25,sports,3,$18.90,EUR,United States
ORD-42-0001965,CUST-000226,2025-02-03,grocery,2,11.62,USD,Ghana
ORD-42-0001966,CUST-000143,2025-03-06,grocery,5,413.76,USD,Rwanda
ORD-42-0001967,CUST-000143,2025-02-23,grocery,8,10.41,RWF,Germany
ORD-42-0001968,CUST-000228,2025-12-10,apparel,4,$190.28,RWF,United Kingdom
ORD-42-0001969,CUST-000027,2025-01-28,home,1,271.23,GBP,Rwanda
ORD-42-0001970,CUST-000466,2025-02-24,home,5,405.31,KES,Kenya
ORD-42-0001971,CUST-000388,2025-12-18,home,10,217.6,RWF,United States
ORD-42-0001972,  CUST-000476  ,2025-12-03,electronics,9,194.67,GBP,United Kingdom
ORD-42-0001973,,2025-05-29,toys,10,384.74,GBP,Kenya
ORD-42-0001974,CUST-000492,2025-06-20,grocery,4,66.8,USD,Ghana
ORD-42-0001975,CUST-000410,2025-01-17,home,2,499.4,KES,Ghana
ORD-42-0001976,CUST-000173,2025-03-15,grocery,1,308.16,GBP,Ghana
ORD-42-0001977,CUST-000338,2025-08-26,sports,10,$7.16,GBP,United Kingdom
ORD-42-0001978,CUST-000339,2025-07-21,home,3,222.46,USD,Germany
ORD-42-0001979,CUST-000005,2025-05-08,electronics,6,240.62,KES,Kenya
ORD-42-0001980,  CUST-000210  ,2025-12-03,toys,2,138.95,KES,United Kingdom
ORD-42-0001981,CUST-000161,2025-11-30,grocery,3,129.75,GBP,Ghana
ORD-42-0001982,CUST-000445,2025-04-23,apparel,4,315.54,EUR,United Kingdom
ORD-42-0001983,CUST-000336,2025-12-07,apparel,2,327.65,EUR,United States
ORD-42-0001984,CUST-000260,2025-05-21,toys,6,21.94,EUR,Rwanda
ORD-42-0001985,CUST-000488,2025-01-01,home,5,9.04,GBP,United Kingdom
ORD-42-0001986,CUST-000368,2025-12-10,toys,4,175.52,USD,United Kingdom
ORD-42-0001987,CUST-000228,2025-11-05,toys,2,119.25,GBP,United Kingdom
ORD-42-0001988,CUST-000191,2025-01-18,grocery,2,321.3,GBP,Kenya
ORD-42-0001989,CUST-000013,2025-07-18,toys,6,$168.16,RWF,United States
ORD-42-0003619,CUST-000192,2025-05-06,home,10,16.55,GBP,Rwanda
ORD-42-0001991,CUST-000149,2025-10-17,toys,1,54.01,EUR,Ghana
ORD-42-0001992,CUST-000262,2025-04-16,toys,6,470.03,RWF,United Kingdom
ORD-42-0001993,CUST-000017,2025-01-30,sports,3,$191.16,USD,RWANDA
ORD-42-0001994,CUST-000491,2025-09-09,toys,9,498.91,KES,United States
ORD-42-0001995,CUST-000215,2025-04-01,unobtainium,2,423.95,KES,Rwanda
ORD-42-0001996,CUST-000311,2025-05-05,sports,9,"260,65",GBP,Ghana
ORD-42-0001997,CUST-000100,2025-03-13,home,4,$165.01,GBP,Kenya
ORD-42-0001998,CUST-000234,2025-07-24,sports,-2,346.84,RWF,United States
ORD-42-0001999,CUST-000491,2025-06-06,home,2,176.64,KES,Rwanda
ORD-42-0002000,CUST-000469,2025-06-30,sports,8,303.0,RWF,Germany
ORD-42-0002489,CUST-000118,2025-03-16,apparel,9,123.23,RWF,United States
ORD-42-0002002,CUST-000300,2025-01-26,apparel,10,130.88,GBP,Ghana
ORD-42-0002003,CUST-000161,2025-11-02,electronics,7,211.09,EUR,United Kingdom
ORD-42-0002004,CUST-000254,2025-02-12,apparel,3,438.33,USD,Kenya
,CUST-000062,2025-06-01,home,-9,355.98,RWF,United States
,CUST-000052,2025-10-29,electronics,7,12.94,EUR,  Rwanda  
ORD-42-0002007,CUST-000068,2025-04-13,toys,7,452.23,GBP,Kenya
ORD-42-0002008,CUST-000206,2025-01-10,toys,4,356.28,USD,Ghana
ORD-42-0002009,CUST-000460,2025-07-13,toys,10,308.7,USD,Rwanda
ORD-42-0002010,CUST-000379,2025-07-04,grocery,7,315.79,RWF,Ghana
ORD-42-0002011,CUST-000388,2025-05-02,sports,3,$366.99,KES,United Kingdom
ORD-42-0002012,CUST-000043,2025-10-16,electronics,10,296.93,RWF,Germany
ORD-42-0002013,CUST-000165,2025-05-22,apparel,9,361.54,GBP,Rwanda
ORD-42-0002014,CUST-000119,2025-08-02,grocery,6,25.1,KES,United Kingdom
ORD-42-0002015,CUST-000297,2025-04-16,grocery,5,162.08,GBP,Kenya
ORD-42-0001557,CUST-000489,2025-10-20,electronics,4,215.84,GBP,United Kingdom
ORD-42-0002017,CUST-000451,2025-02-20,home,2,174.33,EUR,Rwanda
ORD-42-0002018,CUST-000148,2025-08-14,grocery,8,112.59,EUR,Ghana
ORD-42-0002019,CUST-000481,2025-08-22,toys,2,462.33,GBP,Kenya
,CUST-000050,2025-09-18,toys,9,377.68,USD,United Kingdom
ORD-42-0002021,CUST-000463,2025-12-12,toys,9,399.7,USD,Germany
ORD-42-0002022,CUST-000427,2025-12-19,home,4,141.64,KES,Germany
ORD-42-0002023,CUST-000375,2025-05-19,toys,3,415.69,GBP,Rwanda
ORD-42-0002024,CUST-000367,2025-01-05,electronics,8,444.55,RWF,Ghana
ORD-42-0002025,CUST-000045,2025-10-23,home,-2,$484.25,USD,United States
ORD-42-0002026,CUST-000407,2025-09-10,sports,2,164.23,KES,Ghana
ORD-42-0002027,CUST-000142,2025-05-14,sports,9,336.37,USD,
ORD-42-0002028,CUST-000353,2025-07-24,electronics,7,51.12,KES,Ghana
ORD-42-0002029,CUST-000098,2025-03-22,sports,1,474.64,USD,kenya
ORD-42-0002030,,2025-03-07,grocery,4,337.0,GBP,  Germany  
ORD-42-0002031,CUST-000078,2025-04-28,apparel,8,142.02,EUR,United States
ORD-42-0002032,CUST-000449,2025-11-17,toys,4,2.6,USD,Germany
ORD-42-0002033,CUST-000286,2025-02-23,  apparel  ,3,$20.37,GBP,United Kingdom
ORD-42-0002034,CUST-000195,2025-02-12,toys,4,319.22,RWF,United Kingdom
ORD-42-0002035,CUST-000337,2025-10-01,home,4,437.64,RWF,Germany
ORD-42-0002525,CUST-000408,2025-02-13,grocery,10,179.21,RWF,Ghana
ORD-42-0002037,CUST-000050,2025-09-11,electronics,5,210.38,RWF,Ghana
ORD-42-0002038,CUST-000127,2025-01-27,grocery,2,88.92,GBP,United States
ORD-42-0002039,CUST-000059,2025-07-08,sports,7,352.7,RWF,Germany
ORD-42-0002040,CUST-000308,2025-06-05,sports,4,15.45,GBP,United Kingdom
ORD-42-0002041,CUST-000111,2025-06-06,electronics,-9,386.13,GBP,United States
ORD-42-0002042,CUST-000163,2025-06-05,grocery,8,213.17,GBP,Rwanda
ORD-42-0002043,CUST-000138,2025-04-28,sports,4,170.58,USD,Ghana
ORD-42-0002044,  CUST-000230  ,2025-06-06,apparel,10,437.94,KES,Kenya
ORD-42-0002045,CUST-000400,2025-02-15,electronics,10,305.76,EUR,United Kingdom
ORD-42-0003329,CUST-000277,2025-12-22,sports,1,401.4,USD,United States
ORD-42-0002047,CUST-000171,2025-07-05,toys,2,327.81,KES,Kenya
ORD-42-0002048,CUST-000186,2025-04-02,apparel,3,419.24,RWF,United States
ORD-42-0002049,CUST-000118,2025-08-06,apparel,6,166.42,EUR,United Kingdom
ORD-42-0002050,CUST-000376,2025-08-27,electronics,1,422.9,KES,Rwanda
ORD-42-0002051,CUST-000257,2025-06-12,grocery,1,"79,32",GBP,Rwanda
ORD-42-0002052,  CUST-000118  ,2025-02-12,sports,4,17.86,USD,Germany
ORD-42-0002053,CUST-000336,not-a-date,unobtainium,5,431.13,USD,Rwanda
ORD-42-0002054,CUST-000259,2025-01-06,sports,7,11.06,KES,United Kingdom
ORD-42-0002055,CUST-000471,2025-10-16,electronics,10,396.52,EUR,United Kingdom
ORD-42-0002056,CUST-000440,2025-07-26,home,7,256.67,USD,Ghana
ORD-42-0002057,CUST-000141,2025-05-12,apparel,2,132.87,KES,Germany
ORD-42-0002058,CUST-000193,2025-08-05,grocery,2,111.9,RWF,United Kingdom
ORD-42-0002059,,2025-04-29,home,9,$253.79,RWF,Rwanda
ORD-42-0002060,CUST-000255,2025-06-14,home,9,357.57,RWF,Kenya
ORD-42-0002061,CUST-000296,2025-12-20,grocery,4,224.1,RWF,United Kingdom
ORD-42-0002062,CUST-000056,2025-02-06,home,6,72.74,USD,Rwanda
ORD-42-0002063,CUST-000288,2025-10-07,apparel,8,297.11,USD,Kenya
ORD-42-0002064,CUST-000207,2025-02-20,grocery,9,361.79,KES,Kenya
ORD-42-0002065,CUST-000031,2025-04-24,home,7,156.42,GBP,Kenya
ORD-42-0002066,CUST-000019,2025-07-21,sports,10,$299.77,USD,Ghana
ORD-42-0002067,CUST-000354,2025-09-16,toys,8,"273,25",GBP,United States
ORD-42-0002068,CUST-000121,2025-07-21,grocery,8,$257.70,USD,Rwanda
ORD-42-0002069,CUST-000218,2025-01-08,electronics,7,64.51,USD,Kenya
ORD-42-0002070,CUST-000267,2025-10-31,apparel,4,219.36,USD,Rwanda
ORD-42-0002071,CUST-000454,2025-05-29,grocery,3,313.46,KES,Germany
ORD-42-0002072,CUST-000072,2025-03-27,grocery,7,5.62,USD,Germany
ORD-42-0002073,CUST-000151,2025-01-20,home,9,161.87,GBP,United Kingdom
ORD-42-0002074,CUST-000333,2025-10-09,apparel,5,262.1,EUR,United Kingdom
ORD-42-0002075,CUST-000488,2025-01-01,home,9,302.65,RWF,Germany
ORD-42-0002076,CUST-000108,2025-07-16,sports,3,82.95,RWF,Rwanda
ORD-42-0002077,CUST-000163,2025-06-02,apparel,3,235.78,USD,Ghana
ORD-42-0002078,CUST-000360,2025-09-27,apparel,2,269.33,GBP,Rwanda
ORD-42-0002079,CUST-000032,2025-02-16,grocery,10,79.07,GBP,United States
ORD-42-0002080,CUST-000287,2025-09-08,home,1,464.01,GBP,Ghana
ORD-42-0002081,CUST-000421,2025-05-28,toys,5,184.27,RWF,Ghana
ORD-42-0002082,CUST-000288,2025-03-30,sports,4,39.66,EUR,Rwanda
ORD-42-0002083,CUST-000375,2025-09-13,home,3,132.21,USD,Kenya
ORD-42-0002084,CUST-000409,2025-04-09,toys,7,165.75,KES,
ORD-42-0002085,CUST-000142,2025-02-20,sports,8,105.44,USD,Kenya
ORD-42-0002086,CUST-000111,2025-11-16,toys,3,72.52,RWF,Rwanda
ORD-42-0002087,CUST-000166,2025-11-23,electronics,3,256.34,RWF,Germany
ORD-42-0002088,CUST-000341,2025-05-05,home,5,250.69,USD,KENYA
ORD-42-0002089,CUST-000287,2025-06-14,grocery,7,353.42,GBP,Ghana
ORD-42-0002090,CUST-000430,2025-04-09,home,9,40.02,KES,Kenya
ORD-42-0002091,CUST-000490,2025-10-08,sports,5,355.96,RWF,United Kingdom
ORD-42-0002092,CUST-000227,2025-04-26,sports,5,343.0,KES,Germany
ORD-42-0002093,CUST-000334,2025-07-07,apparel,1,433.2,RWF,UNITED STATES
ORD-42-0002094,CUST-000178,2025-05-29,apparel,10,280.34,EUR,Germany
ORD-42-0002095,CUST-000192,2025-10-02,sports,1,98.72,GBP,United Kingdom
ORD-42-0002096,CUST-000100,2025-12-30,toys,5,164.9,GBP,ghana
ORD-42-0002097,CUST-000258,2025-12-26,toys,5,17.73,GBP,United States
ORD-42-0002098,CUST-000246,2025-06-12,electronics,5,137.81,USD,United Kingdom
ORD-42-0002099,CUST-000422,2025-12-17,sports,8,$498.62,RWF,Germany
ORD-42-0002100,CUST-000089,2025-05-04,sports,9,403.91,USD,Ghana
ORD-42-0002101,CUST-000015,2025-02-22,sports,3,353.11,EUR,Kenya
ORD-42-0002102,CUST-000043,2025-06-01,electronics,1,222.25,USD,Ghana
ORD-42-0002103,CUST-000050,2025-03-29,home,4,327.9,USD,Ghana
ORD-42-0002104,CUST-000429,2025-01-22,home,3,452.96,KES,United States
ORD-42-0002105,CUST-000484,not-a-date,toys,1,470.33,RWF,Germany
ORD-42-0002106,CUST-000429,2025-01-25,sports,1,33.41,KES,Kenya
ORD-42-0002107,CUST-000374,2025-08-18,electronics,3,222.26,GBP,United Kingdom
ORD-42-0002108,CUST-000102,2025-01-14,toys,7,87.31,USD,Ghana
ORD-42-0002109,CUST-000141,2025-03-20,home,2,171.38,KES,United States
ORD-42-0002110,CUST-000045,2025-03-18,grocery,2,59.01,USD,Kenya
ORD-42-0002111,CUST-000374,2025-11-18,apparel,6,295.98,USD,Kenya
ORD-42-0002112,CUST-000404,2025-12-27,apparel,6,230.71,EUR,Ghana
ORD-42-0002113,CUST-000429,2025-01-18,sports,4,373.96,EUR,Ghana
ORD-42-0002114,CUST-000028,2025-06-21,sports,5,89.82,EUR,United Kingdom
ORD-42-0002115,CUST-000162,2025-06-04,apparel,4,137.13,EUR,Kenya
ORD-42-0002116,CUST-000152,2025-08-22,sports,8,$133.01,RWF,Ghana
ORD-42-0002117,CUST-000297,2025-06-29,home,9,225.39,EUR,Rwanda
ORD-42-0002118,CUST-000487,2025-03-08,grocery,3,269.44,EUR,United States
ORD-42-0002119,CUST-000223,2025-07-08,sports,5,104.52,KES,United Kingdom
ORD-42-0002120,CUST-000425,2025-08-17,electronics,9,386.93,GBP,Kenya
ORD-42-0002121,CUST-000240,2025-08-21,electronics,2,259.0,EUR,Germany
ORD-42-0002122,CUST-000072,2025-05-07,toys,6,186.77,RWF,United States
ORD-42-0002123,CUST-000302,2025-12-15,home,-2,315.11,USD,Kenya
ORD-42-0002124,CUST-000216,2025-05-03,home,6,324.29,USD,Kenya
ORD-42-0002125,CUST-000468,2025-07-02,home,3,233.95,EUR,Rwanda
ORD-42-0002126,CUST-000225,2025-02-20,grocery,10,288.41,RWF,United States
ORD-42-0002127,CUST-000205,2025-05-04,apparel,5,361.96,KES,Ghana
ORD-42-0002128,CUST-000248,2025-01-19,grocery,5,21.02,EUR,United Kingdom
ORD-42-0002129,CUST-000056,2025-05-31,grocery,5,477.04,RWF,United Kingdom
ORD-42-0002130,CUST-000015,2025-10-10,toys,3,461.25,KES,United States
ORD-42-0002131,CUST-000483,2025-04-08,apparel,10,$376.17,EUR,United States
ORD-42-0002132,CUST-000171,2025-12-05,  electronics  ,5,396.64,EUR,Ghana
ORD-42-0002133,CUST-000235,2025-06-13,apparel,8,1.42,EUR,Kenya
ORD-42-0002134,CUST-000453,2025-10-05,home,5,41.11,EUR,Kenya
ORD-42-0002135,CUST-000224,2025-11-16,sports,4,77.91,KES,Ghana
ORD-42-0000573,CUST-000003,2025-05-02,apparel,6,50.86,KES,United States
ORD-42-0002137,CUST-000202,2025-01-09,apparel,8,334.55,RWF,United States
ORD-42-0002138,CUST-000125,2025-11-13,grocery,3,159.86,EUR,Germany
ORD-42-0002139,CUST-000396,2025-07-18,home,7,298.87,KES,Rwanda
ORD-42-0002140,CUST-000178,2025-04-26,sports,10,14.42,KES,Kenya
ORD-42-0002141,CUST-000394,2025-09-03,home,6,170.59,USD,United Kingdom
ORD-42-0002142,CUST-000307,2025-06-12,electronics,4,69.9,EUR,Rwanda
ORD-42-0002143,CUST-000109,2025-07-31,grocery,2,170.45,EUR,Germany
ORD-42-0002144,CUST-000078,2025-08-09,  home  ,7,337.96,RWF,Rwanda
ORD-42-0002145,CUST-000134,2025-05-31,apparel,3,199.71,KES,Rwanda
ORD-42-0002146,CUST-000239,2025-11-20,home,2,328.28,RWF,Rwanda
ORD-42-0002147,CUST-000083,not-a-date,apparel,10,253.98,RWF,Rwanda
ORD-42-0002148,CUST-000249,2025-02-01,sports,7,211.81,USD,Ghana
ORD-42-0002149,CUST-000218,2025-08-22,sports,2,302.21,RWF,United Kingdom
ORD-42-0002150,CUST-000191,2025-05-04,sports,6,422.24,GBP,Rwanda
ORD-42-0002151,CUST-000403,2025-10-02,grocery,9,380.05,USD,Kenya
ORD-42-0002152,,2025-07-13,sports,10,129.66,KES,United Kingdom
ORD-42-0002153,CUST-000373,2025-05-14,grocery,1,232.92,USD,Rwanda
ORD-42-0002154,CUST-000445,2025-04-26,grocery,6,25.99,KES,United States
ORD-42-0002155,CUST-000190,2025-08-25,grocery,6,337.82,USD,United Kingdom
ORD-42-0002156,CUST-000137,2025-10-02,home,6,209.11,RWF,Ghana
ORD-42-0002157,,2025-02-10,electronics,10,56.73,USD,United Kingdom
ORD-42-0002158,CUST-000379,2025-06-13,apparel,3,42.94,USD,Kenya
ORD-42-0002159,CUST-000373,2025-10-19,sports,8,216.12,GBP,Ghana
ORD-42-0002160,CUST-000498,2025-05-12,sports,10,122.81,KES,United Kingdom
ORD-42-0002161,CUST-000235,2025-12-12,electronics,6,187.02,EUR,United Kingdom
ORD-42-0000200,CUST-000371,2025-02-09,electronics,7,256.8,USD,Ghana
ORD-42-0002163,CUST-000475,2025-02-09,sports,5,211.84,USD,Kenya
ORD-42-0002164,CUST-000487,2025-08-23,sports,2,418.59,RWF,Rwanda
ORD-42-0002165,CUST-000407,2025-09-25,toys,5,497.46,KES,United Kingdom
ORD-42-0001390,CUST-000277,not-a-date,sports,1,187.74,RWF,  Kenya  
ORD-42-0002167,CUST-000390,2025-05-23,home,3,$139.15,USD,United Kingdom
ORD-42-0002168,CUST-000205,2025-10-01,  sports  ,5,137.07,RWF,Kenya
,CUST-000010,2025-06-03,sports,3,138.11,RWF,United Kingdom
ORD-42-0002170,CUST-000405,2025-02-10,home,2,111.44,USD,United States
ORD-42-0002171,,2028-09-08,electronics,10,144.63,KES,Germany
ORD-42-0002500,CUST-000302,2025-05-31,sports,10,165.05,RWF,Germany
ORD-42-0002173,CUST-000477,2025-03-22,unobtainium,6,170.96,GBP,Germany
ORD-42-0002174,CUST-000078,2025-05-10,sports,8,106.11,EUR,United States
ORD-42-0002460,CUST-000200,2025-08-24,grocery,1,330.69,KES,Rwanda
ORD-42-0002176,CUST-000324,2025-04-27,toys,6,"42,46",KES,Ghana
ORD-42-0002177,CUST-000156,2025-08-05,home,8,337.58,USD,Kenya
ORD-42-0002178,CUST-000320,2025-03-08,apparel,10,176.46,RWF,Germany
ORD-42-0002179,CUST-000392,2025-12-21,home,9,372.28,EUR,Germany
ORD-42-0002180,CUST-000472,2025-04-01,apparel,7,303.95,USD,Rwanda
ORD-42-0002181,CUST-000203,2025-09-12,apparel,2,285.8,EUR,Kenya
ORD-42-0002182,CUST-000393,2025-06-10,toys,7,176.66,EUR,Germany
ORD-42-0002183,CUST-000462,2025-03-01,home,6,385.48,USD,United States
ORD-42-0002184,CUST-000453,2025-01-15,sports,6,251.65,KES,Germany
ORD-42-0002185,,2025-06-09,grocery,8,143.86,RWF,Kenya
ORD-42-0002186,CUST-000474,2025-10-03,grocery,5,2.67,GBP,Germany
,CUST-000336,2025-10-05,sports,2,"192,29",RWF,Germany
ORD-42-0002188,CUST-000211,2025-09-27,sports,1,"309,82",EUR,United Kingdom
ORD-42-0002189,CUST-000318,2025-04-19,electronics,10,285.72,RWF,Rwanda
ORD-42-0002190,CUST-000167,2025-02-23,apparel,3,285.08,RWF,united states
ORD-42-0002191,  CUST-000047  ,2025-06-26,electronics,10,441.87,RWF,United Kingdom
ORD-42-0002192,CUST-000262,2025-09-25,apparel,8,185.16,EUR,Kenya
,CUST-000242,2025-01-02,apparel,6,67.19,USD,Rwanda
ORD-42-0002194,CUST-000106,2025-03-12,grocery,8,123.28,KES,Germany
ORD-42-0002195,CUST-000124,2025-10-03,grocery,9,321.05,KES,Ghana
ORD-42-0002196,CUST-000447,2025-10-12,apparel,8,361.3,USD,Rwanda
ORD-42-0002197,CUST-000384,2025-12-16,sports,7,433.66,RWF,Germany
ORD-42-0002198,CUST-000037,2025-06-02,home,9,$61.37,KES,United States
ORD-42-0002199,CUST-000274,2025-01-01,electronics,8,240.92,USD,Ghana
ORD-42-0002200,CUST-000416,2025-06-12,sports,1,182.32,KES,United States
ORD-42-0002201,CUST-000333,2025-05-21,grocery,2,52.71,GBP,United Kingdom
ORD-42-0002202,CUST-000386,2025-11-05,sports,3,183.87,GBP,Kenya
ORD-42-0002203,CUST-000468,2025-08-30,grocery,4,132.99,GBP,United States
ORD-42-0002204,CUST-000356,2025-11-25,grocery,8,376.5,GBP,Ghana
ORD-42-0002205,CUST-000152,2025-01-14,grocery,6,393.9,GBP,United Kingdom
ORD-42-0002206,CUST-000141,2025-03-03,electronics,3,74.86,GBP,Rwanda
ORD-42-0002207,CUST-000114,2025-06-26,toys,6,"357,19",GBP,United States
ORD-42-0002208,CUST-000082,2025-03-17,sports,5,238.17,RWF,United States
ORD-42-0002209,CUST-000151,2025-10-14,sports,3,74.12,GBP,Germany
ORD-42-0002210,CUST-000132,2025-02-09,apparel,1,425.61,KES,Ghana
,CUST-000076,2025-03-08,electronics,5,182.72,KES,United States
ORD-42-0002212,CUST-000446,2025-04-12,grocery,8,$309.61,EUR,Ghana
ORD-42-0002213,CUST-000330,2025-10-14,toys,9,157.83,GBP,Germany
ORD-42-0002214,CUST-000444,2025-04-28,sports,3,435.52,RWF,Kenya
ORD-42-0002215,CUST-000248,2025-06-21,electronics,2,171.84,GBP,Kenya
ORD-42-0002216,CUST-000115,2025-10-17,home,10,389.23,USD,United States
ORD-42-0002217,CUST-000101,2025-07-03,grocery,8,285.13,USD,United States
ORD-42-0002218,CUST-000434,2025-04-08,apparel,4,182.42,USD,Germany
ORD-42-0002219,CUST-000321,2025-11-12,home,9,$34.53,KES,United Kingdom
ORD-42-0002220,CUST-000434,2025-04-01,electronics,1,223.87,KES,Kenya
ORD-42-0002221,CUST-000126,2025-08-23,sports,3,345.16,EUR,Kenya
ORD-42-0002222,CUST-000354,2025-05-13,apparel,1,489.71,GBP,United Kingdom
ORD-42-0002223,CUST-000143,2025-11-16,sports,4,366.94,USD,Kenya
ORD-42-0002224,CUST-000268,2025-07-30,electronics,4,114.57,KES,United Kingdom
ORD-42-0002225,CUST-000245,2025-05-09,electronics,-9,440.94,USD,Ghana
ORD-42-0002226,CUST-000405,2025-02-11,electronics,4,239.67,RWF,Rwanda
ORD-42-0002227,CUST-000244,2025-09-22,electronics,9,295.1,KES,Germany
ORD-42-0002228,CUST-000154,2025-03-16,electronics,10,215.45,USD,United States
ORD-42-0002229,CUST-000454,2025-05-20,sports,4,294.88,KES,GERMANY
ORD-42-0002230,CUST-000001,2025-08-26,grocery,10,"136,10",EUR,Ghana
ORD-42-0000765,CUST-000260,2025-04-29,toys,5,475.77,GBP,Ghana
ORD-42-0002232,CUST-000445,not-a-date,apparel,6,138.37,KES,United Kingdom
ORD-42-0002233,CUST-000159,2025-02-15,grocery,2,488.64,EUR,Germany
ORD-42-0002234,CUST-000004,2025-07-22,toys,8,248.4,EUR,Rwanda
ORD-42-0002235,CUST-000390,2025-05-25,sports,-5,48.19,RWF,Ghana
ORD-42-0002236,CUST-000327,2025-01-15,toys,3,97.6,USD,Kenya
ORD-42-0002237,CUST-000110,2025-07-28,toys,5,160.69,KES,GERMANY
ORD-42-0002238,CUST-000053,2025-01-16,home,10,105.94,EUR,ghana
ORD-42-0002239,CUST-000081,2025-09-25,grocery,3,"426,33",KES,United States
ORD-42-0002240,CUST-000081,2025-07-19,toys,8,327.09,RWF,United States
ORD-42-0002241,CUST-000138,2025-09-06,home,8,467.23,GBP,Ghana
ORD-42-0002242,CUST-000075,2025-07-29,home,6,414.79,GBP,Germany
ORD-42-0002243,CUST-000158,2025-05-29,toys,7,381.58,USD,Germany
ORD-42-0002244,CUST-000029,2025-06-06,home,3,487.52,GBP,Rwanda
ORD-42-0002245,CUST-000420,2025-01-06,apparel,4,331.37,GBP,Ghana
ORD-42-0002246,CUST-000427,2025-06-24,electronics,6,214.32,RWF,Ghana
ORD-42-0002247,CUST-000286,2025-03-21,sports,4,$398.94,KES,United Kingdom
ORD-42-0002248,  CUST-000226  ,not-a-date,electronics,2,122.33,GBP,United States
ORD-42-0002249,CUST-000246,2025-03-04,grocery,-1,390.83,RWF,United States
ORD-42-0002250,CUST-000492,2025-01-05,grocery,4,140.79,KES,UNITED KINGDOM
ORD-42-0002251,CUST-000193,2025-12-02,electronics,1,320.17,GBP,United Kingdom
ORD-42-0002252,CUST-000190,2025-05-22,unobtainium,2,236.45,USD,Ghana
,CUST-000397,2025-06-04,apparel,3,295.31,KES,Kenya
ORD-42-0002254,CUST-000288,2025-11-17,grocery,4,164.59,KES,United States
ORD-42-0002255,CUST-000134,2025-03-22,toys,5,345.1,EUR,Rwanda
ORD-42-0002256,CUST-000446,2025-01-08,sports,6,478.64,GBP,Germany
ORD-42-0002257,CUST-000383,2025-09-14,apparel,6,234.69,RWF,Ghana
ORD-42-0002258,CUST-000171,2025-09-22,sports,5,128.42,USD,Kenya
ORD-42-0002259,CUST-000062,2025-02-07,grocery,7,198.76,RWF,Rwanda
ORD-42-0002260,CUST-000426,2025-04-06,unobtainium,9,187.36,KES,Germany
ORD-42-0002261,CUST-000017,2025-04-18,home,9,246.51,KES,Ghana
ORD-42-0002262,CUST-000325,2025-11-28,sports,2,283.09,KES,Rwanda
ORD-42-0002263,CUST-000273,2025-10-12,toys,2,"287,39",RWF,United Kingdom
ORD-42-0002264,CUST-000333,2025-09-26,electronics,7,409.06,RWF,Germany
ORD-42-0002265,CUST-000456,2025-10-16,sports,6,$37.44,KES,Ghana
ORD-42-0002266,CUST-000233,2025-04-06,sports,7,444.81,RWF,United Kingdom
ORD-42-0002267,CUST-000151,2025-12-29,toys,7,10.42,EUR,Ghana
ORD-42-0002268,CUST-000219,2025-10-16,home,4,292.6,GBP,United Kingdom
ORD-42-0002269,CUST-000235,2025-02-01,sports,4,385.19,KES,Ghana
ORD-42-0002270,CUST-000458,2025-03-12,apparel,4,386.72,EUR,Ghana
ORD-42-0002271,CUST-000093,2025-11-11,unobtainium,-9,301.36,USD,Kenya
ORD-42-0002272,CUST-000277,2025-07-07,electronics,6,435.41,EUR,United States
ORD-42-0002273,CUST-000107,2025-09-20,home,3,212.72,GBP,Kenya
ORD-42-0002274,CUST-000480,2025-09-12,home,1,69.52,RWF,Rwanda
ORD-42-0002275,CUST-000428,2025-06-23,electronics,8,433.9,EUR,Germany
,CUST-000026,2025-05-18,grocery,7,100.12,RWF,United Kingdom
,CUST-000418,2025-10-30,electronics,3,253.84,KES,United States
,CUST-000265,2025-10-31,apparel,4,"61,06",RWF,United States
ORD-42-0002279,CUST-000310,2025-07-02,sports,6,$208.15,EUR,Rwanda
ORD-42-0002280,CUST-000410,2025-04-17,home,8,128.39,USD,Germany
ORD-42-0003469,CUST-000009,2025-12-29,grocery,7,200.75,USD,Ghana
ORD-42-0002282,CUST-000185,2025-07-27,electronics,7,473.02,GBP,kenya
ORD-42-0002283,CUST-000360,2025-11-19,sports,7,438.09,USD,Ghana
ORD-42-0002284,CUST-000374,2025-02-04,home,1,$71.23,EUR,Kenya
ORD-42-0002285,CUST-000290,2025-12-28,apparel,9,78.72,RWF,Rwanda
ORD-42-0002286,CUST-000032,2025-03-02,apparel,5,186.48,RWF,Kenya
ORD-42-0002287,CUST-000215,2025-10-05,apparel,9,482.68,EUR,Ghana
ORD-42-0002288,CUST-000451,2025-11-06,apparel,1,249.28,GBP,Germany
ORD-42-0002289,CUST-000321,2025-06-24,home,10,161.22,USD,Ghana
ORD-42-0002290,CUST-000015,2025-05-06,electronics,3,$456.87,USD,United Kingdom
ORD-42-0002291,CUST-000194,2025-03-01,  unobtainium  ,9,85.7,USD,Rwanda
ORD-42-0002292,CUST-000179,2025-09-09,electronics,7,494.11,USD,Germany
ORD-42-0002293,CUST-000238,2025-06-03,toys,8,68.07,KES,United States
ORD-42-0002294,CUST-000001,2025-07-26,grocery,8,449.87,GBP,Kenya
ORD-42-0002295,CUST-000166,2025-01-30,toys,6,478.5,USD,Germany
ORD-42-0002296,CUST-000253,2025-03-15,apparel,3,110.44,EUR,Kenya
ORD-42-0002297,CUST-000116,2025-01-29,electronics,2,358.92,GBP,United Kingdom
ORD-42-0002298,CUST-000054,2025-08-27,apparel,5,93.13,GBP,Ghana
ORD-42-0002299,CUST-000364,2025-05-10,sports,10,260.44,KES,Ghana
ORD-42-0002300,CUST-000390,2025-10-26,home,7,188.01,EUR,United Kingdom
ORD-42-0002301,CUST-000378,2025-12-15,sports,7,316.31,EUR,Kenya
ORD-42-0002302,CUST-000008,2025-10-20,sports,1,417.85,EUR,Kenya
ORD-42-0002303,CUST-000204,2025-07-20,electronics,10,240.91,GBP,Kenya
ORD-42-0002304,  CUST-000322  ,2025-03-12,grocery,8,496.36,RWF,United Kingdom
ORD-42-0002305,CUST-000135,2025-03-28,grocery,2,372.74,KES,Ghana
ORD-42-0002306,CUST-000173,2025-09-28,home,6,403.69,RWF,United Kingdom
ORD-42-0002307,CUST-000234,2025-01-27,electronics,6,381.87,GBP,Rwanda
ORD-42-0001924,CUST-000401,2025-06-28,grocery,1,482.41,EUR,Rwanda
ORD-42-0002309,CUST-000117,2025-05-12,electronics,2,275.68,GBP,Kenya
ORD-42-0002310,CUST-000448,2025-07-08,home,8,218.65,USD,United Kingdom
ORD-42-0002311,CUST-000094,2025-06-12,toys,4,71.71,EUR,Rwanda
ORD-42-0002312,CUST-000102,2025-07-04,toys,10,390.19,KES,United Kingdom
ORD-42-0002313,CUST-000269,2025-12-08,toys,6,270.19,KES,Kenya
ORD-42-0002314,CUST-000192,2025-10-12,electronics,3,317.82,KES,Kenya
ORD-42-0002315,CUST-000432,2025-10-16,toys,10,212.58,EUR,Ghana
ORD-42-0002316,CUST-000026,2025-06-10,home,7,$450.58,RWF,Germany
ORD-42-0002317,CUST-000240,2025-07-21,apparel,5,"1,18",GBP,United States
ORD-42-0002318,CUST-000285,2025-01-24,home,4,$461.60,KES,United Kingdom
ORD-42-0002319,CUST-000492,2025-11-28,electronics,7,71.01,RWF,Kenya
ORD-42-0002320,CUST-000392,2025-08-30,grocery,3,323.4,RWF,UNITED KINGDOM
ORD-42-0002321,CUST-000100,2025-08-27,home,2,113.93,GBP,Kenya
ORD-42-0002322,CUST-000458,2025-06-10,electronics,10,472.23,EUR,Kenya
ORD-42-0002323,CUST-000228,2025-10-21,sports,5,380.53,USD,United States
ORD-42-0002324,CUST-000061,2025-04-10,home,9,52.2,KES,Germany
ORD-42-0002325,CUST-000119,2025-01-28,grocery,5,411.3,KES,United States
ORD-42-0002326,  CUST-000313  ,2025-05-14,apparel,2,440.23,GBP,Ghana
ORD-42-0002327,CUST-000487,2025-12-12,grocery,5,57.31,RWF,Germany
ORD-42-0002328,CUST-000300,2025-10-07,sports,8,379.47,EUR,United Kingdom
ORD-42-0002329,CUST-000053,2025-11-17,sports,10,$479.91,GBP,Kenya
ORD-42-0002330,CUST-000446,2025-01-26,grocery,7,211.42,USD,Ghana
ORD-42-0002331,CUST-000432,2025-08-13,home,9,165.09,GBP,Ghana
ORD-42-0002332,CUST-000043,2025-12-26,electronics,8,122.13,RWF,Kenya
ORD-42-0002333,CUST-000303,2025-05-24,sports,5,52.88,RWF,United Kingdom
ORD-42-0001721,CUST-000311,2025-03-18,grocery,10,259.96,RWF,Rwanda
ORD-42-0002335,CUST-000309,2025-11-07,toys,2,288.24,USD,Kenya
ORD-42-0001826,CUST-000185,2025-03-10,sports,10,211.49,RWF,United States
ORD-42-0002337,CUST-000382,2025-12-12,home,8,426.26,KES,United Kingdom
ORD-42-0002338,CUST-000020,2025-06-11,sports,7,334.87,USD,Kenya
ORD-42-0002339,CUST-000291,2025-10-01,electronics,6,50.3,RWF,  Rwanda  
ORD-42-0002340,CUST-000374,2025-05-13,  home  ,-6,409.37,GBP,Ghana
ORD-42-0002341,CUST-000499,2025-08-27,home,8,392.07,GBP,Germany
ORD-42-0002342,CUST-000358,2025-02-10,home,3,105.48,KES,United States
ORD-42-0002343,CUST-000165,2025-06-10,home,3,422.52,USD,Ghana
ORD-42-0002344,CUST-000181,not-a-date,toys,4,158.95,GBP,Rwanda
ORD-42-0002345,CUST-000469,2025-11-16,sports,7,157.15,RWF,United States
ORD-42-0002346,CUST-000096,2025-06-20,apparel,5,428.13,RWF,Ghana
ORD-42-0002347,CUST-000173,2025-05-22,home,3,479.69,GBP,Rwanda
ORD-42-0002348,CUST-000058,2025-09-26,toys,5,454.51,KES,Ghana
ORD-42-0002349,CUST-000388,2025-03-21,toys,3,199.59,USD,Kenya
ORD-42-0002350,CUST-000048,2025-11-16,sports,10,457.43,RWF,Ghana
ORD-42-0002351,CUST-000075,2025-07-11,toys,6,198.98,RWF,
ORD-42-0002352,CUST-000433,2025-08-04,toys,10,485.4,GBP,Kenya
ORD-42-0002353,CUST-000227,2025-12-12,apparel,9,78.35,GBP,Rwanda
ORD-42-0002354,CUST-000254,2027-11-09,sports,4,123.43,EUR,Germany
ORD-42-0002355,CUST-000332,2025-09-13,apparel,1,149.1,USD,United Kingdom
ORD-42-0002356,CUST-000248,2025-05-22,grocery,9,276.06,KES,KENYA
ORD-42-0002357,CUST-000212,2025-09-28,toys,10,200.41,KES,Germany
ORD-42-0002358,CUST-000383,2025-08-21,sports,6,401.91,GBP,Germany
ORD-42-0002359,CUST-000190,2025-06-29,apparel,6,"270,64",USD,United States
ORD-42-0002360,CUST-000069,2025-07-21,sports,4,$397.98,KES,Kenya
ORD-42-0002361,CUST-000050,2025-04-17,sports,8,"268,14",USD,United Kingdom
ORD-42-0002362,CUST-000117,2025-07-07,sports,9,410.72,EUR,Germany
ORD-42-0002363,CUST-000138,2025-03-13,electronics,8,309.78,RWF,United Kingdom
ORD-42-0002364,  CUST-000224  ,2025-11-29,apparel,1,"280,42",KES,United States
ORD-42-0002365,CUST-000030,2025-07-08,grocery,3,32.82,GBP,Rwanda
ORD-42-0002366,CUST-000489,2025-08-13,toys,5,473.73,USD,United States
ORD-42-0002367,CUST-000307,2025-04-25,grocery,3,493.12,EUR,United States
ORD-42-0002368,CUST-000232,2025-07-27,toys,5,165.94,KES,United Kingdom
ORD-42-0002369,CUST-000485,2025-06-07,apparel,9,490.11,KES,Ghana
,CUST-000442,2025-12-29,toys,1,356.34,GBP,United Kingdom
ORD-42-0002371,CUST-000062,2025-11-26,toys,2,265.36,EUR,UNITED STATES
ORD-42-0002372,CUST-000100,2025-08-27,  toys  ,3,418.03,USD,United States
ORD-42-0002373,CUST-000476,2025-04-23,sports,2,166.56,USD,Germany
ORD-42-0002374,CUST-000294,2025-01-08,sports,7,402.65,RWF,United States
ORD-42-0002375,CUST-000243,2025-10-23,home,3,48.84,GBP,Kenya
ORD-42-0002376,CUST-000363,2025-05-26,home,8,46.28,GBP,Germany
ORD-42-0002377,CUST-000103,2025-09-07,  home  ,2,170.52,USD,United Kingdom
ORD-42-0002378,CUST-000132,2025-12-22,toys,1,491.02,USD,  United States  
ORD-42-0002379,CUST-000192,2025-11-14,apparel,1,481.84,KES,Rwanda
ORD-42-0002380,CUST-000003,2025-07-18,grocery,5,14.8,KES,United Kingdom
ORD-42-0002381,CUST-000192,2025-11-27,apparel,4,318.6,RWF,Kenya
ORD-42-0002382,CUST-000275,2025-09-12,home,2,436.18,EUR,United Kingdom
ORD-42-0002383,CUST-000192,2025-03-14,apparel,8,353.48,EUR,United Kingdom
ORD-42-0002384,CUST-000077,2025-05-19,electronics,10,20.35,KES,Rwanda
ORD-42-0002385,CUST-000414,2025-07-26,home,2,$175.18,EUR,United Kingdom
ORD-42-0002386,CUST-000266,2025-10-08,electronics,8,97.39,EUR,United Kingdom
ORD-42-0002387,CUST-000472,2025-07-13,grocery,9,416.05,RWF,Rwanda
ORD-42-0002388,CUST-000343,2025-03-24,electronics,6,123.86,EUR,Kenya
ORD-42-0002389,CUST-000492,2025-04-25,apparel,7,21.75,USD,Germany
ORD-42-0002390,CUST-000416,2025-01-29,sports,10,"50,29",KES,Rwanda
ORD-42-0002391,CUST-000340,2025-01-31,home,9,281.94,KES,United Kingdom
ORD-42-0002392,CUST-000202,2025-03-28,sports,4,142.0,EUR,Germany
ORD-42-0002393,CUST-000391,2025-09-22,home,7,$202.71,RWF,Rwanda
ORD-42-0002394,CUST-000252,2025-12-20,grocery,2,161.44,RWF,United Kingdom
ORD-42-0002395,CUST-000200,2025-07-29,grocery,5,385.65,USD,United Kingdom
ORD-42-0002396,CUST-000426,2025-12-11,apparel,2,154.25,KES,United States
ORD-42-0002397,CUST-000461,2025-03-15,toys,3,320.83,USD,United Kingdom
ORD-42-0002398,CUST-000015,2025-12-08,home,7,94.93,KES,Rwanda
ORD-42-0002399,CUST-000422,2025-01-16,grocery,9,262.47,EUR,United Kingdom
ORD-42-0002400,CUST-000190,2025-01-18,sports,1,455.42,USD,Germany
,CUST-000487,2025-09-28,apparel,6,37.41,EUR,Germany
ORD-42-0002402,CUST-000106,2025-03-15,sports,10,8.78,RWF,Kenya
ORD-42-0002403,CUST-000461,2028-04-25,electronics,5,3.36,EUR,United States
ORD-42-0002404,,2025-07-16,apparel,7,413.46,GBP,Germany
ORD-42-0002405,CUST-000023,2025-10-14,apparel,10,123.84,GBP,Germany
ORD-42-0002406,CUST-000349,2025-03-15,sports,5,103.23,GBP,Germany
ORD-42-0002407,CUST-000354,2025-12-27,grocery,7,189.19,EUR,Germany
ORD-42-0002408,CUST-000130,2025-02-28,electronics,7,21.86,RWF,Kenya
ORD-42-0002409,CUST-000340,2025-01-13,apparel,2,319.16,USD,Kenya
ORD-42-0002410,CUST-000462,2025-04-26,electronics,3,$268.93,EUR,United States
ORD-42-0002411,CUST-000132,2025-01-18,sports,7,143.12,GBP,Ghana
ORD-42-0002412,CUST-000439,2025-03-16,home,2,380.73,RWF,Kenya
ORD-42-0002413,CUST-000487,2025-11-18,toys,8,101.19,KES,Rwanda
ORD-42-0002414,CUST-000241,2025-05-01,electronics,2,115.09,RWF,Kenya
ORD-42-0002415,CUST-000043,2025-01-11,unobtainium,4,218.54,GBP,Germany
ORD-42-0002416,CUST-000379,2025-10-20,grocery,10,384.79,KES,
ORD-42-0002417,CUST-000394,not-a-date,sports,6,22.84,USD,Kenya
ORD-42-0002418,CUST-000175,not-a-date,apparel,6,231.56,USD,Germany
ORD-42-0002419,CUST-000195,2025-10-15,home,9,32.76,EUR,United States
ORD-42-0002420,CUST-000100,2025-07-14,sports,8,13.63,RWF,Rwanda
ORD-42-0002421,CUST-000432,2025-08-29,toys,9,144.62,EUR,Kenya
ORD-42-0002422,CUST-000281,2025-07-23,electronics,2,342.7,RWF,United Kingdom
ORD-42-0002423,CUST-000274,not-a-date,toys,3,362.32,GBP,Ghana
ORD-42-0002424,CUST-000020,2025-10-20,electronics,4,3.94,USD,United Kingdom
ORD-42-0002425,CUST-000030,2025-06-17,toys,2,428.64,USD,United Kingdom
ORD-42-0002426,CUST-000280,2025-11-25,electronics,8,$468.67,RWF,Ghana
ORD-42-0002427,CUST-000352,2025-02-20,grocery,8,455.21,EUR,United States
ORD-42-0002428,CUST-000252,2025-02-22,home,6,490.09,RWF,Germany
ORD-42-0002429,CUST-000471,2025-10-15,grocery,9,439.84,EUR,Kenya
ORD-42-0000568,CUST-000147,2025-02-09,sports,3,481.56,RWF,Ghana
ORD-42-0002431,CUST-000452,2025-10-11,home,1,216.44,GBP,Kenya
ORD-42-0002432,CUST-000022,2025-05-11,grocery,9,425.99,RWF,Kenya
ORD-42-0002433,CUST-000431,2025-02-15,home,4,471.0,RWF,Germany
ORD-42-0002434,CUST-000236,2025-05-15,grocery,7,232.3,GBP,Ghana
ORD-42-0002435,CUST-000341,2025-06-11,apparel,9,$103.75,EUR,United States
ORD-42-0002436,CUST-000098,2025-03-16,  apparel  ,10,182.34,RWF,United Kingdom
ORD-42-0002437,CUST-000442,2025-06-06,home,5,107.54,EUR,Germany
ORD-42-0002438,CUST-000056,2025-03-30,sports,8,150.86,KES,Germany
ORD-42-0002439,CUST-000027,2025-09-21,apparel,6,276.29,EUR,United States
ORD-42-0002440,CUST-000197,2025-04-12,grocery,3,471.66,USD,United States
ORD-42-0002441,CUST-000106,2025-06-18,toys,3,137.39,KES,Kenya
ORD-42-0002442,CUST-000329,2025-06-10,toys,4,76.19,GBP,Germany
ORD-42-0002443,CUST-000126,2025-10-27,grocery,6,305.57,KES,United Kingdom
ORD-42-0002444,,2025-02-14,electronics,2,393.69,USD,
ORD-42-0002445,CUST-000005,2025-12-05,home,2,"157,33",GBP,Kenya
ORD-42-0002446,CUST-000381,2025-10-16,apparel,-5,420.5,GBP,United Kingdom
ORD-42-0002447,CUST-000466,2025-07-24,toys,8,238.07,EUR,Ghana
ORD-42-0002448,CUST-000156,2025-11-11,toys,3,450.51,EUR,Kenya
ORD-42-0002449,CUST-000213,2025-11-02,toys,10,205.43,KES,United Kingdom
ORD-42-0002450,CUST-000322,2025-05-06,sports,5,345.29,EUR,Rwanda
ORD-42-0002451,CUST-000340,2025-10-18,grocery,2,378.08,EUR,  Germany  
ORD-42-0001750,CUST-000243,2025-06-21,grocery,3,383.8,KES,United States
ORD-42-0002453,CUST-000419,2033-10-28,grocery,10,286.38,RWF,Rwanda
ORD-42-0002454,CUST-000497,2025-04-25,sports,10,172.57,GBP,Rwanda
ORD-42-0002455,CUST-000454,2025-06-26,  electronics  ,3,68.34,GBP,United States
ORD-42-0002456,CUST-000202,2025-10-17,electronics,4,480.83,GBP,Ghana
ORD-42-0003345,CUST-000365,2025-11-20,home,10,491.8,RWF,  Rwanda  
ORD-42-0002458,CUST-000319,2025-03-05,grocery,3,183.24,GBP,Kenya
ORD-42-0002459,CUST-000263,2025-08-11,toys,1,245.31,EUR,Rwanda
ORD-42-0002460,CUST-000333,2025-09-01,sports,5,132.29,RWF,Ghana
ORD-42-0002461,CUST-000021,2025-08-15,sports,8,330.05,GBP,United Kingdom
ORD-42-0002462,CUST-000017,2025-10-27,toys,1,367.59,USD,Ghana
ORD-42-0002463,CUST-000195,2025-09-21,grocery,7,194.81,GBP,United States
ORD-42-0002464,CUST-000193,2025-07-14,home,9,426.96,RWF,Germany
ORD-42-0002465,CUST-000363,2025-07-10,apparel,6,359.84,KES,Kenya
ORD-42-0002466,CUST-000251,2025-08-10,home,2,456.77,USD,United States
ORD-42-0002467,CUST-000468,2025-07-22,toys,2,12.48,EUR,Rwanda
ORD-42-0002468,CUST-000125,2025-11-24,apparel,6,33.41,KES,Kenya
ORD-42-0002469,CUST-000399,2025-11-18,electronics,1,361.83,GBP,UNITED KINGDOM
ORD-42-0002470,CUST-000037,2025-10-14,unobtainium,8,$315.87,GBP,United States
ORD-42-0002471,CUST-000055,2025-02-22,electronics,1,352.37,EUR,United States
ORD-42-0002472,CUST-000475,2025-11-21,apparel,2,359.41,USD,Rwanda
ORD-42-0002473,CUST-000222,2025-01-15,apparel,4,25.95,USD,Germany
ORD-42-0002474,  CUST-000165  ,2025-02-15,toys,4,238.55,EUR,United States
ORD-42-0002475,CUST-000254,not-a-date,sports,3,235.14,KES,Rwanda
ORD-42-0002476,CUST-000227,2025-09-29,toys,1,$40.70,EUR,Ghana
ORD-42-0002477,CUST-000074,2025-03-30,toys,4,350.28,USD,Kenya
ORD-42-0002639,CUST-000096,2025-07-21,apparel,3,197.94,KES,Ghana
ORD-42-0002479,CUST-000308,2025-06-04,toys,5,109.91,GBP,Ghana
ORD-42-0002480,CUST-000377,2025-08-31,toys,1,327.77,GBP,  GHANA  
ORD-42-0002481,CUST-000387,2025-10-11,electronics,1,32.33,GBP,United States
ORD-42-0002482,CUST-000031,2025-02-18,grocery,2,337.34,RWF,Rwanda
ORD-42-0002483,CUST-000382,2025-01-21,electronics,6,294.48,GBP,United States
ORD-42-0002484,CUST-000349,2025-02-25,sports,2,285.03,GBP,Germany
ORD-42-0002485,CUST-000184,2025-05-01,home,8,150.82,RWF,Ghana
ORD-42-0002486,CUST-000280,2025-09-26,apparel,10,86.11,GBP,Germany
ORD-42-0002487,CUST-000239,2025-05-10,home,7,232.35,RWF,Germany
ORD-42-0002488,CUST-000079,2025-10-21,sports,7,210.38,USD,Kenya
ORD-42-0002489,CUST-000404,2025-07-23,grocery,3,$200.31,USD,Germany
ORD-42-0002490,CUST-000406,2025-01-28,apparel,3,296.88,EUR,Kenya
ORD-42-0002491,  CUST-000049  ,2025-12-24,grocery,8,"75,80",GBP,Kenya
ORD-42-0002492,CUST-000012,2025-04-22,grocery,3,152.46,KES,Ghana
ORD-42-0002493,CUST-000117,not-a-date,grocery,10,362.14,RWF,Germany
ORD-42-0002494,CUST-000486,2025-10-12,grocery,1,177.33,USD,Rwanda
ORD-42-0002495,CUST-000488,2025-07-20,sports,8,304.3,EUR,Kenya
ORD-42-0002496,CUST-000266,2025-04-23,apparel,7,245.76,GBP,United States
ORD-42-0002497,CUST-000082,2025-07-12,sports,5,342.34,RWF,United Kingdom
ORD-42-0002498,CUST-000063,2025-03-01,apparel,9,141.67,GBP,United States
ORD-42-0002499,CUST-000443,2025-10-28,home,10,485.24,USD,Rwanda
ORD-42-0002500,CUST-000229,2025-06-26,grocery,4,105.52,GBP,United States
ORD-42-0002501,CUST-000120,2025-07-25,sports,8,$393.62,KES,Ghana
ORD-42-0002502,CUST-000296,2025-07-16,sports,4,451.03,GBP,United States
ORD-42-0002503,CUST-000294,2025-09-06,sports,10,305.08,EUR,Germany
ORD-42-0002504,CUST-000289,2025-05-06,electronics,6,255.97,USD,Germany
ORD-42-0002505,CUST-000385,2025-10-18,toys,6,41.57,RWF,Germany
ORD-42-0002506,CUST-000309,2025-08-18,electronics,8,195.4,EUR,Ghana
ORD-42-0002507,CUST-000365,2025-10-20,home,1,237.4,EUR,United States
ORD-42-0002508,CUST-000002,2025-07-18,home,10,$241.79,EUR,Ghana
ORD-42-0002509,CUST-000490,2025-07-22,grocery,6,302.78,KES,Kenya
ORD-42-0002510,CUST-000422,2025-02-05,apparel,10,302.94,GBP,United States
ORD-42-0002511,CUST-000032,2025-09-24,toys,9,$141.95,RWF,Germany
ORD-42-0002512,CUST-000359,2025-12-27,home,5,102.92,GBP,Rwanda
ORD-42-0002513,CUST-000015,2025-02-02,sports,7,40.28,RWF,Kenya
ORD-42-0002514,CUST-000229,2025-02-15,grocery,9,79.33,RWF,Ghana
ORD-42-0002515,CUST-000056,2025-08-14,grocery,5,99.69,KES,Germany
ORD-42-0002516,CUST-000146,2025-10-10,toys,3,162.08,USD,Rwanda
ORD-42-0002517,CUST-000027,2025-07-18,toys,8,185.04,GBP,United States
ORD-42-0002518,CUST-000193,2025-03-26,electronics,7,323.52,RWF,Kenya
ORD-42-0002519,,2025-02-22,electronics,5,"162,68",KES,Rwanda
ORD-42-0002520,CUST-000453,2025-04-15,electronics,3,248.84,USD,Kenya
ORD-42-0002521,CUST-000078,2025-11-10,toys,3,470.12,EUR,Rwanda
ORD-42-0002522,CUST-000387,2025-07-01,home,6,41.5,GBP,Rwanda
ORD-42-0002523,CUST-000253,2025-06-10,toys,1,262.81,RWF,United States
ORD-42-0002524,CUST-000080,2025-03-27,electronics,4,224.8,USD,
ORD-42-0002525,CUST-000117,2025-09-01,electronics,9,13.09,EUR,Germany
ORD-42-0002526,CUST-000022,2025-12-11,apparel,4,475.03,EUR,UNITED KINGDOM
ORD-42-0002527,  CUST-000164  ,2025-07-20,grocery,7,10.61,GBP,Germany
ORD-42-0002528,CUST-000013,2025-01-24,sports,7,275.47,USD,Kenya
ORD-42-0002529,CUST-000302,2025-12-14,apparel,4,291.79,USD,Ghana
ORD-42-0002530,CUST-000360,not-a-date,toys,6,255.07,EUR,Germany
ORD-42-0002531,CUST-000109,2025-10-16,toys,1,457.69,KES,ghana
ORD-42-0002532,CUST-000137,2025-03-23,home,9,194.82,EUR,United Kingdom
ORD-42-0002533,  CUST-000132  ,2025-07-14,apparel,6,449.07,RWF,Rwanda
ORD-42-0002534,CUST-000334,2025-08-08,grocery,1,223.33,KES,Germany
ORD-42-0002535,CUST-000105,2025-09-29,electronics,1,194.34,USD,United States
ORD-42-0002536,CUST-000478,2025-09-18,apparel,10,368.12,GBP,United States
ORD-42-0002537,CUST-000346,2025-09-14,toys,5,181.11,USD,United States
ORD-42-0002538,CUST-000321,2025-09-06,toys,5,109.19,USD,Ghana
ORD-42-0002539,CUST-000007,2025-09-13,apparel,6,103.97,RWF,United States
ORD-42-0002540,CUST-000168,2025-05-12,grocery,10,377.18,RWF,Germany
ORD-42-0002541,CUST-000288,2025-03-02,home,4,39.76,USD,RWANDA
ORD-42-0002542,CUST-000437,2025-12-17,toys,1,428.73,GBP,rwanda
ORD-42-0002543,CUST-000156,2025-05-19,grocery,10,480.64,USD,Rwanda
ORD-42-0002544,CUST-000189,2025-09-13,sports,4,485.5,GBP,Rwanda
ORD-42-0002545,CUST-000144,2025-06-02,sports,1,"149,44",USD,Rwanda
ORD-42-0002546,CUST-000155,2025-10-21,home,8,465.13,EUR,Rwanda
ORD-42-0002547,CUST-000471,2025-02-10,sports,1,440.26,RWF,Kenya
ORD-42-0002548,CUST-000008,2025-11-05,electronics,4,$228.17,KES,United States
ORD-42-0002549,CUST-000286,2025-08-15,home,1,351.74,RWF,Rwanda
ORD-42-0002550,CUST-000375,2025-01-12,apparel,4,33.51,RWF,Rwanda
ORD-42-0002551,CUST-000020,2025-04-22,grocery,8,206.8,USD,United Kingdom
ORD-42-0002552,CUST-000460,2025-12-10,sports,2,479.76,GBP,UNITED STATES
ORD-42-0002553,,2025-05-01,apparel,5,13.18,GBP,Kenya
ORD-42-0002554,CUST-000121,2025-01-13,grocery,1,497.92,USD,United Kingdom
ORD-42-0002555,CUST-000428,2025-05-24,toys,8,$396.19,USD,Ghana
ORD-42-0002556,CUST-000187,2025-11-17,toys,6,228.67,RWF,United Kingdom
ORD-42-0002557,CUST-000084,2025-06-24,sports,6,363.37,KES,Kenya
ORD-42-0002558,CUST-000165,2025-02-08,home,7,87.81,RWF,Ghana
ORD-42-0002559,CUST-000240,2025-07-08,home,3,407.3,RWF,UNITED STATES
ORD-42-0002560,  CUST-000278  ,2025-06-07,home,7,44.14,GBP,KENYA
ORD-42-0002561,CUST-000171,2025-07-02,  sports  ,8,225.93,KES,United States
ORD-42-0002562,CUST-000085,2025-12-11,home,9,459.23,EUR,United Kingdom
ORD-42-0002563,CUST-000175,2025-03-31,sports,3,425.7,KES,Kenya
ORD-42-0002564,CUST-000418,2025-09-18,sports,7,41.79,RWF,rwanda
ORD-42-0002565,CUST-000257,2025-03-29,electronics,9,52.8,USD,Ghana
ORD-42-0002566,CUST-000479,2025-03-26,sports,3,370.12,GBP,Germany
ORD-42-0002567,CUST-000060,2025-07-19,sports,6,274.68,RWF,United Kingdom
ORD-42-0002568,CUST-000337,2025-06-14,apparel,10,176.22,RWF,United States
ORD-42-0002712,CUST-000385,2025-11-08,apparel,8,78.69,EUR,United States
ORD-42-0002570,CUST-000001,2025-04-18,electronics,8,73.03,USD,United States
ORD-42-0002571,CUST-000487,2025-07-29,apparel,7,152.13,EUR,United Kingdom
ORD-42-0002572,CUST-000327,2025-11-13,apparel,1,9.09,GBP,Rwanda
ORD-42-0002571,CUST-000107,2025-09-28,sports,2,34.44,RWF,Rwanda
ORD-42-0002574,CUST-000217,2025-07-02,sports,7,6.27,KES,Ghana
ORD-42-0002575,CUST-000176,2025-06-17,home,4,152.59,KES,United Kingdom
ORD-42-0002576,CUST-000471,2025-05-02,sports,10,"297,07",RWF,Rwanda
,CUST-000256,2025-07-22,home,1,128.64,RWF,Germany
ORD-42-0002578,CUST-000386,2025-04-01,electronics,7,344.61,KES,Ghana
ORD-42-0002579,CUST-000486,2025-01-16,grocery,1,190.6,RWF,Rwanda
ORD-42-0002580,CUST-000244,2025-08-25,toys,2,42.4,USD,Germany
ORD-42-0002581,CUST-000195,2025-07-13,apparel,10,492.02,USD,Ghana
ORD-42-0002582,CUST-000159,2025-03-25,sports,8,109.06,RWF,Rwanda
ORD-42-0002583,CUST-000006,2025-01-16,apparel,10,431.5,USD,United Kingdom
,CUST-000228,2025-11-27,toys,3,$232.13,KES,Germany
ORD-42-0002585,CUST-000411,2025-04-02,sports,1,127.35,USD,United States
ORD-42-0002586,CUST-000265,2025-04-25,apparel,8,147.4,EUR,Rwanda
ORD-42-0002587,CUST-000149,2025-02-28,home,7,55.73,EUR,Rwanda
ORD-42-0002588,CUST-000102,2025-04-30,grocery,4,3.84,EUR,Germany
ORD-42-0002589,CUST-000023,2025-07-31,apparel,4,170.7,KES,germany
ORD-42-0003296,CUST-000118,2025-01-01,grocery,2,51.67,EUR,Kenya
ORD-42-0003533,CUST-000380,2025-02-26,toys,1,219.61,GBP,United States
ORD-42-0002592,CUST-000221,2025-12-22,sports,9,448.95,GBP,United States
ORD-42-0002593,CUST-000279,2025-11-08,grocery,8,17.73,RWF,United Kingdom
ORD-42-0002594,CUST-000360,2026-03-10,electronics,2,44.53,GBP,Germany
ORD-42-0002595,CUST-000206,2025-04-17,apparel,3,61.38,EUR,Rwanda
ORD-42-0002596,CUST-000293,2025-09-28,sports,4,223.6,KES,Ghana
ORD-42-0002597,  CUST-000286  ,2025-08-20,grocery,2,485.46,EUR,United Kingdom
ORD-42-0002598,CUST-000212,2025-11-03,toys,1,116.89,EUR,Ghana
ORD-42-0002599,CUST-000069,2025-01-07,grocery,-1,186.56,KES,Rwanda
ORD-42-0002600,CUST-000058,2025-04-08,sports,5,293.2,USD,Ghana
ORD-42-0002601,CUST-000451,2025-10-23,home,4,430.43,EUR,Kenya
ORD-42-0002602,CUST-000340,2025-05-03,grocery,8,107.85,EUR,Germany
ORD-42-0002603,CUST-000284,2025-02-11,sports,9,429.49,USD,Kenya
ORD-42-0002604,CUST-000342,2025-10-28,toys,3,430.73,USD,Germany
ORD-42-0002605,CUST-000263,2025-11-25,toys,3,124.29,RWF,United States
ORD-42-0002606,CUST-000186,2025-09-08,home,7,"30,78",RWF,Rwanda
ORD-42-0002607,CUST-000446,2025-07-21,grocery,1,97.11,GBP,Germany
ORD-42-0002608,CUST-000231,2025-02-25,apparel,3,240.2,KES,Germany
ORD-42-0002609,CUST-000331,2025-02-10,  apparel  ,4,299.89,GBP,Germany
ORD-42-0002610,CUST-000396,2025-11-24,grocery,10,16.43,USD,United Kingdom
ORD-42-0002611,CUST-000044,2025-01-06,apparel,1,185.39,RWF,Ghana
ORD-42-0002612,CUST-000238,2025-02-03,home,5,418.33,KES,Ghana
ORD-42-0002613,CUST-000471,2025-07-28,grocery,9,244.41,KES,United States
ORD-42-0002614,CUST-000287,2025-01-17,toys,10,330.84,KES,  Kenya  
ORD-42-0002615,CUST-000241,2025-07-13,  electronics  ,8,487.64,KES,United Kingdom
ORD-42-0002616,CUST-000316,2025-02-12,electronics,5,314.93,GBP,Ghana
ORD-42-0002617,CUST-000305,2025-04-14,apparel,6,463.48,GBP,Kenya
ORD-42-0002618,CUST-000290,2025-09-26,  home  ,5,96.73,GBP,United Kingdom
ORD-42-0002619,CUST-000347,2025-06-05,home,-5,299.28,EUR,United Kingdom
ORD-42-0002620,CUST-000456,2025-10-22,sports,5,95.79,GBP,United States
ORD-42-0002621,CUST-000278,2025-03-24,home,4,399.22,KES,United Kingdom
ORD-42-0002622,CUST-000089,2025-11-02,sports,5,319.66,EUR,United Kingdom
ORD-42-0002623,CUST-000405,2025-02-11,home,3,443.75,RWF,Ghana
ORD-42-0002624,CUST-000126,2025-06-15,grocery,5,466.31,RWF,United Kingdom
ORD-42-0002625,CUST-000175,2025-10-19,home,10,36.95,USD,Germany
ORD-42-0002626,CUST-000417,2025-03-26,grocery,1,34.21,GBP,Germany
ORD-42-0002627,CUST-000233,2025-03-26,toys,5,256.05,RWF,Kenya
ORD-42-0002628,CUST-000137,2025-12-06,grocery,8,298.04,RWF,Germany
ORD-42-0002629,CUST-000199,2025-07-25,electronics,3,91.37,GBP,Rwanda
ORD-42-0002630,CUST-000022,2025-11-27,home,2,"274,70",GBP,Kenya
ORD-42-0002631,CUST-000402,2025-11-13,sports,7,103.24,KES,Rwanda
ORD-42-0002632,CUST-000006,2025-11-05,home,10,360.07,GBP,Germany
ORD-42-0002633,CUST-000124,2025-09-05,apparel,10,302.23,GBP,UNITED KINGDOM
ORD-42-0002634,CUST-000182,2025-09-02,apparel,1,277.3,GBP,Kenya
ORD-42-0002635,CUST-000088,2025-06-19,apparel,9,308.53,EUR,Rwanda
ORD-42-0002636,CUST-000293,2025-02-21,home,8,"63,16",EUR,Germany
ORD-42-0002637,CUST-000114,2025-08-31,grocery,10,83.66,EUR,Kenya
ORD-42-0002638,CUST-000144,2025-11-08,unobtainium,4,335.91,RWF,United Kingdom
ORD-42-0002639,CUST-000441,2025-02-28,grocery,8,107.48,USD,Rwanda
ORD-42-0002640,CUST-000210,2025-01-02,grocery,8,"76,04",RWF,United Kingdom
ORD-42-0002641,CUST-000385,2025-06-21,electronics,9,382.76,EUR,United States
ORD-42-0002642,CUST-000252,2025-05-23,toys,6,161.72,RWF,United Kingdom
ORD-42-0002643,CUST-000316,2025-06-17,grocery,10,103.53,EUR,  United States  
ORD-42-0002644,CUST-000040,2025-02-28,sports,7,85.02,RWF,Kenya
ORD-42-0002645,CUST-000112,2025-07-25,home,7,137.8,GBP,Kenya
ORD-42-0002646,CUST-000195,2025-02-28,grocery,1,343.56,KES,Kenya
ORD-42-0002647,CUST-000331,2025-01-09,electronics,8,356.82,USD,GERMANY
ORD-42-0002648,CUST-000293,2025-07-09,home,7,"11,23",RWF,United States
ORD-42-0002649,CUST-000229,2025-05-29,electronics,7,128.21,EUR,Ghana
ORD-42-0002650,CUST-000188,2025-08-21,grocery,3,85.1,KES,United States
ORD-42-0002651,CUST-000265,2025-03-01,toys,4,423.11,RWF,Ghana
ORD-42-0002652,CUST-000025,2025-09-06,unobtainium,3,47.1,KES,Rwanda
ORD-42-0002653,CUST-000129,2025-11-22,toys,5,227.1,GBP,Kenya
ORD-42-0002654,CUST-000440,2025-05-23,home,3,115.32,GBP,Kenya
ORD-42-0002655,,2025-11-28,apparel,2,310.85,KES,United States
,CUST-000401,2025-10-03,home,9,235.65,RWF,Kenya
ORD-42-0002657,CUST-000121,2035-07-25,apparel,10,356.55,USD,RWANDA
ORD-42-0002658,CUST-000138,2025-10-02,toys,2,389.75,KES,Ghana
ORD-42-0002659,CUST-000371,2025-10-02,apparel,9,466.14,EUR,Rwanda
ORD-42-0002660,CUST-000167,2025-10-06,home,9,406.84,KES,UNITED KINGDOM
ORD-42-0002661,CUST-000459,2025-12-03,grocery,3,84.33,RWF,Kenya
ORD-42-0002662,CUST-000434,2025-10-26,apparel,10,$417.31,KES,Ghana
ORD-42-0002663,CUST-000237,2025-08-29,unobtainium,3,355.39,EUR,Kenya
ORD-42-0002664,CUST-000328,2025-02-25,electronics,2,491.45,EUR,Rwanda
ORD-42-0002665,CUST-000148,2025-05-11,toys,8,339.09,RWF,United Kingdom
ORD-42-0002666,CUST-000278,2025-06-09,toys,8,481.09,KES,Ghana
ORD-42-0002667,CUST-000403,2025-02-25,toys,7,376.06,KES,Germany
ORD-42-0002668,CUST-000086,2025-04-19,grocery,3,402.61,EUR,Rwanda
ORD-42-0002669,CUST-000308,2025-06-27,home,2,302.59,RWF,Germany
ORD-42-0002670,CUST-000193,2025-08-01,home,1,157.96,EUR,Rwanda
ORD-42-0002671,CUST-000111,2025-05-24,sports,3,225.52,KES,United States
ORD-42-0002672,CUST-000072,2025-02-03,home,7,123.0,USD,Kenya
ORD-42-0002673,CUST-000463,2025-05-22,home,8,200.22,RWF,Ghana
ORD-42-0002674,CUST-000452,2025-09-19,grocery,3,208.48,USD,Kenya
ORD-42-0002675,CUST-000486,2025-10-19,sports,2,148.41,USD,Ghana
ORD-42-0002676,CUST-000239,not-a-date,sports,7,39.98,GBP,Ghana
ORD-42-0002677,CUST-000421,2025-04-14,toys,8,$21.22,RWF,Rwanda
ORD-42-0002678,CUST-000181,2025-07-16,apparel,5,461.07,EUR,Rwanda
ORD-42-0002679,CUST-000052,2025-10-19,sports,9,135.53,USD,United Kingdom
ORD-42-0002680,CUST-000112,2025-02-13,toys,6,13.05,RWF,Ghana
ORD-42-0002681,CUST-000409,2025-02-22,grocery,6,$311.26,GBP,Ghana
ORD-42-0002682,CUST-000027,2025-04-12,toys,2,441.88,RWF,  Germany  
ORD-42-0002683,CUST-000391,2025-04-13,electronics,9,364.6,KES,United Kingdom
ORD-42-0002684,CUST-000035,2025-10-15,grocery,6,330.65,RWF,United States
ORD-42-0002685,CUST-000370,2025-02-10,home,3,71.96,EUR,Rwanda
ORD-42-0002686,  CUST-000316  ,2025-06-19,home,7,110.9,USD,Ghana
ORD-42-0002687,CUST-000007,not-a-date,apparel,7,285.08,RWF,
ORD-42-0002688,CUST-000219,2025-03-27,toys,5,495.22,EUR,Rwanda
ORD-42-0002689,CUST-000034,2025-10-10,electronics,5,363.89,USD,Kenya
ORD-42-0002690,CUST-000240,2025-10-09,sports,8,58.0,RWF,Ghana
ORD-42-0002691,CUST-000316,2031-03-28,unobtainium,5,288.94,KES,United States
ORD-42-0002692,CUST-000170,2025-02-12,sports,6,263.83,KES,United Kingdom
ORD-42-0002693,CUST-000350,2025-08-12,toys,4,113.87,USD,Germany
ORD-42-0002694,CUST-000248,2025-08-15,home,9,150.98,RWF,Rwanda
ORD-42-0002695,CUST-000488,2025-03-05,home,5,54.14,EUR,United Kingdom
ORD-42-0002696,CUST-000115,2025-09-11,apparel,8,452.68,USD,United States
ORD-42-0002697,CUST-000278,2025-04-18,home,7,371.52,RWF,United Kingdom
ORD-42-0002698,CUST-000170,2025-08-01,electronics,4,82.06,RWF,United States
ORD-42-0002699,CUST-000034,2025-07-25,electronics,7,203.56,RWF,Kenya
ORD-42-0002700,CUST-000213,2025-05-04,electronics,6,468.86,USD,GHANA
ORD-42-0002701,CUST-000121,2025-04-27,grocery,7,"294,62",RWF,Germany
ORD-42-0002702,CUST-000435,2025-09-03,home,4,305.68,EUR,Ghana
ORD-42-0002703,CUST-000082,2025-03-01,home,10,189.05,USD,Rwanda
ORD-42-0002704,CUST-000043,2025-11-20,sports,1,75.87,RWF,Germany
ORD-42-0002705,CUST-000460,2025-11-15,sports,3,495.93,USD,Germany
ORD-42-0004002,CUST-000091,2025-12-16,apparel,5,491.87,GBP,United States
ORD-42-0002707,CUST-000352,2025-01-08,home,10,44.67,EUR,Ghana
ORD-42-0002708,CUST-000170,2025-11-11,electronics,10,42.09,USD,United Kingdom
ORD-42-0002709,CUST-000001,2025-09-25,apparel,7,$412.27,RWF,Rwanda
ORD-42-0002710,CUST-000137,2025-03-04,home,-10,418.59,USD,United Kingdom
ORD-42-0002711,CUST-000146,2025-10-23,electronics,8,303.48,GBP,Kenya
ORD-42-0002712,CUST-000330,2025-01-08,toys,2,248.71,EUR,United States
ORD-42-0002713,CUST-000146,2025-12-16,  grocery  ,6,332.84,RWF,Germany
ORD-42-0002714,CUST-000184,2025-04-16,home,5,327.09,RWF,Germany
ORD-42-0002715,CUST-000414,2025-09-03,home,6,106.06,RWF,Kenya
ORD-42-0002716,CUST-000361,2025-10-14,electronics,2,30.32,USD,Kenya
ORD-42-0002717,CUST-000056,2025-05-17,apparel,3,361.66,GBP,Ghana
ORD-42-0002718,CUST-000353,2025-07-22,toys,4,359.6,RWF,Germany
ORD-42-0002719,CUST-000063,2027-12-28,sports,9,364.96,GBP,United States
ORD-42-0002720,CUST-000108,2025-05-04,sports,1,182.74,RWF,Kenya
ORD-42-0002721,CUST-000177,2025-11-29,electronics,1,420.72,GBP,Germany
ORD-42-0002722,CUST-000096,2025-04-22,grocery,7,392.08,GBP,Germany
ORD-42-0002723,CUST-000069,2025-07-18,sports,7,"329,54",KES,United States
ORD-42-0002724,CUST-000095,2025-12-29,apparel,5,208.48,RWF,Ghana
ORD-42-0002725,CUST-000076,2025-12-11,apparel,4,256.88,RWF,Ghana
ORD-42-0002726,CUST-000465,2025-09-20,sports,3,209.52,USD,United States
ORD-42-0002727,CUST-000185,2025-01-02,home,10,187.14,USD,Rwanda
ORD-42-0002728,  CUST-000248  ,2025-04-20,apparel,4,74.76,KES,GHANA
ORD-42-0002729,CUST-000272,2025-06-15,toys,10,306.62,KES,Kenya
ORD-42-0002730,CUST-000223,2025-12-12,grocery,10,"274,01",KES,Germany
ORD-42-0002731,CUST-000023,2025-08-09,home,1,204.26,USD,Germany
ORD-42-0002732,CUST-000425,2025-06-02,unobtainium,10,286.38,GBP,United Kingdom
ORD-42-0002733,CUST-000115,2025-05-16,home,5,445.87,USD,Kenya
ORD-42-0002734,CUST-000343,2025-03-11,home,7,133.42,KES,Kenya
ORD-42-0002735,CUST-000021,2025-09-10,grocery,4,199.09,RWF,Rwanda
ORD-42-0002736,CUST-000491,2025-11-24,home,9,407.4,KES,Germany
ORD-42-0002737,CUST-000009,2025-04-20,sports,5,384.68,USD,Germany
ORD-42-0002738,CUST-000298,2025-09-14,toys,9,144.49,USD,Kenya
ORD-42-0002739,CUST-000474,2025-06-16,toys,6,89.44,EUR,Rwanda
ORD-42-0002740,CUST-000351,2025-05-27,electronics,6,323.77,RWF,Rwanda
ORD-42-0002741,CUST-000051,2025-10-27,sports,5,85.34,GBP,United States
ORD-42-0002742,CUST-000132,2025-06-03,apparel,7,102.84,EUR,Ghana
ORD-42-0002743,CUST-000050,2025-08-07,home,9,346.09,USD,Rwanda
ORD-42-0002744,CUST-000080,2025-10-31,electronics,4,33.93,GBP,Kenya
ORD-42-0002745,CUST-000059,2025-05-15,home,2,250.73,KES,Germany
ORD-42-0002746,CUST-000262,2025-10-31,grocery,10,139.87,USD,Ghana
ORD-42-0002747,CUST-000404,2025-11-15,home,3,194.55,EUR,United Kingdom
ORD-42-0002748,CUST-000484,2025-08-26,sports,1,455.55,KES,Rwanda
ORD-42-0002749,CUST-000033,2025-10-10,apparel,6,81.01,KES,Kenya
ORD-42-0002750,CUST-000246,2025-02-12,home,1,170.75,RWF,Germany
ORD-42-0002751,CUST-000054,2025-04-14,grocery,-4,84.59,KES,United States
ORD-42-0002752,CUST-000248,2025-03-07,sports,2,488.09,EUR,United States
ORD-42-0002753,CUST-000479,2025-04-23,toys,-8,194.25,GBP,Kenya
ORD-42-0002754,CUST-000461,2025-12-11,electronics,8,94.85,KES,Ghana
ORD-42-0002755,CUST-000009,2025-01-26,  home  ,6,$208.35,USD,Ghana
ORD-42-0002756,CUST-000442,2025-05-09,electronics,3,421.67,KES,United Kingdom
,CUST-000288,2025-11-03,toys,3,237.24,KES,United Kingdom
ORD-42-0002758,CUST-000372,2025-07-11,electronics,10,405.6,GBP,Kenya
ORD-42-0002759,CUST-000160,2025-04-02,grocery,5,20.43,USD,Rwanda
ORD-42-0002760,CUST-000481,2025-08-01,sports,3,348.26,RWF,Kenya
ORD-42-0002761,CUST-000144,2025-07-11,grocery,2,487.59,GBP,Rwanda
ORD-42-0002762,CUST-000256,2025-07-28,sports,5,204.03,USD,Ghana
ORD-42-0002763,CUST-000168,2025-09-29,sports,2,434.88,KES,United Kingdom
ORD-42-0002764,CUST-000307,2025-11-11,home,2,$48.48,GBP,Ghana
ORD-42-0002765,  CUST-000163  ,2025-10-30,apparel,10,106.94,USD,Kenya
ORD-42-0002766,CUST-000026,2025-08-13,home,9,377.67,USD,United States
ORD-42-0002767,CUST-000282,2025-03-12,sports,9,149.31,KES,United States
ORD-42-0002768,CUST-000153,2025-11-11,grocery,1,156.63,RWF,Rwanda
ORD-42-0002769,,2025-07-15,home,1,69.31,USD,United Kingdom
ORD-42-0002770,CUST-000003,2025-11-08,grocery,1,235.14,GBP,Germany
ORD-42-0002771,CUST-000278,2025-11-08,home,3,295.84,KES,Kenya
ORD-42-0002772,CUST-000042,2025-07-14,apparel,3,324.59,KES,United States
ORD-42-0002773,CUST-000444,2031-04-03,sports,1,235.69,EUR,Kenya
ORD-42-0002774,CUST-000378,not-a-date,toys,4,494.83,USD,United States
ORD-42-0002775,CUST-000268,2025-08-15,toys,4,246.83,EUR,Rwanda
ORD-42-0002776,CUST-000221,2025-09-15,toys,7,97.04,KES,ghana
ORD-42-0002777,CUST-000177,2025-10-24,grocery,10,206.36,KES,  Ghana  
ORD-42-0002778,CUST-000138,2025-08-27,toys,2,353.75,GBP,United States
ORD-42-0001044,CUST-000310,2025-04-22,electronics,2,203.37,EUR,United States
ORD-42-0002780,CUST-000130,2025-01-13,apparel,10,92.99,KES,Rwanda
ORD-42-0002781,CUST-000496,2025-01-23,apparel,3,355.82,EUR,kenya
ORD-42-0002782,CUST-000382,2025-12-09,sports,2,342.35,EUR,Kenya
ORD-42-0002783,CUST-000142,2025-11-05,toys,1,326.27,USD,united states
ORD-42-0002784,CUST-000008,2025-06-04,electronics,6,"103,96",EUR,Kenya
ORD-42-0002785,CUST-000371,2025-02-04,electronics,6,163.23,RWF,Germany
ORD-42-0002786,,2025-04-11,sports,5,222.26,EUR,  United States  
,CUST-000075,2025-09-18,grocery,6,94.81,EUR,Germany
ORD-42-0002788,CUST-000251,2025-08-14,grocery,1,$126.80,RWF,Germany
ORD-42-0002789,CUST-000082,2025-12-01,electronics,8,262.62,EUR,Germany
ORD-42-0002790,CUST-000057,2025-08-07,apparel,5,140.38,RWF,Rwanda
ORD-42-0002791,CUST-000243,2025-04-05,electronics,10,$227.76,GBP,United States
ORD-42-0002792,CUST-000115,2025-05-16,apparel,5,419.89,RWF,ghana
ORD-42-0002793,CUST-000083,2025-05-01,apparel,8,452.5,USD,Kenya
ORD-42-0002794,CUST-000331,2025-04-28,grocery,4,493.26,KES,United Kingdom
ORD-42-0002795,CUST-000329,2025-10-19,electronics,5,$360.90,KES,Ghana
ORD-42-0002796,CUST-000354,2025-11-12,home,9,399.93,RWF,Rwanda
ORD-42-0002797,CUST-000033,2025-03-17,electronics,4,449.49,GBP,Kenya
ORD-42-0002798,CUST-000388,2025-01-24,toys,10,287.63,KES,Kenya
ORD-42-0002799,CUST-000322,2025-04-22,toys,1,75.4,USD,Ghana
ORD-42-0002800,CUST-000394,2025-01-13,toys,7,284.41,USD,Germany
ORD-42-0002801,CUST-000100,2025-09-28,electronics,5,360.72,RWF,Ghana
ORD-42-0002802,CUST-000357,2025-08-15,toys,4,314.79,KES,United Kingdom
ORD-42-0002803,CUST-000289,2025-07-03,electronics,7,236.46,EUR,Kenya
ORD-42-0002804,CUST-000167,2025-12-09,home,6,236.22,EUR,United Kingdom
ORD-42-0002805,CUST-000171,2025-04-24,apparel,7,478.79,USD,United States
ORD-42-0002806,CUST-000040,2025-11-10,toys,3,116.42,USD,Kenya
ORD-42-0002807,CUST-000240,2025-06-04,toys,2,52.2,KES,Germany
ORD-42-0001631,CUST-000368,2025-10-24,apparel,4,110.02,USD,Rwanda
ORD-42-0002809,CUST-000132,2025-12-27,toys,7,61.02,GBP,United States
ORD-42-0002810,CUST-000302,2025-05-16,apparel,2,171.07,EUR,United Kingdom
ORD-42-0002811,CUST-000061,2025-11-15,home,10,268.91,EUR,Rwanda
ORD-42-0002812,CUST-000244,2025-01-14,home,9,84.35,USD,Germany
ORD-42-0002813,CUST-000419,2025-09-13,grocery,6,50.95,KES,united kingdom
ORD-42-0002814,CUST-000118,2025-03-13,home,1,214.13,GBP,Ghana
ORD-42-0002815,CUST-000386,2025-05-15,toys,3,14.42,USD,United States
ORD-42-0002816,CUST-000293,2025-12-22,sports,5,$97.08,EUR,Kenya
,CUST-000378,2025-12-09,sports,3,98.73,EUR,Kenya
ORD-42-0002818,CUST-000068,2025-08-03,grocery,1,331.17,EUR,United Kingdom
ORD-42-0002819,CUST-000069,2025-12-16,electronics,4,183.95,GBP,United States
ORD-42-0002820,CUST-000222,2025-10-15,sports,2,416.98,EUR,Germany
ORD-42-0002821,CUST-000194,2025-12-29,apparel,6,18.53,EUR,United States
ORD-42-0002822,CUST-000432,2025-05-31,  electronics  ,2,382.44,EUR,
ORD-42-0002823,CUST-000079,2025-06-03,electronics,7,115.4,EUR,Ghana
ORD-42-0002824,CUST-000366,2025-04-10,sports,9,442.03,KES,United Kingdom
ORD-42-0002825,CUST-000461,2025-03-08,home,8,79.54,KES,United Kingdom
ORD-42-0002826,CUST-000339,2025-03-17,apparel,8,213.02,KES,Germany
ORD-42-0002827,CUST-000143,2025-07-24,home,10,"107,86",USD,KENYA
ORD-42-0002828,CUST-000208,2025-08-03,grocery,9,232.97,USD,United Kingdom
ORD-42-0002829,  CUST-000060  ,2025-01-11,apparel,1,115.64,KES,Rwanda
ORD-42-0002830,CUST-000287,2025-05-01,grocery,10,356.51,EUR,Rwanda
ORD-42-0002831,CUST-000266,2025-10-01,toys,4,399.67,EUR,Rwanda
ORD-42-0002832,CUST-000261,2025-02-25,toys,2,121.51,KES,Rwanda
ORD-42-0002833,CUST-000174,2025-04-08,toys,2,130.57,GBP,United Kingdom
ORD-42-0002834,CUST-000070,2025-10-02,  electronics  ,7,245.76,EUR,Kenya
ORD-42-0002835,CUST-000412,2025-09-11,sports,2,259.46,KES,Germany
ORD-42-0002836,CUST-000037,2025-05-30,sports,9,41.0,GBP,Germany
ORD-42-0002837,CUST-000085,2025-01-18,home,6,15.95,USD,Rwanda
ORD-42-0002838,CUST-000397,2025-01-26,sports,1,431.58,USD,Rwanda
ORD-42-0002839,CUST-000166,2025-10-09,sports,10,41.45,EUR,Germany
ORD-42-0002840,CUST-000488,2025-11-12,grocery,9,324.13,USD,United States
ORD-42-0002841,CUST-000384,2025-02-26,electronics,3,494.21,GBP,Germany
ORD-42-0002842,CUST-000345,2025-11-04,toys,5,376.51,GBP,Kenya
ORD-42-0002843,CUST-000044,2025-03-28,apparel,10,334.4,KES,Germany
ORD-42-0002844,CUST-000148,2025-04-25,toys,2,$76.14,GBP,United Kingdom
ORD-42-0002845,CUST-000319,2025-12-11,home,7,234.97,KES,Germany
ORD-42-0002846,CUST-000240,2025-12-19,electronics,10,25.38,GBP,  Kenya  
ORD-42-0002847,CUST-000194,2025-07-09,sports,6,45.26,KES,Ghana
ORD-42-0002848,CUST-000272,2025-10-17,grocery,7,281.94,EUR,
ORD-42-0002849,CUST-000077,2025-08-17,toys,4,495.34,GBP,United States
ORD-42-0002850,CUST-000026,2025-06-28,home,3,"392,78",RWF,United States
ORD-42-0002851,CUST-000022,2025-03-25,sports,1,312.88,USD,Germany
ORD-42-0002852,CUST-000107,2025-08-31,grocery,10,428.16,KES,Germany
ORD-42-0002853,CUST-000317,2025-07-04,electronics,10,389.53,KES,Kenya
ORD-42-0002854,CUST-000065,2025-11-29,electronics,5,401.19,USD,Germany
ORD-42-0002855,CUST-000130,2025-04-06,electronics,9,457.7,USD,Ghana
ORD-42-0002856,CUST-000321,2025-08-22,sports,3,274.19,RWF,Germany
ORD-42-0002857,CUST-000451,2025-08-27,toys,4,189.67,EUR,United Kingdom
ORD-42-0002858,CUST-000332,2025-11-30,grocery,5,121.87,USD,Kenya
ORD-42-0004488,CUST-000357,2025-06-11,toys,5,363.27,KES,United Kingdom
ORD-42-0002860,CUST-000331,2025-01-24,sports,5,204.41,EUR,Rwanda
ORD-42-0002861,CUST-000125,2025-06-01,sports,3,184.76,KES,Germany
ORD-42-0002862,CUST-000110,2025-11-09,home,5,42.0,USD,GERMANY
ORD-42-0002863,CUST-000150,2025-02-12,grocery,3,177.98,GBP,Ghana
ORD-42-0002864,CUST-000444,2025-12-11,apparel,7,394.54,GBP,Ghana
ORD-42-0002865,CUST-000279,2025-01-17,apparel,5,96.64,USD,United States
ORD-42-0002866,CUST-000044,2025-05-06,grocery,5,$206.18,GBP,Ghana
ORD-42-0002867,CUST-000263,2025-03-13,toys,9,458.22,USD,Kenya
ORD-42-0002868,CUST-000375,2025-11-07,home,4,278.49,KES,UNITED KINGDOM
ORD-42-0002869,CUST-000092,2025-08-13,home,3,233.38,USD,United States
ORD-42-0002870,CUST-000353,2025-07-11,electronics,5,343.73,USD,Ghana
ORD-42-0002871,CUST-000123,2025-09-19,apparel,4,484.9,GBP,Kenya
ORD-42-0002872,CUST-000425,2025-04-07,home,10,158.22,USD,Germany
ORD-42-0002873,CUST-000373,2025-09-10,apparel,2,45.94,KES,Germany
ORD-42-0002874,CUST-000270,2025-05-08,sports,2,272.64,KES,Kenya
ORD-42-0002875,CUST-000124,2025-03-04,electronics,4,246.8,EUR,germany
ORD-42-0002876,CUST-000330,2025-07-20,apparel,1,441.31,USD,UNITED STATES
ORD-42-0002877,CUST-000040,2025-11-20,toys,9,248.84,GBP,Germany
ORD-42-0002878,CUST-000049,2025-05-10,toys,7,389.68,KES,Rwanda
ORD-42-0002879,CUST-000006,2025-09-29,apparel,1,498.63,USD,United Kingdom
ORD-42-0002880,CUST-000055,2025-07-14,grocery,2,275.32,KES,united kingdom
ORD-42-0002881,CUST-000474,2025-12-26,apparel,-7,167.59,RWF,Ghana
ORD-42-0002882,CUST-000374,2025-08-09,toys,2,$480.22,RWF,Rwanda
ORD-42-0002883,CUST-000452,2025-02-18,sports,4,196.49,KES,ghana
ORD-42-0002884,CUST-000069,2025-12-03,electronics,5,302.24,USD,United Kingdom
ORD-42-0002885,CUST-000328,2025-03-13,home,2,270.08,EUR,Kenya
ORD-42-0002886,CUST-000204,not-a-date,grocery,6,419.19,KES,Kenya
ORD-42-0002887,CUST-000388,2025-06-07,apparel,3,407.66,EUR,Kenya
ORD-42-0002888,CUST-000311,2025-02-27,toys,3,37.68,RWF,Ghana
ORD-42-0002889,CUST-000172,2025-07-13,grocery,2,47.02,USD,United States
ORD-42-0002890,CUST-000382,2025-08-04,apparel,9,268.52,USD,  Ghana  
ORD-42-0002891,CUST-000323,2025-12-22,home,4,246.7,RWF,Germany
ORD-42-0002892,CUST-000223,2025-12-09,toys,2,59.14,EUR,Germany
ORD-42-0002893,CUST-000400,2025-12-23,electronics,4,437.54,USD,United Kingdom
ORD-42-0002894,CUST-000454,2025-09-19,home,7,199.52,KES,Rwanda
ORD-42-0002895,CUST-000419,2025-12-19,grocery,3,342.77,USD,Ghana
ORD-42-0002896,CUST-000482,2025-09-15,electronics,3,384.03,GBP,ghana
ORD-42-0002897,CUST-000183,2025-12-06,grocery,9,275.6,RWF,United Kingdom
ORD-42-0002898,CUST-000056,2025-04-28,sports,8,212.81,KES,United States
ORD-42-0002899,CUST-000463,2025-10-20,toys,4,491.98,GBP,Ghana
ORD-42-0002900,CUST-000384,2025-12-12,electronics,4,152.7,KES,Rwanda
ORD-42-0002901,CUST-000407,2025-04-06,grocery,4,171.96,EUR,GERMANY
ORD-42-0001221,CUST-000442,2025-01-25,toys,9,69.11,USD,Kenya
ORD-42-0002903,CUST-000120,2025-02-05,home,10,362.2,USD,Rwanda
ORD-42-0002904,CUST-000342,2025-06-26,grocery,1,303.24,USD,United Kingdom
ORD-42-0002905,CUST-000189,2025-03-18,toys,2,401.84,GBP,United Kingdom
ORD-42-0002906,CUST-000094,2025-12-24,sports,8,$495.96,KES,Kenya
ORD-42-0002907,CUST-000207,2025-03-01,sports,10,312.26,RWF,United Kingdom
ORD-42-0002908,CUST-000294,2025-06-23,sports,5,415.31,KES,United Kingdom
ORD-42-0002909,CUST-000382,2025-01-20,sports,8,45.74,KES,Ghana
,CUST-000075,2025-04-02,home,10,192.67,KES,Kenya
ORD-42-0002911,CUST-000076,2025-07-16,toys,2,147.91,KES,Ghana
ORD-42-0002912,CUST-000292,2025-02-19,apparel,3,445.38,USD,Kenya
ORD-42-0002913,CUST-000430,2025-09-09,home,3,388.36,RWF,Germany
ORD-42-0002914,CUST-000289,2025-03-21,electronics,7,311.49,USD,United Kingdom
ORD-42-0002915,CUST-000243,2025-10-14,grocery,2,229.13,RWF,Rwanda
ORD-42-0002916,CUST-000329,2025-05-20,apparel,4,155.44,EUR,United Kingdom
ORD-42-0002917,CUST-000311,2025-09-11,home,10,454.02,EUR,United Kingdom
ORD-42-0002918,CUST-000071,2025-01-30,toys,1,418.15,GBP,Rwanda
ORD-42-0002919,CUST-000460,2025-07-09,grocery,2,490.82,KES,United Kingdom
ORD-42-0002920,CUST-000223,2025-07-11,electronics,9,402.49,EUR,Germany
ORD-42-0002921,CUST-000303,2025-07-02,toys,3,217.64,GBP,Rwanda
ORD-42-0002922,CUST-000402,2025-03-26,grocery,10,189.77,RWF,United States
ORD-42-0002923,CUST-000038,2025-09-13,electronics,9,241.48,RWF,Rwanda
ORD-42-0002924,CUST-000345,2025-01-15,apparel,4,403.81,GBP,United Kingdom
ORD-42-0002925,CUST-000173,2025-11-01,home,4,388.83,RWF,United Kingdom
ORD-42-0002926,CUST-000077,2025-08-31,toys,5,425.03,GBP,United States
ORD-42-0002927,CUST-000461,2025-12-12,electronics,3,239.73,EUR,Rwanda
ORD-42-0002928,CUST-000004,2025-01-25,toys,7,300.6,RWF,Rwanda
ORD-42-0002929,CUST-000029,2025-11-03,grocery,9,101.83,USD,United States
ORD-42-0002930,CUST-000099,2025-02-22,home,1,24.91,USD,Germany
ORD-42-0002931,CUST-000271,2025-12-04,toys,5,40.97,KES,Rwanda
ORD-42-0002932,CUST-000440,2025-07-21,electronics,8,204.49,EUR,United States
ORD-42-0002933,CUST-000268,2025-09-23,toys,8,321.39,EUR,Rwanda
ORD-42-0002934,CUST-000374,2025-06-27,unobtainium,5,135.79,RWF,Germany
ORD-42-0002935,CUST-000227,2025-03-01,home,7,81.99,RWF,Kenya
ORD-42-0002936,CUST-000372,2030-05-25,grocery,3,298.56,GBP,Rwanda
ORD-42-0002937,CUST-000285,2025-11-15,sports,8,362.77,RWF,Germany
ORD-42-0002938,CUST-000473,2025-12-08,unobtainium,10,349.94,KES,Rwanda
ORD-42-0002939,CUST-000394,2025-08-20,electronics,7,468.35,KES,Ghana
,CUST-000035,not-a-date,apparel,4,227.48,USD,Kenya
ORD-42-0002941,CUST-000489,2025-07-25,home,3,102.11,RWF,Rwanda
ORD-42-0002942,CUST-000240,2025-03-29,electronics,8,6.31,EUR,United States
ORD-42-0002943,CUST-000053,2025-11-22,toys,3,1.23,USD,Kenya
ORD-42-0002944,CUST-000385,2025-05-30,apparel,9,489.79,GBP,Kenya
ORD-42-0002945,CUST-000240,2025-04-23,toys,10,488.24,RWF,Rwanda
ORD-42-0002946,CUST-000098,2025-09-12,grocery,2,445.81,KES,Ghana
ORD-42-0002947,CUST-000158,2025-08-19,toys,1,363.27,EUR,United Kingdom
ORD-42-0002948,CUST-000166,2025-12-08,apparel,7,147.71,USD,Rwanda
ORD-42-0002949,CUST-000221,2025-08-13,home,1,119.02,EUR,United States
ORD-42-0002950,CUST-000129,2025-11-10,grocery,8,267.56,EUR,Germany
ORD-42-0002951,CUST-000380,2025-04-21,sports,9,85.99,EUR,Rwanda
ORD-42-0002952,CUST-000008,2025-10-11,sports,2,439.21,KES,United Kingdom
ORD-42-0002953,CUST-000424,2025-09-30,electronics,4,131.29,RWF,Kenya
ORD-42-0002954,CUST-000294,2025-03-28,home,8,392.41,KES,Germany
ORD-42-0002955,CUST-000120,2025-05-28,apparel,9,122.27,USD,United Kingdom
ORD-42-0002956,  CUST-000091  ,2025-03-29,sports,6,$204.80,GBP,Kenya
ORD-42-0002957,CUST-000294,2025-05-16,sports,1,246.92,KES,United Kingdom
ORD-42-0002958,CUST-000369,2025-02-10,grocery,7,340.69,USD,Germany
ORD-42-0002959,CUST-000245,2025-01-08,electronics,7,430.59,RWF,Kenya
ORD-42-0002960,CUST-000461,2025-06-08,toys,3,430.19,USD,Ghana
ORD-42-0002961,  CUST-000392  ,2025-12-31,grocery,9,72.67,EUR,Kenya
,CUST-000115,2025-02-13,home,6,337.27,USD,Germany
ORD-42-0002963,CUST-000348,2025-01-29,home,1,"388,87",KES,
ORD-42-0002964,CUST-000480,2025-11-09,sports,5,203.06,EUR,UNITED STATES
ORD-42-0002965,,2025-04-09,unobtainium,3,37.3,KES,Kenya
ORD-42-0002966,CUST-000168,2025-03-17,grocery,8,377.73,USD,United Kingdom
ORD-42-0002967,CUST-000303,2025-04-03,sports,5,$118.37,KES,United Kingdom
ORD-42-0002968,CUST-000278,2025-08-07,toys,1,476.59,EUR,Rwanda
ORD-42-0002969,CUST-000436,2025-07-16,electronics,10,346.2,EUR,  United States  
ORD-42-0002970,CUST-000431,2025-03-30,grocery,10,358.66,GBP,United Kingdom
ORD-42-0002971,CUST-000497,2025-08-05,unobtainium,3,149.77,KES,Ghana
ORD-42-0002972,CUST-000434,2025-02-23,toys,9,315.13,USD,Ghana
ORD-42-0002973,,2025-05-15,sports,9,254.26,USD,United States
ORD-42-0002974,CUST-000336,2025-05-21,electronics,6,461.9,EUR,United Kingdom
ORD-42-0002975,CUST-000206,2025-05-17,grocery,8,98.8,EUR,Rwanda
ORD-42-0002976,CUST-000479,2025-02-20,grocery,5,190.84,USD,United Kingdom
ORD-42-0002977,CUST-000033,2025-02-14,sports,8,247.95,KES,Germany
ORD-42-0002978,CUST-000197,2025-03-30,apparel,10,287.72,RWF,United Kingdom
ORD-42-0002979,CUST-000255,2025-10-15,apparel,6,258.54,EUR,Germany
ORD-42-0002980,CUST-000384,2025-12-13,sports,9,159.81,KES,Rwanda
ORD-42-0002981,CUST-000205,2025-02-06,apparel,4,184.97,GBP,Rwanda
ORD-42-0002982,CUST-000340,2025-07-01,grocery,7,364.12,GBP,United States
ORD-42-0002983,CUST-000234,2025-03-16,electronics,1,336.83,EUR,Ghana
ORD-42-0002984,CUST-000461,2025-03-30,apparel,6,426.39,GBP,Ghana
ORD-42-0002985,CUST-000094,2025-04-08,grocery,8,297.2,EUR,Kenya
ORD-42-0002986,CUST-000181,2025-02-22,home,3,319.51,EUR,United States
ORD-42-0002987,CUST-000273,2025-03-13,home,7,415.32,EUR,Kenya
,CUST-000280,not-a-date,electronics,6,203.05,GBP,Rwanda
ORD-42-0002989,CUST-000351,2025-01-18,home,3,266.99,GBP,United States
ORD-42-0002990,CUST-000478,2025-04-29,apparel,6,195.15,KES,Kenya
ORD-42-0002991,CUST-000207,2025-03-06,apparel,4,172.32,KES,United States
ORD-42-0002992,CUST-000190,2025-11-10,apparel,9,54.0,RWF,Ghana
ORD-42-0002993,CUST-000188,2025-12-19,sports,8,259.95,RWF,United Kingdom
ORD-42-0002994,CUST-000167,2025-12-24,toys,6,378.24,GBP,Ghana
ORD-42-0002995,CUST-000115,2025-12-29,  apparel  ,5,314.44,USD,United States
ORD-42-0002996,CUST-000458,not-a-date,toys,2,463.23,USD,  Germany  
ORD-42-0002997,CUST-000307,not-a-date,apparel,1,100.37,GBP,  United Kingdom  
ORD-42-0002998,CUST-000121,2025-08-17,electronics,2,419.44,EUR,Germany
ORD-42-0002999,CUST-000158,2025-11-17,home,5,227.38,GBP,Ghana
ORD-42-0003000,CUST-000104,2025-11-08,apparel,3,183.69,EUR,Germany
ORD-42-0003001,CUST-000244,2025-04-08,electronics,4,399.6,RWF,Ghana
ORD-42-0003002,CUST-000024,2025-12-24,toys,5,476.41,EUR,United States
ORD-42-0003003,CUST-000443,2025-02-06,electronics,5,475.24,USD,Rwanda
ORD-42-0003004,CUST-000398,2025-07-04,apparel,8,192.08,KES,Rwanda
ORD-42-0003005,CUST-000357,2025-03-05,toys,8,281.18,KES,United States
ORD-42-0003006,CUST-000428,2025-10-26,grocery,1,136.57,EUR,Kenya
ORD-42-0003007,CUST-000433,2025-04-13,toys,9,428.37,GBP,Germany
ORD-42-0003008,CUST-000084,2025-10-23,home,9,404.74,RWF,Germany
ORD-42-0003009,CUST-000030,2025-07-19,unobtainium,9,208.34,RWF,United Kingdom
ORD-42-0003010,CUST-000227,2025-08-11,home,3,69.97,GBP,
ORD-42-0003011,CUST-000173,2025-01-24,home,9,316.45,KES,GERMANY
ORD-42-0003012,CUST-000494,2025-06-29,home,10,144.73,KES,Kenya
ORD-42-0003013,CUST-000156,2025-02-21,electronics,2,406.4,RWF,Ghana
ORD-42-0003014,CUST-000014,2025-10-24,electronics,1,22.39,GBP,Ghana
ORD-42-0003015,CUST-000328,2025-09-06,toys,4,37.3,EUR,Kenya
ORD-42-0003016,CUST-000330,2025-11-03,home,6,35.55,USD,Ghana
ORD-42-0003017,  CUST-000175  ,2025-04-30,electronics,9,102.84,RWF,United Kingdom
ORD-42-0003018,CUST-000378,2025-09-30,sports,2,142.67,GBP,United Kingdom
ORD-42-0003019,CUST-000269,not-a-date,grocery,7,293.63,RWF,Kenya
ORD-42-0003020,CUST-000256,2025-01-13,apparel,7,225.05,RWF,UNITED STATES
ORD-42-0003021,CUST-000487,2025-08-05,sports,7,$75.70,USD,Kenya
ORD-42-0003022,CUST-000188,2025-04-13,sports,3,459.7,GBP,  Kenya  
ORD-42-0003023,CUST-000487,2025-11-27,toys,4,$402.89,EUR,United States
ORD-42-0003024,CUST-000279,2025-11-08,sports,3,96.02,USD,Kenya
ORD-42-0003025,CUST-000103,2025-02-25,apparel,1,313.83,KES,Rwanda
ORD-42-0003026,CUST-000031,2025-06-22,sports,1,442.86,KES,Kenya
ORD-42-0002350,CUST-000213,2025-08-20,grocery,3,102.77,KES,Germany
ORD-42-0003028,CUST-000177,2025-12-20,toys,3,383.7,RWF,United Kingdom
ORD-42-0003029,CUST-000362,2025-11-18,sports,8,89.29,EUR,Ghana
ORD-42-0003030,CUST-000246,2025-05-09,home,5,373.67,GBP,United Kingdom
ORD-42-0003031,CUST-000322,2025-08-18,grocery,3,190.08,KES,rwanda
,CUST-000167,2025-10-21,toys,2,255.95,RWF,Germany
ORD-42-0003033,CUST-000461,2025-01-30,toys,4,365.05,RWF,Rwanda
ORD-42-0003034,CUST-000282,2025-09-30,sports,8,480.21,RWF,Kenya
ORD-42-0003035,CUST-000033,2025-05-12,unobtainium,4,$99.96,EUR,  United Kingdom  
ORD-42-0003036,CUST-000336,2025-03-09,apparel,1,163.59,EUR,Kenya
ORD-42-0003037,CUST-000296,2025-03-17,toys,4,370.76,EUR,Rwanda
ORD-42-0003038,CUST-000376,2025-05-28,home,10,38.61,GBP,Kenya
ORD-42-0003039,CUST-000284,not-a-date,apparel,4,448.46,GBP,United States
ORD-42-0003040,CUST-000187,2025-01-07,apparel,10,427.99,KES,Kenya
ORD-42-0003041,CUST-000164,2025-03-23,home,5,209.52,RWF,United States
ORD-42-0003042,CUST-000331,2025-05-09,sports,8,110.21,RWF,Ghana
ORD-42-0003043,CUST-000127,not-a-date,toys,6,131.26,GBP,United Kingdom
ORD-42-0003044,CUST-000416,2025-04-21,toys,2,91.05,RWF,United Kingdom
ORD-42-0003045,CUST-000423,2025-03-09,grocery,1,94.21,EUR,Germany
ORD-42-0003046,CUST-000036,2025-10-11,electronics,6,124.0,KES,Germany
ORD-42-0003047,CUST-000389,2025-04-07,grocery,2,107.9,GBP,Kenya
ORD-42-0003048,CUST-000297,2025-03-22,toys,4,66.2,USD,United States
ORD-42-0003049,CUST-000386,2025-11-12,apparel,6,199.17,USD,United Kingdom
ORD-42-0003050,CUST-000097,2025-10-05,electronics,1,133.39,KES,Germany
ORD-42-0003051,CUST-000311,2025-01-15,grocery,9,252.23,KES,Germany
ORD-42-0003052,CUST-000179,2025-01-16,apparel,6,334.01,GBP,KENYA
ORD-42-0003053,CUST-000122,2025-02-09,toys,7,462.23,USD,Kenya
ORD-42-0003054,CUST-000009,2025-08-12,home,4,461.35,USD,United Kingdom
ORD-42-0003055,CUST-000438,2025-03-14,home,2,230.65,GBP,Kenya
ORD-42-0003056,CUST-000489,2025-09-16,sports,10,449.37,USD,Rwanda
ORD-42-0003057,  CUST-000399  ,2025-10-17,sports,10,84.57,KES,United States
ORD-42-0003058,CUST-000179,2025-01-27,electronics,2,152.09,RWF,Ghana
ORD-42-0003059,,2025-04-15,apparel,1,306.43,EUR,Rwanda
ORD-42-0003060,CUST-000296,2025-06-03,grocery,2,106.0,KES,
ORD-42-0003061,CUST-000048,2025-02-24,electronics,3,199.51,EUR,United States
ORD-42-0003062,CUST-000078,2025-11-03,apparel,3,59.92,RWF,Germany
ORD-42-0003063,,2025-01-28,apparel,1,58.47,USD,Rwanda
ORD-42-0003064,CUST-000058,2025-06-20,grocery,2,65.62,EUR,Rwanda
ORD-42-0003065,CUST-000062,2025-02-19,sports,1,223.8,GBP,United States
ORD-42-0003066,CUST-000381,2025-04-06,grocery,4,99.78,KES,UNITED STATES
ORD-42-0003067,CUST-000374,2025-09-14,electronics,5,286.37,RWF,
ORD-42-0003068,CUST-000173,2025-09-17,toys,1,330.51,RWF,United States
ORD-42-0003069,CUST-000449,2025-01-26,home,9,52.71,GBP,Kenya
ORD-42-0003070,CUST-000052,2035-08-27,home,1,395.13,RWF,United States
ORD-42-0003071,CUST-000269,2025-10-22,home,1,288.64,GBP,Kenya
ORD-42-0003072,CUST-000077,2025-03-02,home,7,65.27,KES,Kenya
ORD-42-0003073,CUST-000359,2025-06-28,home,7,419.98,USD,United States
ORD-42-0003074,CUST-000377,2025-01-31,electronics,4,$358.12,KES,United Kingdom
ORD-42-0003075,CUST-000177,2025-10-28,sports,10,248.78,USD,Rwanda
ORD-42-0003076,CUST-000118,2025-05-14,electronics,3,138.46,RWF,Ghana
ORD-42-0003077,CUST-000282,2025-07-18,toys,6,194.3,EUR,
ORD-42-0003078,CUST-000434,2025-12-19,home,2,444.16,EUR,Rwanda
ORD-42-0003079,CUST-000073,2025-04-30,electronics,7,62.43,KES,Kenya
ORD-42-0003080,CUST-000246,2025-09-05,toys,8,139.69,EUR,United Kingdom
ORD-42-0003081,CUST-000318,2025-12-01,grocery,2,216.18,KES,RWANDA
ORD-42-0003082,CUST-000212,2025-09-07,apparel,3,430.15,KES,United States
ORD-42-0003083,CUST-000484,2025-11-08,home,6,131.27,EUR,United States
ORD-42-0003084,CUST-000324,2025-02-07,electronics,4,350.9,GBP,Rwanda
ORD-42-0003085,CUST-000128,2025-12-02,electronics,1,308.45,RWF,Germany
ORD-42-0003086,CUST-000289,2025-02-08,grocery,6,212.17,GBP,United Kingdom
ORD-42-0003087,CUST-000034,2025-06-26,grocery,10,338.86,GBP,Ghana
ORD-42-0003088,CUST-000146,2025-05-29,apparel,4,126.39,USD,Kenya
ORD-42-0003089,CUST-000429,2025-08-26,grocery,7,2.36,USD,United Kingdom
ORD-42-0003090,CUST-000031,2025-11-02,toys,2,"20,33",USD,United States
ORD-42-0003091,CUST-000406,2025-06-04,toys,4,51.09,RWF,Ghana
ORD-42-0003092,CUST-000391,2025-11-16,grocery,3,212.48,USD,
ORD-42-0003093,CUST-000007,2025-04-12,electronics,6,224.43,EUR,United Kingdom
ORD-42-0003094,CUST-000016,2025-11-07,home,1,232.26,EUR,United Kingdom
ORD-42-0003095,CUST-000022,2025-06-06,grocery,2,124.0,RWF,United States
ORD-42-0003096,CUST-000118,2025-07-15,electronics,1,406.69,GBP,Ghana
ORD-42-0003097,CUST-000497,2025-04-05,home,8,150.82,RWF,Kenya
ORD-42-0003098,CUST-000059,2025-01-06,apparel,1,9.7,RWF,Kenya
ORD-42-0003099,CUST-000179,2025-04-04,toys,6,223.96,RWF,United Kingdom
,CUST-000130,2025-04-22,electronics,4,61.13,USD,Ghana
ORD-42-0003101,CUST-000102,2025-01-23,apparel,10,201.89,RWF,Ghana
ORD-42-0003102,CUST-000430,2025-05-23,grocery,7,411.77,USD,Ghana
ORD-42-0003103,CUST-000300,2025-11-30,toys,4,415.52,RWF,Rwanda
ORD-42-0001634,CUST-000017,2025-12-03,home,7,$207.99,USD,Ghana
ORD-42-0003105,CUST-000495,2025-07-16,sports,10,$13.44,USD,Rwanda
ORD-42-0003106,CUST-000026,2025-05-18,toys,8,333.6,USD,Ghana
ORD-42-0003107,CUST-000020,2025-12-22,sports,5,293.2,KES,
,CUST-000035,2025-03-19,sports,5,287.51,GBP,Kenya
ORD-42-0003109,CUST-000342,2025-01-04,electronics,6,392.44,USD,Ghana
ORD-42-0003110,CUST-000313,2025-02-24,toys,1,404.11,GBP,United States
ORD-42-0003111,CUST-000426,2025-03-01,grocery,7,391.88,KES,Germany
,CUST-000328,2025-09-09,sports,2,100.13,KES,Germany
,CUST-000351,2033-07-24,grocery,7,301.89,GBP,Rwanda
ORD-42-0003114,CUST-000211,2025-06-20,electronics,3,108.93,GBP,RWANDA
ORD-42-0003115,CUST-000249,2025-05-01,toys,5,124.87,EUR,Ghana
ORD-42-0003116,CUST-000224,2025-09-30,apparel,-9,$335.20,KES,Ghana
ORD-42-0003117,CUST-000299,2025-03-16,electronics,10,223.59,USD,Rwanda
ORD-42-0003118,CUST-000365,2025-08-19,apparel,7,424.21,EUR,Rwanda
ORD-42-0003119,CUST-000110,2025-05-07,electronics,9,230.91,KES,Kenya
ORD-42-0003120,CUST-000055,2025-11-17,unobtainium,1,420.67,USD,United States
ORD-42-0003121,CUST-000412,not-a-date,sports,5,48.44,KES,Rwanda
ORD-42-0003122,CUST-000121,2025-06-26,sports,10,286.21,KES,United Kingdom
ORD-42-0003123,CUST-000454,2025-03-08,grocery,3,"448,83",USD,Germany
ORD-42-0003124,CUST-000493,not-a-date,sports,9,252.32,KES,Ghana
ORD-42-0003125,CUST-000476,2025-01-28,toys,1,407.84,USD,United Kingdom
ORD-42-0003126,,2025-06-11,home,5,268.02,EUR,Rwanda
ORD-42-0003127,CUST-000232,2025-07-03,toys,9,368.99,EUR,United Kingdom
ORD-42-0003128,CUST-000226,2025-04-17,home,8,466.32,KES,Kenya
ORD-42-0003129,CUST-000032,2025-12-19,home,9,24.36,RWF,Ghana
ORD-42-0003130,CUST-000243,2025-01-25,electronics,3,421.22,RWF,United Kingdom
ORD-42-0003131,CUST-000044,2025-08-01,toys,7,46.66,USD,Kenya
ORD-42-0003132,CUST-000262,2025-04-21,sports,10,135.94,EUR,United Kingdom
ORD-42-0003133,CUST-000344,2025-05-30,toys,9,76.07,RWF,
ORD-42-0003134,CUST-000483,2025-01-23,grocery,1,134.3,KES,Ghana
ORD-42-0003135,CUST-000118,2025-01-01,electronics,5,452.46,USD,United Kingdom
ORD-42-0003136,CUST-000217,2025-11-05,home,7,22.97,KES,United States
ORD-42-0003137,CUST-000128,2025-10-03,grocery,-5,"337,42",KES,United Kingdom
ORD-42-0003138,CUST-000115,2025-07-15,sports,7,177.67,RWF,United Kingdom
ORD-42-0003139,CUST-000409,2025-01-29,sports,7,91.68,USD,United Kingdom
ORD-42-0003140,CUST-000475,2025-05-31,sports,5,417.71,RWF,Germany
ORD-42-0003141,CUST-000280,2025-08-27,sports,5,467.84,RWF,Rwanda
ORD-42-0003142,CUST-000137,2025-05-15,toys,5,"76,69",RWF,Rwanda
ORD-42-0003143,CUST-000079,2025-03-20,home,2,193.58,EUR,Ghana
ORD-42-0003144,CUST-000297,2025-08-30,sports,7,138.33,KES,Kenya
ORD-42-0003145,CUST-000001,2025-04-19,toys,-4,133.69,RWF,United Kingdom
ORD-42-0003146,CUST-000357,2025-04-20,apparel,10,21.5,RWF,  Kenya  
ORD-42-0003147,CUST-000133,2025-06-13,grocery,3,495.31,KES,Germany
ORD-42-0003148,CUST-000309,2025-03-13,electronics,7,12.01,USD,Rwanda
ORD-42-0003149,CUST-000154,2025-11-25,apparel,2,293.66,EUR,ghana
ORD-42-0003150,CUST-000339,2025-02-28,sports,3,499.29,EUR,United States
ORD-42-0003151,CUST-000209,2025-11-07,apparel,4,238.08,RWF,Rwanda
ORD-42-0003152,,2025-09-28,apparel,1,459.26,GBP,United Kingdom
ORD-42-0003153,CUST-000262,2025-11-14,grocery,6,390.1,USD,Kenya
ORD-42-0003154,CUST-000185,2025-08-12,home,8,73.18,USD,United Kingdom
ORD-42-0003155,CUST-000050,2025-05-27,home,1,436.65,GBP,Ghana
ORD-42-0003156,CUST-000015,2025-03-17,grocery,7,422.72,RWF,United States
ORD-42-0003157,CUST-000248,2025-11-29,toys,3,350.4,KES,United Kingdom
ORD-42-0003158,CUST-000294,2025-03-28,sports,1,273.81,USD,Germany
ORD-42-0003159,CUST-000237,2025-03-25,apparel,2,136.48,RWF,Ghana
ORD-42-0003160,CUST-000212,2025-04-12,electronics,4,420.03,KES,Kenya
ORD-42-0003161,CUST-000471,2025-06-14,sports,7,473.65,KES,Germany
ORD-42-0003162,CUST-000316,2028-10-27,toys,10,402.58,EUR,United States
ORD-42-0003163,CUST-000500,2025-03-10,grocery,10,275.23,GBP,United Kingdom
ORD-42-0003164,CUST-000196,2025-03-17,  home  ,2,164.34,KES,Ghana
ORD-42-0003165,CUST-000161,2025-01-29,electronics,2,62.93,EUR,United States
ORD-42-0003166,CUST-000307,2025-01-19,apparel,1,422.56,RWF,Ghana
ORD-42-0003167,CUST-000127,2025-01-10,grocery,1,176.28,USD,Germany
ORD-42-0003168,CUST-000041,2025-05-30,sports,1,114.31,KES,United Kingdom
ORD-42-0003169,CUST-000386,2025-03-23,grocery,4,211.2,EUR,Germany
ORD-42-0003170,  CUST-000500  ,2025-01-03,sports,3,50.9,KES,Ghana
ORD-42-0003171,CUST-000168,2025-06-25,toys,1,190.11,USD,Rwanda
ORD-42-0003172,CUST-000013,2025-03-03,sports,10,151.27,EUR,Ghana
ORD-42-0003173,CUST-000272,2025-03-10,home,3,24.43,RWF,Germany
ORD-42-0003174,CUST-000350,2025-08-14,sports,9,307.08,RWF,Germany
ORD-42-0003175,CUST-000211,2025-12-07,home,7,131.8,USD,Ghana
ORD-42-0003176,CUST-000162,2025-05-30,home,8,378.38,GBP,United Kingdom
ORD-42-0003177,CUST-000457,2025-12-18,toys,8,391.48,GBP,Ghana
ORD-42-0003178,CUST-000494,2025-09-10,apparel,9,402.83,USD,Germany
ORD-42-0003179,CUST-000067,2025-08-30,home,5,399.67,RWF,Kenya
ORD-42-0003180,CUST-000438,2025-02-11,apparel,7,168.92,GBP,Rwanda
ORD-42-0003181,CUST-000056,2025-06-12,sports,6,302.22,GBP,Kenya
ORD-42-0003182,CUST-000474,2025-12-05,electronics,7,80.97,EUR,Rwanda
ORD-42-0003183,CUST-000090,not-a-date,home,3,481.68,RWF,Germany
ORD-42-0003184,CUST-000494,2025-05-02,sports,8,156.0,EUR,Ghana
ORD-42-0003185,CUST-000314,2025-11-28,grocery,-1,52.72,EUR,Ghana
ORD-42-0003186,CUST-000364,2025-11-11,electronics,6,455.45,KES,Ghana
ORD-42-0003187,CUST-000274,2025-04-12,sports,7,496.69,USD,United Kingdom
ORD-42-0003188,CUST-000008,2025-11-07,grocery,10,258.62,RWF,Germany
ORD-42-0003189,CUST-000365,2025-04-23,toys,3,98.75,USD,Kenya
ORD-42-0003190,CUST-000296,2025-03-03,home,-8,465.43,USD,Ghana
ORD-42-0003191,CUST-000229,2025-10-24,sports,7,396.47,EUR,United States
ORD-42-0003192,CUST-000416,2025-05-29,electronics,3,365.49,EUR,Rwanda
ORD-42-0003193,CUST-000105,2025-04-06,home,4,367.97,RWF,Ghana
ORD-42-0003194,CUST-000117,2025-05-26,home,-10,365.02,KES,Rwanda
ORD-42-0003195,CUST-000237,2025-03-24,home,3,184.88,GBP,United Kingdom
ORD-42-0003196,CUST-000090,2025-07-27,apparel,2,336.2,EUR,United Kingdom
ORD-42-0003197,CUST-000167,2025-08-25,home,5,24.53,RWF,Ghana
ORD-42-0002864,CUST-000157,2025-02-01,home,5,326.45,GBP,United States
ORD-42-0003199,CUST-000075,2025-09-23,electronics,2,70.83,EUR,Kenya
ORD-42-0003200,CUST-000479,2025-01-01,grocery,5,385.11,KES,United States
ORD-42-0003201,CUST-000375,2025-04-25,sports,10,366.99,USD,Germany
ORD-42-0003202,CUST-000225,2025-06-12,apparel,4,332.58,EUR,Germany
ORD-42-0003203,CUST-000087,2025-12-17,apparel,9,269.91,EUR,Rwanda
ORD-42-0003204,CUST-000460,2025-05-03,home,1,327.87,USD,Rwanda
ORD-42-0003205,CUST-000311,2025-06-17,apparel,1,128.21,EUR,Rwanda
ORD-42-0003206,CUST-000198,2025-02-24,apparel,6,359.87,KES,Kenya
ORD-42-0003207,CUST-000137,2025-02-16,apparel,6,424.04,GBP,Rwanda
ORD-42-0003208,CUST-000019,2025-01-08,sports,2,257.84,RWF,Germany
ORD-42-0003209,CUST-000243,2025-04-18,home,9,452.6,RWF,Ghana
ORD-42-0003210,CUST-000089,2025-08-12,home,5,458.48,GBP,Ghana
ORD-42-0003211,CUST-000135,2025-05-28,electronics,9,105.92,KES,Ghana
ORD-42-0003212,CUST-000353,2025-11-29,grocery,10,310.15,RWF,United States
ORD-42-0003213,CUST-000402,2025-03-25,electronics,1,321.25,GBP,Kenya
ORD-42-0003214,CUST-000330,2025-03-02,electronics,3,268.78,KES,United Kingdom
ORD-42-0003215,CUST-000339,2025-08-24,toys,7,402.15,KES,United Kingdom
ORD-42-0003216,CUST-000218,2025-03-07,toys,9,388.43,KES,Rwanda
ORD-42-0003217,CUST-000157,2025-07-24,grocery,10,351.84,RWF,Rwanda
ORD-42-0003218,CUST-000141,2025-05-16,sports,3,127.64,EUR,Rwanda
ORD-42-0003219,CUST-000415,2025-11-17,  sports  ,10,270.68,RWF,
ORD-42-0003220,CUST-000130,2025-10-04,home,3,452.37,KES,United States
ORD-42-0003221,  CUST-000116  ,2025-03-04,grocery,3,261.21,EUR,United Kingdom
ORD-42-0003222,CUST-000406,2025-11-10,apparel,2,492.68,KES,Germany
ORD-42-0003223,CUST-000016,2025-06-15,apparel,10,105.84,EUR,United Kingdom
ORD-42-0003224,CUST-000444,2025-04-13,electronics,10,278.97,EUR,Kenya
ORD-42-0003225,CUST-000075,2025-10-31,electronics,2,8.44,EUR,Kenya
ORD-42-0003226,CUST-000456,2025-12-31,  electronics  ,2,346.14,RWF,Germany
ORD-42-0003227,CUST-000223,2025-06-21,electronics,1,$455.11,KES,United States
ORD-42-0003228,CUST-000306,2025-01-23,toys,8,357.72,USD,Rwanda
ORD-42-0003229,CUST-000281,2025-11-20,home,4,186.96,USD,Ghana
ORD-42-0003230,CUST-000032,2025-09-03,toys,5,464.35,EUR,United States
ORD-42-0003231,CUST-000484,2025-11-19,toys,9,377.8,RWF,Ghana
ORD-42-0003232,CUST-000216,not-a-date,sports,3,98.3,GBP,Germany
ORD-42-0003233,CUST-000444,2025-03-06,home,2,18.4,EUR,United States
ORD-42-0003234,CUST-000396,2025-12-24,grocery,7,458.08,USD,Ghana
ORD-42-0003235,CUST-000419,2025-08-12,home,10,190.22,USD,Ghana
ORD-42-0003236,CUST-000011,2025-01-14,electronics,7,216.99,RWF,Germany
ORD-42-0003237,CUST-000138,2025-11-15,electronics,1,452.59,RWF,GHANA
ORD-42-0003238,CUST-000154,2025-11-18,sports,2,352.34,EUR,Ghana
ORD-42-0003239,CUST-000001,2025-05-18,toys,6,51.19,KES,United Kingdom
ORD-42-0003240,CUST-000138,2025-02-19,grocery,1,261.87,USD,Ghana
,CUST-000396,2025-03-20,apparel,7,210.43,EUR,Ghana
ORD-42-0004154,CUST-000284,not-a-date,grocery,9,363.08,KES,united kingdom
ORD-42-0003243,CUST-000208,2025-10-12,grocery,10,230.1,USD,
ORD-42-0003244,CUST-000120,2025-03-31,grocery,9,278.15,KES,Rwanda
ORD-42-0003245,CUST-000242,2025-04-06,sports,8,391.01,USD,Ghana
ORD-42-0003246,CUST-000016,2025-06-26,toys,7,91.12,RWF,Rwanda
ORD-42-0003247,CUST-000292,2025-05-14,grocery,1,346.91,EUR,Kenya
ORD-42-0003248,CUST-000012,2025-11-18,apparel,7,440.71,GBP,Germany
ORD-42-0003249,CUST-000435,2025-02-12,toys,10,$279.97,EUR,Germany
ORD-42-0003250,CUST-000008,2025-07-31,electronics,9,427.54,KES,Ghana
ORD-42-0003251,CUST-000479,2025-10-22,electronics,8,181.24,KES,Ghana
ORD-42-0003252,CUST-000498,2025-11-02,grocery,8,229.0,USD,UNITED STATES
ORD-42-0003253,CUST-000383,2025-10-23,grocery,5,193.16,EUR,Rwanda
ORD-42-0003254,CUST-000050,2025-03-30,sports,9,73.18,USD,United Kingdom
ORD-42-0003255,CUST-000365,not-a-date,grocery,3,218.44,EUR,Kenya
ORD-42-0003256,CUST-000073,2033-03-27,grocery,6,256.6,USD,Germany
ORD-42-0003257,CUST-000028,2025-01-04,home,6,133.93,EUR,Rwanda
ORD-42-0003258,CUST-000422,2025-03-24,home,5,187.05,USD,Ghana
ORD-42-0003259,CUST-000223,2025-04-18,apparel,1,422.62,EUR,Kenya
ORD-42-0003260,CUST-000433,2025-06-28,grocery,1,355.44,USD,United States
ORD-42-0003261,CUST-000026,2025-11-30,  unobtainium  ,7,110.56,GBP,Germany
ORD-42-0003262,CUST-000141,2025-12-05,grocery,3,106.42,EUR,Ghana
ORD-42-0003263,CUST-000434,2025-05-06,apparel,9,82.31,KES,United Kingdom
ORD-42-0003264,CUST-000168,2025-08-11,electronics,1,45.39,KES,United States
ORD-42-0003265,CUST-000485,2025-04-12,apparel,3,344.73,RWF,Kenya
ORD-42-0003266,CUST-000047,2025-10-24,grocery,2,195.35,KES,  ghana  
ORD-42-0003267,CUST-000004,2025-04-30,electronics,1,393.36,KES,United States
ORD-42-0003268,,2025-12-02,electronics,2,287.61,USD,United Kingdom
ORD-42-0003269,CUST-000092,2025-05-09,electronics,2,158.18,RWF,Rwanda
ORD-42-0003270,CUST-000383,2025-12-10,sports,6,114.48,RWF,Rwanda
ORD-42-0003271,,2025-03-16,apparel,4,22.88,RWF,Rwanda
ORD-42-0003272,CUST-000415,2025-05-26,toys,6,340.56,USD,Germany
ORD-42-0003273,CUST-000132,2025-01-08,sports,-2,438.75,KES,Ghana
ORD-42-0003274,CUST-000288,2025-01-02,home,5,114.27,EUR,United Kingdom
ORD-42-0003275,CUST-000268,2025-05-07,grocery,10,278.11,EUR,Germany
ORD-42-0003276,CUST-000177,2025-10-26,toys,5,140.24,RWF,Rwanda
ORD-42-0003277,CUST-000212,2025-11-17,toys,9,462.92,RWF,Kenya
ORD-42-0003278,CUST-000413,2025-07-26,toys,2,107.4,USD,Rwanda
ORD-42-0003279,CUST-000133,2025-07-15,electronics,3,176.55,KES,United States
ORD-42-0003280,CUST-000313,2025-06-09,apparel,3,"35,29",GBP,KENYA
ORD-42-0003281,  CUST-000498  ,2025-07-01,grocery,5,262.48,EUR,Ghana
ORD-42-0003282,CUST-000447,2025-10-16,grocery,9,$31.18,GBP,United Kingdom
ORD-42-0003283,CUST-000223,2025-12-13,sports,7,224.45,KES,united kingdom
ORD-42-0003284,CUST-000113,2025-08-26,home,9,252.19,KES,Ghana
ORD-42-0000317,CUST-000496,2025-10-03,home,4,191.93,GBP,Germany
,CUST-000469,2025-10-23,toys,1,166.09,USD,Germany
ORD-42-0003287,CUST-000418,2025-05-19,home,1,197.34,RWF,United Kingdom
ORD-42-0003288,  CUST-000172  ,2025-07-05,electronics,6,480.5,EUR,Kenya
ORD-42-0003289,CUST-000290,2025-09-30,sports,1,297.44,KES,Ghana
ORD-42-0003290,CUST-000462,2025-07-19,unobtainium,1,247.2,GBP,United States
ORD-42-0003291,CUST-000015,2025-01-25,toys,2,444.85,USD,Rwanda
ORD-42-0003292,CUST-000052,2025-05-10,toys,7,48.28,USD,Kenya
ORD-42-0003293,CUST-000169,2025-08-03,sports,8,341.31,USD,United States
ORD-42-0003294,CUST-000360,2025-10-03,apparel,1,203.66,KES,Ghana
ORD-42-0003295,CUST-000471,2025-09-04,home,5,349.62,USD,United States
ORD-42-0003296,CUST-000091,2026-01-01,electronics,3,91.94,GBP,United Kingdom
ORD-42-0003297,CUST-000183,2025-12-02,electronics,3,"430,11",USD,Rwanda
ORD-42-0003520,CUST-000164,2025-11-06,home,4,431.55,EUR,Ghana
ORD-42-0003299,CUST-000495,2025-01-31,sports,10,130.56,KES,Ghana
ORD-42-0003300,CUST-000017,2025-05-22,home,1,477.97,RWF,Rwanda
ORD-42-0003301,CUST-000392,2025-05-20,sports,4,422.42,RWF,United Kingdom
ORD-42-0003302,CUST-000282,2025-12-07,home,10,337.36,USD,Kenya
ORD-42-0003303,  CUST-000342  ,2025-11-29,electronics,1,491.3,GBP,United States
ORD-42-0003304,CUST-000319,2025-09-13,home,1,102.43,KES,Rwanda
ORD-42-0003305,CUST-000002,2025-08-12,home,3,468.91,EUR,Germany
ORD-42-0003306,CUST-000024,2025-04-17,toys,5,33.14,KES,Ghana
ORD-42-0000947,CUST-000321,2025-02-21,electronics,4,495.25,GBP,United Kingdom
ORD-42-0003308,CUST-000316,2025-10-04,toys,6,173.71,EUR,Ghana
ORD-42-0003309,CUST-000352,2025-03-17,home,3,23.81,RWF,Rwanda
ORD-42-0003310,CUST-000018,2025-12-02,grocery,8,285.13,KES,Rwanda
ORD-42-0003311,CUST-000330,2025-12-23,grocery,10,"214,81",KES,Rwanda
ORD-42-0003312,CUST-000038,2025-03-28,grocery,-8,$239.27,USD,United States
ORD-42-0003313,CUST-000459,2025-08-31,grocery,9,134.26,EUR,united states
ORD-42-0003314,CUST-000456,2025-09-12,sports,4,285.57,GBP,Ghana
ORD-42-0003315,CUST-000298,2025-01-09,home,4,11.24,RWF,Germany
ORD-42-0003316,CUST-000235,2025-06-22,apparel,6,164.72,EUR,Kenya
ORD-42-0003317,CUST-000325,2025-07-07,electronics,2,247.12,RWF,Ghana
ORD-42-0003318,CUST-000131,2025-10-27,grocery,3,143.65,RWF,UNITED KINGDOM
ORD-42-0003319,CUST-000131,2025-09-29,toys,1,314.24,KES,United States
ORD-42-0003320,CUST-000399,2025-10-17,apparel,4,154.55,USD,Rwanda
ORD-42-0003321,CUST-000008,2025-12-16,toys,1,321.93,RWF,United States
ORD-42-0003322,CUST-000024,2025-07-03,apparel,1,318.97,KES,United Kingdom
ORD-42-0003323,CUST-000468,2025-06-04,toys,5,122.24,EUR,Rwanda
ORD-42-0003324,CUST-000046,2025-06-19,grocery,8,110.75,EUR,United Kingdom
ORD-42-0003325,CUST-000475,2025-12-29,home,6,478.89,RWF,Ghana
ORD-42-0003326,CUST-000387,2025-03-19,  toys  ,9,226.12,KES,Kenya
ORD-42-0003327,CUST-000045,2025-10-06,toys,10,385.76,GBP,Kenya
ORD-42-0003328,CUST-000203,2025-12-09,apparel,4,210.12,EUR,Rwanda
ORD-42-0002185,CUST-000453,2025-01-11,apparel,8,$185.65,KES,Kenya
ORD-42-0003330,CUST-000040,2025-08-24,grocery,8,445.07,KES,Kenya
ORD-42-0003331,CUST-000001,2025-05-19,electronics,2,400.78,EUR,Kenya
ORD-42-0003332,CUST-000366,2025-03-26,electronics,3,95.33,EUR,Rwanda
ORD-42-0003333,CUST-000332,2025-02-24,sports,3,34.7,KES,Rwanda
ORD-42-0003503,CUST-000268,2025-03-14,grocery,1,343.51,KES,Rwanda
ORD-42-0003335,CUST-000223,2025-11-08,electronics,9,218.83,KES,Ghana
ORD-42-0003336,CUST-000171,2025-03-26,toys,2,365.43,GBP,United Kingdom
ORD-42-0003337,CUST-000384,2025-05-09,sports,8,84.57,USD,Germany
ORD-42-0003338,CUST-000285,2025-04-12,electronics,1,375.46,GBP,Kenya
ORD-42-0003339,CUST-000246,2025-04-03,sports,-10,429.18,USD,United Kingdom
ORD-42-0003340,CUST-000193,2025-02-24,apparel,9,454.4,RWF,Kenya
ORD-42-0003341,CUST-000412,2025-04-16,home,6,480.76,GBP,Rwanda
ORD-42-0003342,CUST-000337,2025-11-13,toys,3,"84,89",RWF,Kenya
ORD-42-0003343,CUST-000001,2025-12-05,unobtainium,9,107.66,GBP,United Kingdom
ORD-42-0003344,CUST-000066,not-a-date,apparel,3,331.58,EUR,Rwanda
ORD-42-0003345,CUST-000130,2025-11-17,home,5,"244,15",GBP,United States
ORD-42-0003346,CUST-000109,2025-10-26,sports,9,$374.14,USD,Germany
ORD-42-0003347,CUST-000499,2025-07-01,toys,10,355.56,USD,United States
ORD-42-0003348,CUST-000065,2025-02-14,sports,1,64.66,EUR,Rwanda
ORD-42-0003349,CUST-000142,2025-01-01,sports,3,110.29,EUR,
ORD-42-0003350,CUST-000368,2025-05-22,grocery,6,425.39,EUR,United States
ORD-42-0003351,CUST-000449,2025-11-10,apparel,6,359.21,USD,Kenya
ORD-42-0003352,CUST-000258,2025-11-15,grocery,6,443.28,RWF,Ghana
ORD-42-0003353,CUST-000203,2025-09-23,electronics,1,172.87,KES,Kenya
ORD-42-0003354,  CUST-000479  ,2025-05-21,grocery,8,178.57,KES,Rwanda
ORD-42-0003355,CUST-000313,2025-04-01,apparel,3,384.18,USD,United States
ORD-42-0003356,CUST-000083,2025-03-01,electronics,7,341.64,USD,Germany
ORD-42-0003357,CUST-000153,2025-06-22,toys,1,430.44,EUR,United Kingdom
ORD-42-0003358,CUST-000384,2028-10-13,apparel,2,472.11,USD,Ghana
ORD-42-0003359,CUST-000127,2025-03-30,home,2,310.42,RWF,Kenya
ORD-42-0003360,CUST-000078,2025-03-17,electronics,4,469.5,RWF,Germany
ORD-42-0003361,CUST-000008,2025-04-20,electronics,6,203.53,GBP,Germany
ORD-42-0003362,CUST-000431,2025-06-14,grocery,1,192.2,RWF,Kenya
ORD-42-0003363,CUST-000044,2025-03-15,toys,7,181.66,USD,Ghana
ORD-42-0003364,CUST-000298,2025-08-08,home,5,328.36,RWF,Germany
ORD-42-0003365,  CUST-000201  ,2025-09-23,sports,5,"302,72",EUR,united states
ORD-42-0003366,CUST-000116,2025-03-17,grocery,6,5.26,KES,Germany
ORD-42-0000295,CUST-000086,2025-05-14,apparel,3,423.41,RWF,Kenya
ORD-42-0003368,CUST-000223,2025-11-02,electronics,5,484.36,GBP,Kenya
ORD-42-0003369,CUST-000403,2025-06-05,sports,3,459.9,GBP,United States
ORD-42-0003370,CUST-000285,2025-01-10,home,5,337.08,USD,United States
ORD-42-0003371,CUST-000264,2025-04-14,sports,1,267.37,RWF,United Kingdom
ORD-42-0003372,CUST-000487,2025-01-15,toys,2,"370,21",RWF,Kenya
ORD-42-0003373,CUST-000328,2025-09-01,sports,5,453.81,USD,United States
ORD-42-0003374,CUST-000308,2025-03-15,sports,7,132.57,EUR,United Kingdom
ORD-42-0003375,CUST-000174,2025-09-01,apparel,5,473.67,EUR,Ghana
ORD-42-0003376,CUST-000342,2025-12-03,home,9,118.69,EUR,Ghana
ORD-42-0003377,CUST-000487,2025-09-20,electronics,4,39.7,GBP,United States
ORD-42-0003378,CUST-000271,2025-04-21,grocery,1,187.56,GBP,Ghana
ORD-42-0003379,CUST-000443,2025-05-07,sports,7,458.15,KES,United States
ORD-42-0003380,CUST-000138,2025-04-21,home,8,201.29,GBP,United States
ORD-42-0003381,CUST-000396,2025-02-10,home,4,180.89,EUR,Germany
ORD-42-0003382,CUST-000190,2025-03-19,grocery,5,197.12,KES,United Kingdom
ORD-42-0003383,CUST-000196,2025-11-30,grocery,4,453.07,EUR,Rwanda
ORD-42-0003384,CUST-000091,2025-07-10,home,6,12.04,USD,United Kingdom
ORD-42-0003385,CUST-000171,2025-02-19,home,9,"44,68",GBP,Kenya
ORD-42-0003386,CUST-000390,2025-06-11,toys,3,162.23,GBP,United Kingdom
ORD-42-0003387,CUST-000196,2025-06-12,home,8,91.68,EUR,Rwanda
ORD-42-0003388,CUST-000233,2025-08-13,apparel,4,184.6,KES,Rwanda
ORD-42-0003389,CUST-000137,2025-10-01,grocery,2,466.63,GBP,RWANDA
ORD-42-0003390,CUST-000342,2025-08-19,sports,9,292.18,EUR,Kenya
ORD-42-0003391,CUST-000482,2025-06-03,electronics,5,388.6,GBP,Kenya
ORD-42-0003392,CUST-000368,2025-12-04,grocery,10,206.91,RWF,kenya
ORD-42-0003393,CUST-000054,2025-01-18,electronics,1,267.54,USD,Germany
ORD-42-0003394,CUST-000482,2025-04-05,home,3,71.9,USD,Rwanda
ORD-42-0003395,CUST-000189,2025-03-26,grocery,-2,458.16,KES,Ghana
ORD-42-0003396,CUST-000163,2025-10-13,apparel,6,408.01,GBP,United States
ORD-42-0003397,CUST-000459,2025-10-03,grocery,9,398.96,GBP,Ghana
ORD-42-0003398,CUST-000433,not-a-date,sports,-8,25.26,RWF,Kenya
ORD-42-0003399,CUST-000330,2025-10-10,sports,1,"346,06",RWF,Ghana
ORD-42-0003400,CUST-000449,2025-10-18,apparel,8,231.94,EUR,United Kingdom
ORD-42-0003401,CUST-000221,2025-06-11,sports,6,203.96,EUR,Germany
ORD-42-0003402,CUST-000002,2025-11-05,home,1,323.21,USD,United States
ORD-42-0003403,CUST-000359,not-a-date,apparel,8,"466,28",USD,
ORD-42-0003404,CUST-000475,2025-06-27,  home  ,9,329.48,USD,Rwanda
ORD-42-0003405,CUST-000013,2025-10-16,grocery,3,365.01,USD,Ghana
ORD-42-0003406,CUST-000096,2025-07-22,grocery,-4,60.84,USD,
ORD-42-0003407,CUST-000155,2025-09-07,toys,2,384.85,EUR,germany
ORD-42-0003408,CUST-000271,2025-02-14,sports,2,247.69,EUR,Rwanda
ORD-42-0003409,CUST-000102,2025-10-31,apparel,7,$311.59,GBP,United States
ORD-42-0003410,CUST-000079,2025-04-11,grocery,3,453.34,USD,United Kingdom
ORD-42-0003411,CUST-000331,2025-09-28,toys,8,392.26,GBP,Kenya
ORD-42-0003412,CUST-000369,2025-06-24,toys,6,413.8,EUR,  Kenya  
ORD-42-0003413,CUST-000076,2025-10-07,apparel,8,114.19,KES,Kenya
ORD-42-0003414,CUST-000458,2025-04-09,toys,10,87.98,GBP,Ghana
ORD-42-0003415,CUST-000437,2025-05-04,sports,4,391.15,EUR,Kenya
ORD-42-0003416,CUST-000117,2025-05-30,grocery,2,254.13,USD,Germany
ORD-42-0003417,CUST-000204,2025-11-16,electronics,9,488.09,USD,United Kingdom
ORD-42-0003418,CUST-000096,2025-06-16,toys,8,394.17,USD,United Kingdom
ORD-42-0003419,CUST-000414,2025-10-12,apparel,7,20.25,USD,Germany
ORD-42-0003420,CUST-000064,2025-10-14,grocery,2,177.76,KES,Kenya
ORD-42-0003421,CUST-000458,2025-03-22,sports,9,316.43,EUR,UNITED STATES
ORD-42-0003422,CUST-000046,2025-04-24,sports,7,461.6,GBP,United Kingdom
ORD-42-0003423,CUST-000441,2025-08-22,grocery,8,100.95,RWF,Ghana
ORD-42-0003424,CUST-000068,2025-10-19,apparel,4,491.09,EUR,Kenya
ORD-42-0003425,CUST-000488,2025-10-11,sports,9,9.43,USD,  United Kingdom  
ORD-42-0003426,CUST-000150,2025-08-25,apparel,6,280.55,KES,Kenya
ORD-42-0003427,CUST-000368,2025-01-26,sports,3,90.14,GBP,Germany
ORD-42-0003428,CUST-000030,2025-06-22,apparel,10,496.46,GBP,Kenya
ORD-42-0003429,CUST-000191,2025-01-31,electronics,7,121.88,RWF,Kenya
ORD-42-0003430,CUST-000035,2025-02-04,electronics,9,28.66,RWF,United States
ORD-42-0003431,CUST-000407,2025-04-25,home,2,414.01,USD,Germany
ORD-42-0003432,CUST-000343,2025-07-24,apparel,-9,474.94,USD,United States
ORD-42-0003433,CUST-000288,not-a-date,apparel,1,444.35,USD,Kenya
ORD-42-0004259,CUST-000397,2025-06-18,apparel,7,330.89,KES,Ghana
ORD-42-0003435,CUST-000340,2025-06-11,apparel,10,414.26,RWF,United States
,CUST-000188,2025-06-18,electronics,6,365.52,RWF,Rwanda
ORD-42-0003437,CUST-000186,2025-07-22,home,10,37.29,EUR,United States
ORD-42-0003438,CUST-000338,2025-11-28,home,2,214.63,GBP,Rwanda
ORD-42-0003439,CUST-000040,2025-03-18,sports,6,165.64,GBP,RWANDA
ORD-42-0003440,CUST-000292,2025-01-23,electronics,10,360.73,KES,Kenya
ORD-42-0003441,CUST-000303,2025-07-21,grocery,-9,$248.83,EUR,Rwanda
ORD-42-0003442,CUST-000245,2026-01-01,apparel,1,127.56,RWF,Kenya
ORD-42-0003443,CUST-000342,2025-12-25,electronics,10,433.57,RWF,
ORD-42-0003444,CUST-000070,2025-01-28,electronics,3,154.43,EUR,United Kingdom
ORD-42-0003445,CUST-000125,2025-05-26,toys,7,231.92,KES,United States
ORD-42-0003446,CUST-000233,2025-06-08,electronics,10,477.49,RWF,Kenya
ORD-42-0003447,CUST-000038,2025-10-09,grocery,8,446.7,EUR,Rwanda
ORD-42-0003448,CUST-000409,2025-02-27,unobtainium,3,219.49,RWF,United States
ORD-42-0003449,CUST-000392,2025-12-18,grocery,6,348.03,KES,United Kingdom
ORD-42-0003450,CUST-000319,2025-05-03,sports,9,210.76,EUR,United States
ORD-42-0003451,CUST-000480,2025-09-17,sports,10,450.15,GBP,Kenya
ORD-42-0003452,CUST-000060,2025-02-27,electronics,7,165.08,EUR,Rwanda
ORD-42-0003453,CUST-000489,2025-04-14,sports,10,$318.83,EUR,Kenya
ORD-42-0003454,CUST-000064,2025-10-19,electronics,3,61.4,USD,Ghana
ORD-42-0003455,CUST-000432,2025-12-20,home,8,403.97,GBP,Ghana
ORD-42-0000842,CUST-000289,2025-02-08,grocery,5,240.49,USD,Rwanda
ORD-42-0003457,CUST-000072,2025-05-31,toys,8,198.43,GBP,United Kingdom
ORD-42-0003458,,2025-05-24,grocery,7,149.57,RWF,United Kingdom
ORD-42-0003459,CUST-000231,2025-07-27,electronics,7,408.29,RWF,Ghana
ORD-42-0003460,CUST-000219,2025-01-13,electronics,5,429.09,USD,Rwanda
ORD-42-0003461,CUST-000209,2025-08-29,home,6,349.82,RWF,Kenya
,CUST-000020,2025-03-06,sports,7,487.55,KES,Germany
ORD-42-0003463,CUST-000316,2025-09-28,grocery,8,40.46,KES,United States
ORD-42-0003464,CUST-000184,2025-10-23,toys,7,112.15,EUR,RWANDA
ORD-42-0000193,CUST-000356,2025-06-26,toys,8,359.79,EUR,Ghana
ORD-42-0003466,,2025-11-06,apparel,9,81.39,RWF,United States
ORD-42-0003467,CUST-000106,2025-05-28,home,4,493.74,GBP,United Kingdom
ORD-42-0003468,CUST-000149,2025-04-08,toys,9,420.41,GBP,United Kingdom
ORD-42-0004469,CUST-000202,2025-07-07,home,7,329.07,EUR,Ghana
ORD-42-0003470,CUST-000498,2025-07-16,home,5,372.92,GBP,
ORD-42-0003471,CUST-000132,2025-11-25,home,10,61.53,KES,United Kingdom
ORD-42-0003472,CUST-000302,2025-08-29,toys,4,417.06,GBP,Ghana
ORD-42-0003473,CUST-000297,2025-05-16,home,4,287.89,GBP,GERMANY
ORD-42-0003474,CUST-000136,2025-12-24,toys,9,86.5,EUR,
ORD-42-0003475,CUST-000304,2025-07-17,toys,7,65.02,RWF,United States
ORD-42-0003476,CUST-000479,2025-09-12,toys,9,321.63,KES,United Kingdom
ORD-42-0003477,CUST-000440,2025-08-16,electronics,4,79.69,USD,United Kingdom
ORD-42-0003478,CUST-000229,2025-10-27,electronics,3,58.46,RWF,Rwanda
ORD-42-0003479,CUST-000246,2025-07-18,home,9,174.53,GBP,United States
ORD-42-0003480,CUST-000364,2025-06-04,home,6,236.84,KES,Kenya
ORD-42-0003481,CUST-000440,2025-10-29,electronics,4,6.07,GBP,Ghana
ORD-42-0003482,CUST-000291,2025-05-25,home,-7,$464.52,EUR,United States
ORD-42-0003483,CUST-000313,2025-09-09,toys,1,411.66,EUR,United States
ORD-42-0003484,CUST-000448,2025-07-03,electronics,3,389.61,EUR,United States
ORD-42-0003485,CUST-000443,2025-05-10,home,7,$432.30,KES,United States
ORD-42-0003486,CUST-000305,2025-06-15,apparel,6,291.59,RWF,Rwanda
ORD-42-0003487,CUST-000285,2025-05-26,electronics,10,305.13,USD,Ghana
ORD-42-0003488,CUST-000362,2025-07-01,toys,5,95.39,GBP,Germany
ORD-42-0003489,CUST-000199,2025-09-10,electronics,2,112.19,KES,United Kingdom
ORD-42-0003490,CUST-000190,2025-12-08,apparel,5,445.23,EUR,Germany
ORD-42-0003491,CUST-000081,2025-01-23,sports,3,17.71,EUR,Kenya
ORD-42-0003492,CUST-000159,2025-05-12,unobtainium,3,133.3,EUR,United States
ORD-42-0003493,CUST-000056,2025-12-23,home,4,331.98,KES,Germany
ORD-42-0003494,CUST-000259,2025-01-12,sports,7,390.93,KES,Rwanda
ORD-42-0003495,CUST-000017,2025-03-25,sports,-6,355.67,EUR,United Kingdom
ORD-42-0003496,CUST-000441,2025-08-11,grocery,10,479.67,EUR,united states
ORD-42-0003497,CUST-000046,2025-02-04,sports,8,219.64,GBP,Rwanda
ORD-42-0003498,CUST-000239,2025-08-20,apparel,1,151.75,GBP,Rwanda
ORD-42-0003499,CUST-000080,2025-09-07,toys,6,473.68,EUR,Kenya
ORD-42-0003500,CUST-000418,2025-03-21,toys,5,211.64,GBP,Kenya
ORD-42-0003501,CUST-000230,2025-07-13,sports,3,100.29,EUR,United Kingdom
ORD-42-0003502,CUST-000079,2025-02-16,apparel,1,69.01,EUR,Ghana
ORD-42-0003503,CUST-000206,2025-03-14,electronics,4,103.0,USD,Kenya
ORD-42-0003504,CUST-000012,2025-09-11,apparel,5,204.74,RWF,Rwanda
ORD-42-0003505,CUST-000376,2025-01-12,electronics,7,391.87,GBP,Rwanda
ORD-42-0003506,CUST-000225,2025-05-28,apparel,8,305.23,GBP,Ghana
ORD-42-0003507,CUST-000128,2025-12-03,apparel,5,321.24,EUR,Rwanda
ORD-42-0003508,CUST-000041,2025-10-05,apparel,10,278.51,GBP,Germany
ORD-42-0003509,,2025-09-03,electronics,4,$136.16,EUR,Rwanda
ORD-42-0003510,CUST-000066,2025-03-31,home,8,34.98,KES,United States
ORD-42-0003511,CUST-000409,2025-12-24,electronics,8,$359.13,EUR,United States
ORD-42-0003512,CUST-000409,2025-10-26,home,1,$440.66,USD,Germany
ORD-42-0003513,CUST-000417,2025-06-04,home,9,231.82,USD,Germany
ORD-42-0003514,CUST-000329,2025-02-10,sports,8,161.24,GBP,Germany
ORD-42-0003515,CUST-000055,2025-02-17,toys,3,462.9,USD,germany
ORD-42-0003516,CUST-000185,2025-02-08,toys,4,268.87,RWF,kenya
ORD-42-0003517,CUST-000404,2025-01-20,grocery,3,170.4,USD,Kenya
ORD-42-0003518,CUST-000080,2025-07-23,toys,1,401.53,KES,United States
ORD-42-0003519,CUST-000176,2025-06-18,grocery,9,141.59,GBP,United Kingdom
ORD-42-0003520,CUST-000372,2025-10-18,apparel,8,125.3,EUR,Germany
ORD-42-0003521,CUST-000294,2025-11-23,apparel,2,65.87,USD,rwanda
ORD-42-0003522,CUST-000062,2025-04-05,grocery,9,21.94,GBP,United States
ORD-42-0003523,CUST-000284,2025-06-03,sports,10,25.95,USD,germany
ORD-42-0003524,CUST-000438,2025-12-07,grocery,5,347.1,EUR,united kingdom
ORD-42-0003525,CUST-000078,2025-07-05,electronics,10,485.84,KES,Ghana
ORD-42-0003526,CUST-000356,2025-07-04,apparel,10,159.85,USD,Germany
ORD-42-0003527,CUST-000053,2025-10-05,apparel,3,452.75,RWF,united states
ORD-42-0003528,CUST-000131,2031-07-03,apparel,9,227.75,EUR,Rwanda
ORD-42-0003529,CUST-000185,2025-08-06,apparel,3,57.38,EUR,Germany
ORD-42-0003530,  CUST-000348  ,2025-07-21,sports,5,295.96,RWF,Kenya
ORD-42-0000616,CUST-000466,2025-09-24,sports,1,346.49,EUR,Kenya
ORD-42-0003532,CUST-000500,2025-08-06,home,5,221.97,USD,Ghana
ORD-42-0003533,CUST-000258,2025-04-11,grocery,9,300.01,GBP,Rwanda
ORD-42-0003534,CUST-000139,2025-05-09,electronics,3,6.15,GBP,United Kingdom
ORD-42-0003535,CUST-000350,2025-06-22,toys,6,36.61,GBP,Kenya
ORD-42-0003536,CUST-000404,2025-01-17,grocery,8,129.43,EUR,Germany
ORD-42-0003537,CUST-000219,2025-02-11,sports,4,80.82,KES,united states
ORD-42-0003538,CUST-000163,2025-06-03,apparel,5,93.31,RWF,Germany
ORD-42-0003539,CUST-000164,2025-10-06,apparel,6,"284,05",USD,Germany
ORD-42-0003540,CUST-000042,2025-06-11,home,9,42.77,KES,Kenya
ORD-42-0003541,CUST-000015,2025-02-01,home,10,362.84,EUR,Kenya
ORD-42-0003542,CUST-000304,2025-08-08,electronics,2,161.97,RWF,Kenya
ORD-42-0003543,CUST-000022,2025-10-16,toys,6,158.59,KES,Germany
ORD-42-0003544,CUST-000120,2025-05-23,apparel,8,334.52,EUR,  United States  
ORD-42-0003545,CUST-000210,2025-10-05,toys,5,332.38,EUR,Rwanda
ORD-42-0003546,CUST-000221,2025-06-22,electronics,6,331.96,KES,United Kingdom
ORD-42-0003547,CUST-000014,2025-02-05,sports,9,170.48,EUR,Kenya
ORD-42-0003548,CUST-000371,2025-11-08,apparel,9,380.38,USD,Rwanda
ORD-42-0003549,CUST-000140,2025-03-14,toys,4,352.48,EUR,Rwanda
ORD-42-0003550,CUST-000420,2025-02-07,electronics,3,425.4,USD,Kenya
ORD-42-0003551,CUST-000401,2025-11-23,home,5,$256.17,USD,United States
ORD-42-0003552,CUST-000191,2025-04-01,apparel,7,272.18,KES,Germany
ORD-42-0003553,CUST-000206,2025-08-02,electronics,2,382.02,USD,United Kingdom
ORD-42-0003554,CUST-000168,2025-08-20,toys,9,30.19,GBP,Ghana
ORD-42-0003555,CUST-000385,2029-12-16,sports,1,22.25,RWF,Kenya
ORD-42-0003556,CUST-000292,2025-04-19,grocery,8,319.5,RWF,Kenya
ORD-42-0003557,CUST-000426,2025-07-25,toys,6,388.19,RWF,United States
ORD-42-0003558,CUST-000206,2025-08-10,grocery,5,387.76,USD,United Kingdom
ORD-42-0003559,CUST-000223,2025-10-27,apparel,5,329.59,USD,United Kingdom
ORD-42-0003560,CUST-000073,2025-05-23,apparel,3,38.48,EUR,Rwanda
ORD-42-0003561,,2025-01-13,electronics,1,142.88,KES,Ghana
ORD-42-0003562,CUST-000273,2025-09-12,electronics,5,366.64,KES,United Kingdom
ORD-42-0003563,CUST-000396,2025-01-08,electronics,2,236.06,KES,Germany
ORD-42-0003564,CUST-000079,2025-06-07,toys,10,297.44,KES,Ghana
ORD-42-0003565,CUST-000295,2025-01-13,toys,2,326.19,KES,United States
ORD-42-0003566,CUST-000102,2025-11-06,sports,9,10.93,EUR,Germany
ORD-42-0003567,CUST-000217,2025-06-06,electronics,3,$353.41,USD,Rwanda
ORD-42-0003568,CUST-000179,2025-09-23,sports,3,$270.08,EUR,United Kingdom
ORD-42-0003569,CUST-000203,2025-09-27,electronics,1,161.56,USD,ghana
ORD-42-0003570,CUST-000415,2025-10-02,home,-4,"443,26",EUR,United Kingdom
ORD-42-0003571,CUST-000364,2026-01-01,home,9,344.87,RWF,United Kingdom
ORD-42-0003572,CUST-000088,2025-01-29,toys,10,32.16,RWF,Germany
ORD-42-0003573,CUST-000274,2025-01-09,grocery,3,411.49,RWF,kenya
ORD-42-0003574,CUST-000440,2025-09-07,apparel,9,496.48,EUR,United Kingdom
ORD-42-0003575,CUST-000313,2025-06-18,sports,4,108.03,RWF,Germany
ORD-42-0003576,CUST-000461,2025-11-20,toys,6,317.86,KES,Germany
ORD-42-0003577,CUST-000091,2025-06-12,grocery,2,124.67,KES,ghana
ORD-42-0003578,CUST-000495,2025-11-07,electronics,2,95.75,KES,Kenya
ORD-42-0003579,CUST-000103,2025-09-08,sports,10,77.02,KES,United Kingdom
ORD-42-0003580,CUST-000375,2025-09-09,home,3,231.08,KES,United States
ORD-42-0003581,CUST-000439,2025-11-30,toys,8,163.36,USD,Germany
ORD-42-0003582,CUST-000488,2025-04-30,grocery,7,48.39,USD,Germany
ORD-42-0003583,CUST-000387,2025-02-13,sports,6,412.94,EUR,Rwanda
ORD-42-0003584,CUST-000326,2025-04-01,toys,2,428.29,GBP,Kenya
ORD-42-0003585,CUST-000395,2025-11-24,toys,3,234.08,RWF,Germany
ORD-42-0003586,CUST-000060,2025-05-11,toys,2,"176,82",KES,germany
ORD-42-0003587,CUST-000297,2025-04-03,sports,4,270.97,GBP,Ghana
ORD-42-0003588,,2025-04-22,apparel,1,495.35,EUR,United States
ORD-42-0004751,CUST-000201,2025-06-23,home,7,"267,40",EUR,United Kingdom
ORD-42-0003590,CUST-000446,2025-07-04,toys,2,70.04,RWF,Kenya
ORD-42-0003591,CUST-000158,2025-02-20,toys,10,283.19,EUR,Ghana
ORD-42-0003592,CUST-000167,2025-09-09,toys,5,335.91,USD,Germany
ORD-42-0003593,CUST-000378,2025-08-02,apparel,10,430.96,USD,Germany
ORD-42-0003594,CUST-000138,2025-02-14,grocery,3,382.65,RWF,Germany
ORD-42-0003595,CUST-000303,2025-07-30,electronics,8,287.47,RWF,Germany
ORD-42-0003596,CUST-000012,2025-03-20,electronics,9,391.14,RWF,Ghana
ORD-42-0003597,CUST-000352,2025-01-18,grocery,5,"280,02",KES,United Kingdom
ORD-42-0003598,CUST-000146,2025-06-08,home,2,476.85,EUR,United Kingdom
ORD-42-0003599,CUST-000411,2025-04-18,home,2,206.07,EUR,ghana
ORD-42-0003600,CUST-000430,2025-05-12,toys,6,103.92,KES,United Kingdom
ORD-42-0003601,CUST-000414,2025-04-03,  electronics  ,7,147.19,KES,United Kingdom
ORD-42-0003602,CUST-000015,2025-08-19,home,6,5.93,KES,kenya
ORD-42-0003603,CUST-000340,2025-02-08,toys,-7,438.04,GBP,Kenya
ORD-42-0003604,CUST-000061,2025-12-16,apparel,7,70.63,RWF,Rwanda
ORD-42-0003605,CUST-000204,2025-06-11,home,9,301.31,USD,Rwanda
ORD-42-0003606,CUST-000431,2026-12-20,apparel,5,267.79,GBP,Ghana
ORD-42-0003607,CUST-000267,2025-11-09,apparel,1,278.58,KES,United Kingdom
ORD-42-0003608,CUST-000285,2025-09-26,sports,1,$165.61,GBP,United States
ORD-42-0003609,CUST-000418,2025-03-31,toys,4,309.81,RWF,Ghana
ORD-42-0003610,CUST-000427,2025-11-08,toys,6,208.58,EUR,Rwanda
ORD-42-0003611,CUST-000077,not-a-date,home,1,24.57,EUR,Rwanda
ORD-42-0003612,CUST-000348,2025-07-09,sports,7,380.13,RWF,Rwanda
ORD-42-0003613,CUST-000304,2025-03-02,home,4,9.63,GBP,Germany
ORD-42-0003614,CUST-000150,2025-11-13,toys,5,383.86,EUR,Germany
ORD-42-0003615,CUST-000278,2025-01-26,home,7,224.96,USD,United Kingdom
ORD-42-0003616,CUST-000390,2025-05-01,sports,1,327.16,KES,Germany
ORD-42-0003617,CUST-000083,2025-06-03,sports,1,16.58,EUR,Germany
ORD-42-0003618,CUST-000191,2025-01-14,electronics,1,116.23,GBP,Ghana
ORD-42-0003619,CUST-000487,2025-08-25,apparel,10,298.06,USD,
ORD-42-0003620,CUST-000248,2025-08-14,sports,6,477.39,KES,Germany
ORD-42-0003621,CUST-000420,2025-06-24,apparel,5,"470,06",RWF,KENYA
ORD-42-0003622,CUST-000404,2025-10-29,electronics,6,"455,17",KES,united kingdom
ORD-42-0003623,CUST-000224,2025-05-02,apparel,6,466.29,EUR,Kenya
ORD-42-0003624,CUST-000481,2025-10-01,electronics,10,4.95,EUR,Kenya
ORD-42-0003625,CUST-000478,2025-02-10,sports,-5,220.35,USD,Ghana
ORD-42-0003626,CUST-000256,2025-07-28,grocery,7,$152.48,GBP,United States
ORD-42-0003627,CUST-000403,2025-07-19,home,10,112.2,RWF,Ghana
ORD-42-0003628,CUST-000088,2025-11-13,apparel,9,113.39,USD,Germany
ORD-42-0003629,CUST-000426,2025-11-21,apparel,5,167.18,GBP,kenya
ORD-42-0001939,CUST-000053,2025-10-08,sports,10,29.12,EUR,Germany
ORD-42-0003631,CUST-000066,2025-01-29,apparel,2,465.33,USD,United States
ORD-42-0003632,CUST-000399,2025-05-05,unobtainium,3,317.02,RWF,Germany
ORD-42-0003633,CUST-000081,2025-05-29,unobtainium,9,321.63,EUR,United Kingdom
ORD-42-0003634,CUST-000178,2033-04-01,home,6,277.52,EUR,Kenya
ORD-42-0003635,CUST-000300,2025-01-24,home,3,340.95,GBP,Kenya
ORD-42-0003636,CUST-000365,2025-07-25,electronics,7,58.71,KES,Ghana
ORD-42-0003637,CUST-000251,2025-06-27,toys,2,224.86,USD,Ghana
ORD-42-0003638,CUST-000470,2025-12-06,toys,1,182.27,KES,Rwanda
ORD-42-0003639,CUST-000133,2025-05-17,grocery,5,135.35,EUR,Ghana
ORD-42-0003640,CUST-000327,2025-09-14,home,3,149.48,KES,United States
ORD-42-0003641,CUST-000381,2025-08-03,electronics,8,60.42,KES,Ghana
ORD-42-0003642,CUST-000360,2025-03-15,unobtainium,4,130.72,KES,Kenya
ORD-42-0003643,CUST-000019,2025-07-15,apparel,8,255.76,USD,Kenya
ORD-42-0003644,CUST-000100,2025-10-30,toys,4,211.22,USD,United States
ORD-42-0003645,CUST-000103,2025-09-01,sports,9,459.3,EUR,Germany
ORD-42-0003646,  CUST-000480  ,2025-12-13,toys,8,253.51,EUR,United Kingdom
ORD-42-0003647,CUST-000035,2025-07-05,apparel,8,272.11,EUR,Rwanda
ORD-42-0003648,CUST-000147,2025-03-23,grocery,3,158.67,USD,Ghana
ORD-42-0003649,CUST-000093,2025-10-31,grocery,5,204.89,EUR,
ORD-42-0003650,CUST-000374,2025-09-08,grocery,9,25.95,KES,United Kingdom
ORD-42-0003651,CUST-000443,2025-11-08,home,7,343.09,EUR,Ghana
ORD-42-0003652,CUST-000143,2025-06-20,grocery,-2,367.88,RWF,United States
ORD-42-0003653,CUST-000194,2025-10-10,toys,7,294.84,USD,Ghana
ORD-42-0003654,CUST-000115,2025-09-16,grocery,3,294.24,KES,Ghana
ORD-42-0003655,CUST-000455,2025-06-23,sports,7,131.73,GBP,  Rwanda  
ORD-42-0003656,CUST-000313,2025-03-07,toys,10,395.36,USD,Rwanda
ORD-42-0003657,CUST-000025,2025-04-04,toys,9,170.8,EUR,United Kingdom
ORD-42-0003658,CUST-000009,2025-04-04,apparel,6,"82,70",USD,United Kingdom
ORD-42-0003659,CUST-000305,2025-06-06,sports,9,145.96,GBP,
ORD-42-0003660,CUST-000334,2025-08-04,grocery,5,368.33,KES,United Kingdom
ORD-42-0003661,CUST-000153,2025-02-18,sports,10,362.37,KES,Ghana
ORD-42-0003662,CUST-000225,2025-10-06,toys,6,412.12,RWF,Ghana
ORD-42-0003663,CUST-000326,2025-01-03,toys,6,377.36,EUR,United Kingdom
ORD-42-0003664,CUST-000380,2025-11-06,toys,1,90.4,USD,Germany
ORD-42-0003665,CUST-000382,2025-03-09,grocery,9,304.99,USD,Kenya
ORD-42-0003666,CUST-000154,2025-04-06,toys,4,320.01,RWF,Rwanda
ORD-42-0003667,CUST-000237,2025-12-25,home,10,265.03,GBP,Ghana
ORD-42-0003668,CUST-000416,2025-11-12,home,4,213.3,EUR,United Kingdom
ORD-42-0003669,CUST-000201,2025-04-09,electronics,2,91.93,EUR,United States
ORD-42-0003670,CUST-000016,2025-09-16,toys,9,171.52,RWF,United Kingdom
ORD-42-0003671,CUST-000059,2025-11-21,toys,4,$305.27,RWF,United Kingdom
ORD-42-0003672,CUST-000041,2025-08-14,unobtainium,10,6.67,USD,United States
ORD-42-0003673,CUST-000408,2025-02-19,sports,10,315.51,EUR,Rwanda
ORD-42-0003674,CUST-000228,2025-05-07,toys,1,185.83,EUR,
ORD-42-0001720,CUST-000442,2025-05-29,grocery,10,104.66,GBP,Rwanda
ORD-42-0003676,CUST-000322,2025-01-30,home,9,269.69,USD,United States
ORD-42-0003677,CUST-000238,2025-12-26,sports,6,98.38,RWF,rwanda
ORD-42-0003678,CUST-000383,2025-10-31,electronics,10,121.32,KES,Rwanda
,CUST-000006,2025-08-27,toys,3,426.56,RWF,Ghana
ORD-42-0003680,CUST-000069,2025-02-05,home,6,61.51,RWF,Rwanda
ORD-42-0003681,CUST-000294,2025-12-02,sports,9,164.72,KES,Rwanda
ORD-42-0003682,CUST-000439,2025-04-19,sports,2,22.32,GBP,Rwanda
ORD-42-0003683,CUST-000451,2025-10-24,  home  ,4,357.6,EUR,Germany
ORD-42-0003684,CUST-000036,2025-07-10,sports,9,248.6,RWF,germany
ORD-42-0003685,CUST-000072,2025-05-21,electronics,4,345.41,KES,United States
ORD-42-0003686,  CUST-000307  ,2025-06-10,toys,-4,105.28,EUR,United Kingdom
ORD-42-0003687,CUST-000031,2025-01-06,electronics,6,272.73,RWF,Rwanda
ORD-42-0003688,CUST-000188,2025-02-11,home,8,333.16,USD,United States
ORD-42-0003689,CUST-000172,2025-06-18,grocery,4,292.81,KES,  Kenya  
ORD-42-0003690,CUST-000183,2025-07-08,electronics,2,$190.54,EUR,GERMANY
ORD-42-0003691,CUST-000490,2025-01-19,toys,1,330.35,KES,Kenya
ORD-42-0003692,CUST-000242,2025-04-28,apparel,8,$15.06,EUR,United Kingdom
ORD-42-0003693,CUST-000305,2025-05-31,sports,7,205.52,GBP,Kenya
ORD-42-0003694,CUST-000152,2025-10-03,toys,2,189.48,GBP,Ghana
ORD-42-0003695,CUST-000036,2025-01-06,sports,7,39.2,USD,United Kingdom
ORD-42-0003696,CUST-000357,2025-05-10,home,4,168.05,GBP,Germany
ORD-42-0003697,CUST-000425,2025-08-19,electronics,6,481.7,USD,Kenya
ORD-42-0003698,,2025-03-21,toys,1,68.55,EUR,Rwanda
ORD-42-0003699,CUST-000136,2025-10-20,grocery,7,105.06,EUR,UNITED KINGDOM
ORD-42-0003700,CUST-000447,2025-11-10,home,5,338.54,RWF,Rwanda
ORD-42-0003701,CUST-000271,2025-03-11,apparel,10,159.18,EUR,Rwanda
ORD-42-0003702,CUST-000295,2025-06-05,unobtainium,1,209.78,RWF,ghana
ORD-42-0003703,CUST-000356,2025-01-29,  toys  ,1,285.26,EUR,United Kingdom
ORD-42-0003704,CUST-000275,2025-08-12,toys,9,227.72,GBP,Ghana
ORD-42-0003705,CUST-000387,2025-07-06,electronics,4,415.75,GBP,United Kingdom
ORD-42-0003706,CUST-000384,2025-05-14,apparel,8,62.52,GBP,Kenya
ORD-42-0003707,CUST-000011,2025-02-07,grocery,9,479.97,USD,Rwanda
ORD-42-0003708,CUST-000388,2025-06-19,home,1,102.34,EUR,United Kingdom
ORD-42-0003709,CUST-000258,2025-04-09,electronics,9,247.22,KES,Germany
ORD-42-0003710,CUST-000227,2025-02-02,sports,6,480.94,EUR,United States
ORD-42-0003711,CUST-000120,2025-09-14,grocery,5,380.73,RWF,Rwanda
ORD-42-0003712,CUST-000425,2025-08-26,electronics,4,359.01,KES,Rwanda
ORD-42-0003713,CUST-000319,2025-11-05,home,4,256.81,RWF,Rwanda
,CUST-000096,2025-03-28,apparel,7,67.49,GBP,
ORD-42-0003715,CUST-000497,2025-12-12,  home  ,2,327.95,EUR,KENYA
ORD-42-0003716,,not-a-date,unobtainium,1,362.36,GBP,germany
ORD-42-0003717,CUST-000237,2025-10-25,electronics,5,$379.22,USD,Rwanda
ORD-42-0003718,CUST-000029,2025-01-04,sports,8,345.04,GBP,Rwanda
ORD-42-0003719,CUST-000290,2025-09-13,apparel,5,$186.24,EUR,United Kingdom
ORD-42-0003720,CUST-000330,2025-11-24,electronics,10,241.88,KES,Ghana
ORD-42-0003721,CUST-000051,2025-02-11,apparel,3,375.58,KES,Germany
ORD-42-0003722,CUST-000015,2025-03-07,sports,9,237.86,RWF,Ghana
ORD-42-0003723,CUST-000444,2025-03-13,grocery,4,92.48,GBP,Rwanda
ORD-42-0003724,CUST-000254,2025-08-02,apparel,3,$145.52,GBP,United States
ORD-42-0003725,CUST-000331,not-a-date,unobtainium,3,"210,19",USD,United Kingdom
ORD-42-0003726,CUST-000425,2025-02-17,electronics,1,97.02,RWF,United Kingdom
ORD-42-0001864,CUST-000221,2025-11-12,sports,7,108.34,RWF,
ORD-42-0003728,CUST-000077,2025-03-28,grocery,8,347.53,EUR,Rwanda
ORD-42-0003729,CUST-000479,2025-10-16,electronics,1,297.68,EUR,Germany
ORD-42-0003730,CUST-000458,2025-06-03,sports,-3,"35,97",GBP,Kenya
ORD-42-0003731,CUST-000210,2025-03-29,toys,1,5.98,RWF,Germany
ORD-42-0003732,CUST-000310,2025-07-25,electronics,1,48.79,EUR,Kenya
ORD-42-0003733,CUST-000171,2025-03-19,electronics,1,399.47,EUR,United Kingdom
ORD-42-0003734,CUST-000237,2025-11-17,apparel,1,327.52,EUR,Kenya
ORD-42-0003735,CUST-000048,2025-11-07,apparel,9,406.69,KES,Rwanda
ORD-42-0003736,CUST-000381,2025-04-16,grocery,2,327.89,RWF,Kenya
ORD-42-0003737,CUST-000096,2025-11-01,electronics,5,158.79,GBP,United States
ORD-42-0003738,CUST-000209,2025-11-05,grocery,2,285.17,KES,Rwanda
ORD-42-0003739,CUST-000243,2025-12-29,grocery,-5,153.89,RWF,Rwanda
ORD-42-0003740,CUST-000075,2025-09-08,home,5,428.56,EUR,Kenya
ORD-42-0003741,CUST-000185,2025-10-20,electronics,7,"8,68",GBP,Kenya
ORD-42-0003742,CUST-000110,2025-03-07,home,2,71.82,USD,
ORD-42-0003743,  CUST-000140  ,2030-05-16,sports,8,399.12,RWF,Kenya
ORD-42-0003744,CUST-000193,2025-02-20,electronics,4,337.53,RWF,United States
ORD-42-0002672,CUST-000321,2025-07-05,home,2,113.1,EUR,  Germany  
ORD-42-0003746,CUST-000210,2025-11-22,sports,8,301.74,GBP,United States
ORD-42-0003747,CUST-000286,2025-12-20,sports,3,135.9,GBP,United States
ORD-42-0003748,CUST-000184,2025-03-08,toys,6,56.86,USD,Kenya
ORD-42-0003749,CUST-000055,2025-11-08,toys,2,160.51,KES,United Kingdom
ORD-42-0003750,CUST-000473,2025-11-16,apparel,7,270.71,RWF,United States
ORD-42-0003751,CUST-000147,2025-02-25,toys,7,128.39,KES,Germany
ORD-42-0003752,CUST-000406,2025-04-13,unobtainium,7,64.32,RWF,Germany
ORD-42-0003753,CUST-000031,2025-12-28,toys,9,135.35,RWF,Ghana
ORD-42-0001042,CUST-000013,2025-04-15,sports,4,219.72,KES,Rwanda
ORD-42-0003755,CUST-000290,2025-11-06,toys,1,245.86,KES,United Kingdom
ORD-42-0003756,CUST-000067,2025-11-19,grocery,5,22.76,RWF,United Kingdom
ORD-42-0003757,CUST-000378,2025-04-06,apparel,7,304.36,EUR,Kenya
,CUST-000403,2025-07-19,apparel,5,270.63,KES,Germany
ORD-42-0003759,CUST-000139,2025-05-17,electronics,9,79.7,EUR,United Kingdom
ORD-42-0003760,CUST-000495,2025-04-06,grocery,6,137.89,EUR,Kenya
ORD-42-0003761,CUST-000366,2025-12-28,apparel,2,498.94,EUR,United States
ORD-42-0003762,CUST-000373,2025-04-25,sports,3,433.24,GBP,Ghana
,CUST-000001,2025-09-17,apparel,1,31.42,USD,United Kingdom
ORD-42-0003764,CUST-000266,2025-06-23,apparel,5,372.14,RWF,Germany
ORD-42-0003765,CUST-000123,2025-03-04,electronics,10,3.41,KES,United Kingdom
ORD-42-0003766,CUST-000293,2025-03-17,electronics,2,$126.81,RWF,RWANDA
ORD-42-0003767,CUST-000012,2025-03-11,electronics,7,284.29,EUR,Kenya
ORD-42-0003768,CUST-000072,2025-01-16,grocery,4,466.98,KES,United States
ORD-42-0003769,CUST-000273,2025-03-12,sports,8,370.27,KES,rwanda
ORD-42-0003770,CUST-000199,2025-12-28,toys,6,150.8,USD,United Kingdom
ORD-42-0003771,CUST-000218,2025-05-01,home,7,123.23,USD,Rwanda
ORD-42-0003772,CUST-000472,2025-03-02,toys,9,139.39,EUR,Kenya
ORD-42-0003773,CUST-000223,2025-11-02,electronics,4,476.59,USD,Rwanda
ORD-42-0003774,CUST-000268,2025-11-19,home,2,331.41,KES,United States
ORD-42-0003775,CUST-000190,2025-01-11,home,6,251.12,KES,Ghana
ORD-42-0003776,CUST-000077,2025-12-23,apparel,5,402.66,USD,Rwanda
ORD-42-0003777,CUST-000186,2025-09-19,home,4,139.59,RWF,Rwanda
ORD-42-0003778,CUST-000229,2025-07-21,grocery,10,304.0,GBP,Ghana
ORD-42-0003779,CUST-000298,2025-01-06,home,7,216.54,EUR,United States
ORD-42-0003780,CUST-000028,2025-11-14,electronics,9,"69,84",USD,Kenya
ORD-42-0003781,CUST-000362,2025-03-31,electronics,9,76.95,EUR,United States
ORD-42-0003782,CUST-000114,2025-04-14,grocery,10,$461.30,GBP,RWANDA
ORD-42-0003783,CUST-000077,2025-06-15,apparel,1,265.91,KES,Rwanda
ORD-42-0003784,CUST-000255,2025-08-20,sports,6,"452,51",RWF,Kenya
ORD-42-0003785,CUST-000405,2025-07-02,sports,4,206.38,EUR,Kenya
,CUST-000177,2025-05-14,electronics,1,148.03,EUR,United Kingdom
ORD-42-0003787,CUST-000049,2025-03-21,apparel,9,350.91,USD,
ORD-42-0003788,CUST-000060,2025-01-15,grocery,2,314.54,GBP,Ghana
ORD-42-0004586,CUST-000290,2025-12-23,home,7,58.1,USD,Rwanda
ORD-42-0003790,CUST-000238,2025-02-27,apparel,4,28.64,RWF,germany
ORD-42-0003791,CUST-000013,2025-12-05,electronics,3,281.22,KES,Kenya
ORD-42-0003792,CUST-000235,2025-11-18,electronics,2,361.98,EUR,
ORD-42-0003793,CUST-000463,2025-10-28,toys,7,35.25,USD,Kenya
ORD-42-0003794,CUST-000016,2025-01-31,home,9,357.95,USD,Germany
ORD-42-0003795,CUST-000377,2025-05-27,grocery,6,112.97,GBP,Ghana
ORD-42-0003796,CUST-000196,2025-12-09,home,3,447.02,RWF,Germany
ORD-42-0003797,CUST-000113,2025-02-11,home,7,412.78,USD,Rwanda
ORD-42-0003798,CUST-000319,2025-11-17,home,4,4.41,RWF,United States
ORD-42-0003799,CUST-000381,2025-02-15,apparel,5,246.42,EUR,Ghana
ORD-42-0003800,CUST-000121,2025-07-06,toys,7,42.45,RWF,UNITED KINGDOM
ORD-42-0003801,CUST-000087,2025-10-10,home,2,374.98,EUR,Germany
ORD-42-0003802,CUST-000343,2025-09-30,grocery,8,493.45,KES,Germany
ORD-42-0003803,CUST-000434,not-a-date,sports,7,467.54,RWF,Kenya
ORD-42-0003804,CUST-000439,2025-10-27,  home  ,2,478.24,KES,Germany
ORD-42-0003805,CUST-000453,2025-06-06,toys,-8,255.81,GBP,United Kingdom
ORD-42-0003806,CUST-000151,2025-05-04,grocery,-2,$331.53,KES,Rwanda
ORD-42-0003807,CUST-000328,2025-09-17,home,1,19.21,USD,United Kingdom
ORD-42-0003808,CUST-000156,2025-04-20,toys,8,$496.72,EUR,Kenya
ORD-42-0003809,CUST-000121,2025-07-25,home,4,$154.49,GBP,United States
ORD-42-0003810,CUST-000215,2025-06-22,toys,3,473.79,EUR,Rwanda
ORD-42-0003811,CUST-000173,2025-02-09,grocery,5,302.7,GBP,Kenya
ORD-42-0003812,CUST-000183,2025-08-23,toys,3,9.58,RWF,United States
ORD-42-0003813,CUST-000354,2025-08-13,home,2,383.44,USD,United States
ORD-42-0003814,CUST-000364,2025-02-22,grocery,4,273.8,USD,United Kingdom
ORD-42-0003815,CUST-000076,2025-05-09,apparel,1,428.73,RWF,Kenya
ORD-42-0003816,CUST-000158,2025-09-08,  home  ,-10,394.69,KES,United Kingdom
ORD-42-0003817,CUST-000413,2025-10-02,sports,2,264.59,GBP,United Kingdom
ORD-42-0003818,CUST-000411,2025-06-01,toys,1,496.54,RWF,Ghana
ORD-42-0003819,CUST-000444,2025-12-23,home,2,408.46,USD,Kenya
ORD-42-0003820,CUST-000047,2025-10-11,home,5,98.84,GBP,Rwanda
ORD-42-0003821,CUST-000411,2025-09-28,  apparel  ,1,60.11,RWF,Rwanda
ORD-42-0003822,CUST-000160,2025-02-23,sports,9,212.52,EUR,Germany
ORD-42-0003823,CUST-000073,2025-11-11,sports,9,193.14,USD,Kenya
ORD-42-0003824,CUST-000084,2025-12-01,sports,4,53.41,RWF,  United Kingdom  
ORD-42-0003024,CUST-000424,2025-03-04,toys,10,456.3,USD,Rwanda
ORD-42-0003826,CUST-000046,2025-08-13,electronics,1,105.72,RWF,Rwanda
ORD-42-0003827,CUST-000124,2025-11-08,sports,8,374.02,KES,Germany
ORD-42-0003828,CUST-000391,2025-02-02,  toys  ,-7,23.75,USD,United States
ORD-42-0003829,CUST-000388,2025-06-17,apparel,6,342.19,KES,Rwanda
ORD-42-0003830,CUST-000370,2025-04-17,home,2,291.34,GBP,United States
ORD-42-0003831,CUST-000239,2025-04-08,home,6,460.71,USD,Rwanda
ORD-42-0003832,CUST-000106,2025-05-22,home,4,169.51,EUR,United States
ORD-42-0003833,CUST-000062,2025-12-21,grocery,3,279.5,RWF,United Kingdom
ORD-42-0003834,,2025-12-31,grocery,3,389.92,KES,Rwanda
ORD-42-0003835,CUST-000367,2025-09-07,grocery,2,472.8,USD,Germany
ORD-42-0003836,CUST-000015,not-a-date,sports,9,56.42,KES,Germany
ORD-42-0003837,CUST-000500,2025-10-14,apparel,4,338.75,KES,United States
ORD-42-0003838,CUST-000197,2025-08-26,grocery,8,387.67,KES,Kenya
ORD-42-0003839,CUST-000249,2025-07-12,apparel,1,"224,26",RWF,United Kingdom
ORD-42-0003840,CUST-000443,2025-11-08,electronics,3,399.34,KES,Rwanda
ORD-42-0003841,CUST-000345,2025-03-26,home,6,233.3,KES,rwanda
ORD-42-0003842,CUST-000008,2025-10-07,sports,5,334.9,GBP,Kenya
ORD-42-0003843,CUST-000409,2025-10-24,apparel,7,482.04,EUR,Rwanda
ORD-42-0003844,CUST-000201,2025-03-08,electronics,7,301.63,RWF,United Kingdom
ORD-42-0003845,CUST-000181,2025-05-13,home,7,$333.52,USD,Germany
ORD-42-0003846,CUST-000411,2027-09-09,sports,6,34.08,KES,United States
ORD-42-0003847,CUST-000061,2025-08-29,toys,6,348.79,EUR,Rwanda
ORD-42-0003848,CUST-000165,2025-12-04,sports,2,419.53,GBP,Kenya
ORD-42-0003849,CUST-000199,2025-11-25,electronics,8,$463.94,EUR,Kenya
ORD-42-0003850,CUST-000187,2025-12-09,sports,9,"383,66",EUR,Ghana
ORD-42-0003851,CUST-000435,2025-09-15,sports,2,310.38,EUR,United Kingdom
ORD-42-0003852,CUST-000071,2025-08-07,toys,5,$252.19,EUR,Rwanda
ORD-42-0003853,CUST-000006,2025-07-31,electronics,7,300.74,USD,Rwanda
ORD-42-0003854,CUST-000162,2025-09-06,electronics,3,"51,37",USD,Germany
ORD-42-0003855,CUST-000244,2025-06-29,  sports  ,9,494.59,GBP,Germany
ORD-42-0003856,CUST-000366,2025-08-29,apparel,10,431.39,EUR,Ghana
ORD-42-0003857,CUST-000282,2025-11-16,electronics,1,163.6,USD,
ORD-42-0003858,CUST-000467,2025-04-21,grocery,5,384.58,EUR,Germany
ORD-42-0003859,CUST-000259,2025-03-08,grocery,2,160.71,EUR,United Kingdom
ORD-42-0003860,CUST-000173,2025-07-21,sports,2,69.27,USD,Germany
ORD-42-0003861,CUST-000465,2025-04-24,home,2,67.86,KES,Ghana
ORD-42-0003862,CUST-000392,not-a-date,grocery,9,50.13,GBP,Ghana
ORD-42-0003863,CUST-000080,2025-06-23,sports,1,381.45,KES,Germany
ORD-42-0003864,CUST-000083,2025-09-07,sports,7,10.41,GBP,Ghana
ORD-42-0003865,CUST-000223,2025-06-26,home,7,386.81,RWF,Kenya
ORD-42-0003866,CUST-000019,2025-07-02,electronics,8,51.77,RWF,Kenya
ORD-42-0003867,CUST-000032,2025-04-20,grocery,2,181.47,GBP,
ORD-42-0003868,CUST-000247,2025-04-04,sports,4,"241,10",USD,Kenya
ORD-42-0003869,CUST-000051,2025-04-27,home,5,489.37,KES,Rwanda
ORD-42-0003870,CUST-000398,2025-09-28,grocery,5,410.85,GBP,United Kingdom
ORD-42-0003871,CUST-000434,2025-07-19,sports,8,336.19,RWF,Rwanda
ORD-42-0001323,CUST-000083,2025-03-19,apparel,6,130.52,RWF,United States
ORD-42-0003873,CUST-000271,2025-06-09,apparel,8,93.78,KES,Ghana
ORD-42-0004519,CUST-000024,2025-05-17,grocery,7,"126,09",USD,Germany
ORD-42-0003875,CUST-000335,2025-06-22,sports,4,72.76,USD,United States
ORD-42-0003876,CUST-000106,2025-07-12,apparel,9,$483.48,RWF,Germany
ORD-42-0003877,CUST-000214,2025-01-12,apparel,6,302.27,EUR,United Kingdom
ORD-42-0003878,CUST-000221,2025-04-18,grocery,10,27.01,USD,Ghana
ORD-42-0003879,CUST-000265,2025-04-09,grocery,10,$340.03,EUR,Rwanda
ORD-42-0003880,  CUST-000356  ,2025-07-14,home,4,130.59,GBP,Rwanda
ORD-42-0003881,CUST-000352,2025-04-08,toys,3,237.66,KES,Germany
ORD-42-0003882,CUST-000381,2025-11-20,home,10,427.02,RWF,Ghana
ORD-42-0003883,CUST-000398,2025-12-28,home,4,341.22,GBP,Germany
ORD-42-0003884,CUST-000231,2025-12-03,sports,8,250.6,RWF,Germany
ORD-42-0003885,CUST-000364,2025-07-12,home,5,80.23,USD,united kingdom
ORD-42-0003886,CUST-000361,2025-12-18,apparel,9,130.58,EUR,Germany
ORD-42-0003887,CUST-000108,2025-06-09,sports,3,228.27,EUR,Kenya
ORD-42-0003888,CUST-000031,2025-01-05,apparel,-3,471.9,EUR,Germany
ORD-42-0003889,CUST-000053,2025-11-08,electronics,8,415.24,RWF,Germany
ORD-42-0003890,CUST-000311,2025-11-01,  grocery  ,2,212.04,USD,Ghana
ORD-42-0003891,CUST-000081,2025-02-20,toys,6,57.9,GBP,United Kingdom
ORD-42-0003892,CUST-000207,2025-03-12,toys,-4,17.16,EUR,Rwanda
ORD-42-0003893,,2025-05-29,toys,1,104.46,EUR,Kenya
ORD-42-0003894,CUST-000016,2025-10-01,sports,7,497.46,KES,United Kingdom
ORD-42-0003895,CUST-000008,2025-11-14,home,3,339.63,GBP,Germany
ORD-42-0003896,CUST-000425,2025-11-23,electronics,7,273.64,USD,germany
ORD-42-0003897,CUST-000238,2025-12-23,apparel,2,200.63,EUR,Germany
ORD-42-0003898,CUST-000455,2025-12-12,home,1,470.74,GBP,United Kingdom
ORD-42-0003899,CUST-000102,2025-09-17,apparel,7,417.73,EUR,Ghana
ORD-42-0003900,CUST-000470,2025-08-11,grocery,10,$112.71,USD,Germany
ORD-42-0003901,CUST-000082,2025-03-19,unobtainium,8,217.18,EUR,United Kingdom
ORD-42-0003902,CUST-000003,2025-03-31,apparel,10,17.22,RWF,Ghana
ORD-42-0003903,CUST-000134,2025-12-01,apparel,6,308.28,KES,United Kingdom
ORD-42-0003904,CUST-000167,2025-11-07,sports,10,110.27,KES,Kenya
ORD-42-0001462,CUST-000066,2025-05-10,sports,3,495.66,RWF,Kenya
ORD-42-0003906,CUST-000277,2025-11-18,apparel,10,59.82,RWF,Kenya
ORD-42-0003907,CUST-000179,2025-02-02,electronics,-5,487.5,KES,Germany
ORD-42-0003908,CUST-000031,2025-10-29,grocery,7,226.83,GBP,Kenya
ORD-42-0003909,CUST-000233,2025-10-08,toys,5,178.59,EUR,United Kingdom
ORD-42-0003910,CUST-000251,2025-08-19,toys,10,187.44,RWF,United States
ORD-42-0003911,CUST-000001,2025-04-18,toys,7,151.37,USD,Germany
ORD-42-0003912,CUST-000384,2025-04-23,home,7,423.4,USD,Kenya
ORD-42-0003913,CUST-000023,2025-03-28,electronics,2,$282.96,EUR,United Kingdom
ORD-42-0003914,CUST-000024,2025-10-09,apparel,2,452.16,GBP,Kenya
ORD-42-0003915,CUST-000318,2025-12-16,home,5,271.56,USD,United Kingdom
ORD-42-0003916,CUST-000116,2025-10-05,apparel,6,478.6,EUR,Kenya
ORD-42-0003917,CUST-000089,2025-12-29,apparel,4,179.4,USD,
ORD-42-0003918,CUST-000415,2025-06-24,sports,6,172.68,USD,Rwanda
ORD-42-0003919,CUST-000317,2025-09-08,home,5,164.95,USD,Kenya
ORD-42-0003920,CUST-000438,2025-06-08,toys,9,406.77,KES,Ghana
ORD-42-0003921,  CUST-000356  ,2025-09-17,toys,4,$377.77,EUR,Kenya
ORD-42-0003922,CUST-000449,2025-10-10,home,4,197.66,EUR,United Kingdom
ORD-42-0003923,CUST-000219,2025-10-26,unobtainium,9,14.3,KES,United States
ORD-42-0003924,CUST-000380,2025-04-01,sports,4,62.1,GBP,Ghana
ORD-42-0003925,CUST-000047,2025-10-11,toys,1,222.72,GBP,United Kingdom
ORD-42-0003926,CUST-000202,2025-07-25,toys,10,307.78,USD,Rwanda
ORD-42-0003927,CUST-000074,2025-08-30,grocery,7,99.85,RWF,Germany
ORD-42-0003928,CUST-000159,2025-03-06,home,5,80.87,USD,Germany
ORD-42-0003929,CUST-000094,2025-03-03,home,2,283.61,RWF,Ghana
ORD-42-0003930,CUST-000319,2025-11-12,toys,3,91.22,RWF,Rwanda
ORD-42-0003931,CUST-000360,2025-09-06,electronics,8,186.82,RWF,Kenya
ORD-42-0003932,CUST-000484,2025-05-30,home,8,159.93,KES,United States
ORD-42-0003933,CUST-000470,2025-06-11,home,7,52.34,EUR,United States
ORD-42-0003934,CUST-000014,2025-02-18,grocery,2,224.84,EUR,Rwanda
ORD-42-0003935,CUST-000003,2025-03-15,toys,3,330.26,KES,Ghana
ORD-42-0003936,CUST-000162,2025-10-23,home,1,96.33,USD,Rwanda
ORD-42-0003937,CUST-000182,2025-01-13,apparel,6,177.96,GBP,Rwanda
ORD-42-0003938,CUST-000139,2025-09-16,sports,3,51.08,USD,Ghana
ORD-42-0003939,CUST-000122,2025-01-25,electronics,9,425.82,RWF,United Kingdom
ORD-42-0003940,CUST-000237,2025-02-09,apparel,5,233.6,EUR,Ghana
ORD-42-0003941,CUST-000355,2025-08-26,apparel,3,485.4,KES,United Kingdom
ORD-42-0003942,CUST-000121,2025-01-04,home,6,350.51,KES,Rwanda
ORD-42-0000885,CUST-000303,2025-10-01,sports,1,151.95,KES,Germany
ORD-42-0003944,CUST-000253,2025-12-11,grocery,8,317.39,KES,Kenya
ORD-42-0003945,CUST-000493,2025-09-17,apparel,3,294.87,KES,Germany
ORD-42-0003946,CUST-000182,2025-11-14,home,10,471.44,EUR,Ghana
ORD-42-0003947,CUST-000240,not-a-date,sports,5,480.06,GBP,Rwanda
ORD-42-0003948,CUST-000453,2025-04-10,home,9,393.02,GBP,United States
ORD-42-0003949,CUST-000270,2025-04-05,apparel,9,86.73,GBP,United States
ORD-42-0003950,CUST-000224,2025-01-03,grocery,3,202.86,EUR,RWANDA
ORD-42-0003951,CUST-000379,2025-04-16,home,7,241.65,KES,Kenya
ORD-42-0003952,CUST-000186,2025-07-29,apparel,6,"368,82",USD,United Kingdom
ORD-42-0003953,CUST-000201,2025-10-07,toys,3,87.13,GBP,Rwanda
ORD-42-0003954,CUST-000387,2025-11-08,toys,3,176.98,RWF,Kenya
ORD-42-0003955,CUST-000388,2025-08-01,grocery,3,276.68,EUR,United Kingdom
ORD-42-0003956,CUST-000390,2025-08-26,apparel,1,46.23,EUR,  Kenya  
ORD-42-0003957,CUST-000126,2025-08-14,electronics,5,285.3,EUR,United Kingdom
ORD-42-0003958,CUST-000006,2025-12-26,toys,7,197.82,RWF,Rwanda
ORD-42-0003959,CUST-000069,2025-06-06,grocery,1,131.88,GBP,Rwanda
ORD-42-0003960,CUST-000493,2025-03-10,home,7,$97.91,USD,Germany
ORD-42-0003961,CUST-000429,2025-08-09,sports,1,10.36,EUR,United Kingdom
ORD-42-0003962,CUST-000039,2025-12-07,sports,2,287.89,EUR,Ghana
ORD-42-0003963,CUST-000391,2025-09-21,toys,10,89.64,EUR,Ghana
ORD-42-0003964,CUST-000429,2025-05-09,electronics,2,474.87,EUR,Germany
ORD-42-0003965,CUST-000437,2025-12-30,sports,1,210.52,USD,United Kingdom
ORD-42-0003966,CUST-000074,2025-05-10,grocery,1,$160.87,GBP,  Germany  
ORD-42-0003967,CUST-000057,2025-01-16,sports,7,"415,65",USD,Germany
ORD-42-0003968,CUST-000500,2025-05-23,apparel,7,141.41,KES,United States
ORD-42-0003969,CUST-000481,2025-07-04,electronics,-1,286.65,EUR,Germany
ORD-42-0003970,CUST-000089,2025-09-21,home,7,"45,98",RWF,United States
ORD-42-0003971,CUST-000076,2025-09-09,sports,2,103.59,EUR,Germany
ORD-42-0003972,CUST-000059,2025-12-26,sports,10,130.23,USD,Germany
ORD-42-0003973,CUST-000154,2025-10-23,apparel,2,195.16,GBP,Ghana
ORD-42-0003974,CUST-000060,2025-09-23,grocery,3,232.5,RWF,United Kingdom
ORD-42-0003975,CUST-000186,2025-05-02,grocery,1,211.57,EUR,Ghana
ORD-42-0002266,CUST-000310,2025-08-05,apparel,10,487.36,GBP,Germany
ORD-42-0003977,CUST-000415,2025-11-27,grocery,6,429.32,USD,United Kingdom
ORD-42-0001304,CUST-000282,2025-05-21,electronics,-2,418.11,RWF,united kingdom
ORD-42-0003979,CUST-000316,2025-03-18,apparel,3,150.59,EUR,Rwanda
ORD-42-0003980,CUST-000452,2025-10-07,home,9,110.38,GBP,Ghana
ORD-42-0003981,,2025-08-18,electronics,8,84.94,GBP,Ghana
ORD-42-0003982,CUST-000220,2025-07-14,apparel,9,412.13,KES,Ghana
ORD-42-0003983,CUST-000230,2025-03-16,electronics,3,180.11,GBP,United Kingdom
ORD-42-0003984,CUST-000190,2025-09-08,grocery,3,209.59,KES,Rwanda
ORD-42-0003985,CUST-000144,2025-01-14,grocery,3,99.73,RWF,United States
ORD-42-0003264,CUST-000362,2025-08-18,electronics,1,489.65,USD,united kingdom
ORD-42-0003987,CUST-000174,2025-09-07,toys,6,313.28,GBP,Germany
ORD-42-0003988,CUST-000380,2025-08-17,apparel,2,196.02,GBP,Kenya
ORD-42-0003989,CUST-000165,2025-03-05,toys,1,417.78,USD,United Kingdom
ORD-42-0003990,CUST-000400,2025-09-11,grocery,9,39.75,RWF,Rwanda
ORD-42-0003991,CUST-000157,2025-04-26,sports,7,368.78,GBP,Kenya
ORD-42-0003992,CUST-000234,2025-04-18,toys,5,138.63,RWF,Rwanda
ORD-42-0003993,CUST-000203,2025-06-23,electronics,9,376.47,GBP,Germany
ORD-42-0003994,CUST-000132,2025-06-03,grocery,3,$340.04,RWF,Kenya
ORD-42-0003995,CUST-000207,2025-03-24,electronics,6,329.9,USD,United Kingdom
ORD-42-0003996,CUST-000191,2025-04-12,sports,10,286.06,USD,Kenya
ORD-42-0003997,CUST-000232,2035-02-08,sports,3,288.86,USD,Rwanda
ORD-42-0003998,CUST-000398,2025-04-12,home,6,21.46,RWF,United States
ORD-42-0003999,CUST-000431,2025-03-20,grocery,-1,145.74,EUR,Ghana
ORD-42-0004000,CUST-000211,2025-05-27,electronics,6,449.81,EUR,United States
ORD-42-0004001,CUST-000127,2025-05-19,home,7,296.48,EUR,Kenya
ORD-42-0004002,,2025-06-13,grocery,8,$333.27,USD,Germany
ORD-42-0004003,CUST-000242,2025-01-08,electronics,9,466.57,EUR,United States
ORD-42-0004004,CUST-000094,2025-05-31,grocery,8,455.7,GBP,
ORD-42-0004005,CUST-000315,2025-12-24,toys,8,254.53,KES,Germany
ORD-42-0004006,CUST-000169,2025-09-12,toys,6,338.45,USD,Germany
ORD-42-0004007,CUST-000242,2025-09-18,toys,7,102.97,EUR,United States
ORD-42-0004008,CUST-000264,not-a-date,toys,9,378.21,RWF,Rwanda
ORD-42-0004009,CUST-000380,2025-07-24,sports,6,424.23,GBP,United Kingdom
ORD-42-0004010,CUST-000071,2025-10-22,electronics,8,30.28,KES,Germany
ORD-42-0004011,CUST-000392,2025-01-08,electronics,9,"432,29",RWF,Rwanda
ORD-42-0004012,CUST-000209,2025-06-15,apparel,3,419.63,USD,  Germany  
ORD-42-0004013,CUST-000391,2025-10-10,toys,1,237.81,KES,United Kingdom
ORD-42-0004014,CUST-000091,2025-04-16,toys,2,336.78,KES,United Kingdom
ORD-42-0004015,CUST-000477,2025-10-12,grocery,2,$281.36,RWF,United States
ORD-42-0004016,CUST-000166,2025-09-19,unobtainium,8,46.13,USD,United Kingdom
ORD-42-0004017,CUST-000217,2025-07-28,toys,5,86.64,KES,Ghana
ORD-42-0004018,CUST-000081,2025-12-17,apparel,10,268.25,EUR,Rwanda
ORD-42-0004019,CUST-000346,2025-09-02,home,5,343.86,KES,United States
ORD-42-0004020,CUST-000010,2025-11-05,home,6,$387.77,KES,Germany
ORD-42-0004021,CUST-000231,2025-12-19,grocery,10,$90.64,KES,Ghana
ORD-42-0004022,CUST-000420,2025-04-01,grocery,4,1.99,GBP,United Kingdom
ORD-42-0004023,CUST-000272,2025-10-10,  home  ,4,281.14,KES,United States
ORD-42-0004024,CUST-000398,2025-08-12,sports,4,406.05,EUR,United States
ORD-42-0004025,CUST-000348,2025-11-24,grocery,9,56.71,RWF,United Kingdom
ORD-42-0004026,CUST-000441,2025-12-30,grocery,7,476.97,GBP,United States
ORD-42-0004027,CUST-000114,2025-01-19,electronics,6,441.63,KES,United Kingdom
ORD-42-0004028,CUST-000443,2025-12-06,electronics,7,"325,60",GBP,United Kingdom
ORD-42-0004029,CUST-000472,2025-01-30,apparel,9,47.48,USD,Kenya
ORD-42-0004030,CUST-000482,2025-05-17,electronics,2,238.5,KES,Kenya
ORD-42-0004031,CUST-000212,2025-02-13,home,1,223.69,USD,Kenya
ORD-42-0004032,CUST-000016,2025-04-14,sports,9,16.69,USD,Germany
ORD-42-0004033,CUST-000082,2025-06-10,apparel,9,83.64,RWF,United Kingdom
ORD-42-0004034,CUST-000090,2025-02-02,home,5,421.38,GBP,Rwanda
ORD-42-0004035,CUST-000339,not-a-date,grocery,3,258.65,KES,Ghana
ORD-42-0004036,CUST-000488,2025-03-18,apparel,8,316.04,USD,Rwanda
ORD-42-0004037,CUST-000215,2025-03-31,electronics,7,468.59,USD,United States
ORD-42-0004038,CUST-000308,2025-06-18,electronics,3,400.1,RWF,Germany
ORD-42-0004039,CUST-000068,2025-12-25,toys,1,265.66,USD,Kenya
ORD-42-0004040,CUST-000320,2025-11-01,grocery,1,318.17,EUR,Germany
ORD-42-0004041,CUST-000100,2025-01-22,home,5,135.39,GBP,United Kingdom
ORD-42-0004042,,2025-02-13,sports,3,321.32,GBP,United Kingdom
ORD-42-0004043,CUST-000349,2025-04-28,electronics,2,90.14,GBP,United States
ORD-42-0004044,CUST-000477,2025-01-30,apparel,5,81.99,GBP,Kenya
ORD-42-0004045,CUST-000209,2025-03-02,electronics,10,"45,92",EUR,Kenya
ORD-42-0004046,CUST-000235,2025-06-29,apparel,1,92.14,GBP,United Kingdom
ORD-42-0004047,CUST-000232,2025-06-08,  sports  ,1,125.71,RWF,united states
ORD-42-0004048,CUST-000390,2025-05-17,electronics,3,459.23,GBP,Kenya
ORD-42-0004049,CUST-000193,2025-07-23,apparel,-5,$21.97,GBP,Kenya
ORD-42-0004050,CUST-000358,2025-05-29,home,9,377.2,KES,Germany
ORD-42-0004051,CUST-000405,2025-06-27,home,1,485.48,RWF,United States
ORD-42-0004052,CUST-000140,2025-04-15,toys,3,60.31,KES,Germany
ORD-42-0004053,CUST-000256,2025-08-27,toys,6,138.95,RWF,Germany
ORD-42-0004054,  CUST-000078  ,2025-09-22,apparel,4,214.52,RWF,Germany
ORD-42-0004055,CUST-000414,2025-05-09,toys,10,485.11,RWF,Ghana
ORD-42-0004056,CUST-000300,2025-11-25,apparel,6,291.16,KES,Germany
ORD-42-0004057,CUST-000496,2030-09-14,apparel,3,374.5,GBP,Kenya
ORD-42-0004058,CUST-000310,2025-04-08,grocery,3,"83,73",RWF,United Kingdom
ORD-42-0004059,CUST-000318,2025-10-28,electronics,7,209.06,USD,Germany
ORD-42-0004060,CUST-000486,2025-03-16,toys,7,89.28,GBP,Germany
ORD-42-0004061,CUST-000313,2025-03-05,toys,3,294.41,KES,United States
ORD-42-0004062,CUST-000281,2025-08-28,apparel,6,376.0,RWF,Germany
ORD-42-0004063,CUST-000285,2025-04-13,grocery,8,226.02,EUR,Ghana
ORD-42-0004064,CUST-000470,2025-05-24,electronics,5,61.59,GBP,United Kingdom
ORD-42-0004065,CUST-000089,2025-12-07,toys,5,447.71,EUR,Rwanda
ORD-42-0004066,CUST-000168,2025-09-21,toys,9,373.27,KES,Rwanda
ORD-42-0004067,CUST-000080,2025-10-29,grocery,1,15.64,USD,Ghana
ORD-42-0004068,CUST-000153,2025-12-07,sports,8,465.04,EUR,United Kingdom
ORD-42-0004069,CUST-000371,not-a-date,home,4,426.6,GBP,United States
ORD-42-0004070,CUST-000480,2025-03-19,electronics,4,150.96,USD,Kenya
ORD-42-0004071,CUST-000265,2025-03-13,grocery,6,77.0,KES,Germany
ORD-42-0004072,CUST-000068,2025-12-16,toys,10,270.53,GBP,United States
ORD-42-0004073,CUST-000197,2025-08-02,apparel,3,149.13,USD,Ghana
ORD-42-0004074,  CUST-000318  ,2025-01-03,sports,3,28.75,EUR,KENYA
ORD-42-0004075,CUST-000173,2025-09-05,electronics,10,466.31,RWF,Germany
ORD-42-0004076,CUST-000312,2025-11-10,toys,5,279.79,KES,Germany
ORD-42-0004077,CUST-000065,2025-03-16,toys,1,324.87,GBP,Germany
ORD-42-0004078,CUST-000274,2025-10-26,electronics,2,237.46,GBP,Kenya
ORD-42-0004079,  CUST-000322  ,2025-12-31,grocery,10,204.84,USD,United Kingdom
ORD-42-0004080,CUST-000221,2025-03-15,home,8,77.31,GBP,Rwanda
ORD-42-0004081,CUST-000159,2025-08-28,home,8,129.56,EUR,  Ghana  
ORD-42-0004082,CUST-000116,2025-11-25,sports,4,"241,60",KES,Ghana
ORD-42-0004083,CUST-000436,2025-06-08,electronics,1,"26,86",RWF,Germany
ORD-42-0004084,CUST-000101,2025-02-07,apparel,2,248.67,GBP,Rwanda
ORD-42-0004085,CUST-000116,2025-06-01,electronics,10,381.14,EUR,  Rwanda  
ORD-42-0004086,CUST-000076,2025-01-11,home,10,372.36,KES,United Kingdom
ORD-42-0004087,CUST-000370,2025-11-26,toys,4,258.3,EUR,Kenya
ORD-42-0004088,CUST-000236,2025-12-12,apparel,5,366.15,GBP,  Ghana  
,CUST-000141,2025-05-17,home,9,304.86,GBP,Germany
ORD-42-0004090,CUST-000221,2025-12-19,grocery,9,208.58,EUR,Kenya
ORD-42-0004091,CUST-000162,2025-11-29,electronics,8,207.36,USD,United Kingdom
ORD-42-0004092,CUST-000037,2025-05-05,sports,1,488.75,KES,Ghana
ORD-42-0004093,CUST-000046,2025-04-29,sports,4,480.55,EUR,United Kingdom
ORD-42-0004094,CUST-000304,2025-07-08,electronics,5,176.49,EUR,Ghana
ORD-42-0004095,CUST-000019,2025-02-26,electronics,9,397.6,KES,Rwanda
ORD-42-0004096,CUST-000177,2025-07-08,toys,2,364.73,USD,  Ghana  
ORD-42-0004097,CUST-000459,2025-05-15,home,5,359.44,KES,Germany
ORD-42-0004098,CUST-000343,2025-06-28,apparel,10,333.54,RWF,RWANDA
ORD-42-0004099,CUST-000332,2025-04-25,grocery,1,"26,24",USD,United Kingdom
ORD-42-0004100,,2025-12-26,sports,5,160.15,GBP,Rwanda
ORD-42-0004101,CUST-000277,2025-08-13,electronics,4,302.5,KES,Kenya
ORD-42-0004102,CUST-000092,2025-11-21,toys,1,340.81,KES,Germany
ORD-42-0004103,CUST-000202,2025-10-11,sports,1,120.04,GBP,United Kingdom
ORD-42-0004104,CUST-000284,2025-06-11,sports,5,314.54,USD,United States
ORD-42-0004105,CUST-000228,2025-04-03,toys,1,76.62,GBP,Kenya
ORD-42-0004106,CUST-000312,2025-01-09,home,2,485.44,RWF,Ghana
ORD-42-0004107,CUST-000355,2025-05-23,sports,10,104.12,EUR,united states
ORD-42-0004108,CUST-000122,2025-07-10,sports,7,66.94,USD,Kenya
ORD-42-0004109,CUST-000310,2025-05-07,home,5,425.15,KES,United Kingdom
ORD-42-0004110,CUST-000461,not-a-date,grocery,8,22.24,KES,United Kingdom
ORD-42-0004111,CUST-000248,2025-12-11,toys,3,21.47,USD,United Kingdom
ORD-42-0004112,CUST-000359,2025-02-21,electronics,9,419.71,GBP,Kenya
ORD-42-0004113,CUST-000041,2025-11-15,apparel,3,405.57,RWF,Rwanda
ORD-42-0004114,CUST-000050,2034-12-21,toys,5,277.22,KES,Rwanda
ORD-42-0004115,CUST-000176,2025-10-10,grocery,4,94.05,USD,Rwanda
ORD-42-0004116,CUST-000305,2025-01-31,grocery,1,148.34,RWF,United States
ORD-42-0004117,CUST-000345,2025-10-12,  apparel  ,1,157.46,KES,Germany
ORD-42-0004118,CUST-000348,2025-12-29,grocery,8,476.03,GBP,United States
ORD-42-0004756,CUST-000143,2025-08-03,grocery,1,431.91,EUR,  United States  
ORD-42-0004120,CUST-000459,2025-09-23,electronics,8,375.61,GBP,Germany
ORD-42-0004121,CUST-000382,2025-11-25,toys,10,170.14,EUR,United Kingdom
ORD-42-0004122,CUST-000140,2025-05-31,grocery,7,498.9,EUR,Germany
ORD-42-0004123,CUST-000093,2025-08-27,home,10,188.59,USD,Ghana
ORD-42-0004124,CUST-000119,2025-12-26,apparel,7,37.76,KES,Ghana
ORD-42-0004125,CUST-000009,2025-10-27,home,8,406.66,RWF,Rwanda
ORD-42-0004126,CUST-000111,2025-06-17,toys,7,25.16,USD,Germany
ORD-42-0004127,CUST-000122,2025-12-11,unobtainium,7,120.11,USD,Ghana
ORD-42-0004128,CUST-000023,2025-10-27,sports,9,443.66,USD,United States
ORD-42-0004129,CUST-000325,2025-05-27,home,1,312.3,KES,Rwanda
ORD-42-0004130,CUST-000006,2025-09-13,  toys  ,1,296.59,EUR,Rwanda
ORD-42-0004131,CUST-000413,2025-09-02,sports,1,72.44,EUR,Rwanda
ORD-42-0004132,CUST-000312,2025-08-20,home,3,344.59,RWF,Ghana
ORD-42-0004133,CUST-000292,2025-05-07,sports,10,183.97,USD,united kingdom
ORD-42-0004134,CUST-000333,2025-09-28,grocery,1,25.72,KES,Germany
ORD-42-0004135,CUST-000023,2025-10-25,grocery,-6,458.7,RWF,Ghana
ORD-42-0004136,CUST-000339,2025-07-21,home,5,490.76,KES,Kenya
ORD-42-0004137,CUST-000023,2025-07-22,home,9,481.36,GBP,United States
ORD-42-0004138,CUST-000147,2025-07-17,apparel,9,46.19,KES,Rwanda
,CUST-000323,2025-03-20,electronics,9,298.03,GBP,United States
ORD-42-0004140,CUST-000180,2025-04-05,apparel,5,443.27,GBP,
ORD-42-0004141,CUST-000204,2025-06-08,unobtainium,3,298.96,GBP,Kenya
ORD-42-0004142,CUST-000064,2025-04-24,toys,8,27.11,RWF,Germany
ORD-42-0004143,CUST-000007,2025-09-03,grocery,2,405.62,EUR,Ghana
ORD-42-0002465,CUST-000278,2025-05-30,electronics,8,$6.23,RWF,United States
ORD-42-0004145,CUST-000079,2025-05-31,grocery,1,66.41,GBP,Rwanda
ORD-42-0004146,CUST-000188,2025-04-18,home,1,36.43,EUR,United States
ORD-42-0004147,CUST-000003,2025-11-28,grocery,4,340.02,USD,Germany
ORD-42-0004148,CUST-000255,2025-11-14,home,7,27.93,KES,Germany
ORD-42-0004149,CUST-000293,2025-12-01,home,3,90.44,GBP,Rwanda
ORD-42-0004150,CUST-000108,2025-08-29,toys,6,154.49,KES,Ghana
ORD-42-0004151,CUST-000029,2025-01-03,grocery,5,366.23,GBP,Kenya
ORD-42-0004152,CUST-000050,2025-01-18,home,8,292.18,GBP,United States
ORD-42-0004153,CUST-000236,2025-10-30,toys,2,379.48,KES,UNITED STATES
ORD-42-0004154,CUST-000295,2025-04-04,grocery,7,482.25,GBP,United States
ORD-42-0004155,CUST-000208,2025-03-10,apparel,7,165.72,USD,  United Kingdom  
ORD-42-0004156,CUST-000121,2025-09-24,home,10,247.95,KES,germany
ORD-42-0004157,CUST-000203,2025-03-27,electronics,6,343.65,USD,Kenya
ORD-42-0004158,,2025-08-30,sports,8,423.93,USD,United Kingdom
ORD-42-0004159,CUST-000136,2025-08-29,electronics,2,"282,27",EUR,Rwanda
ORD-42-0004887,CUST-000309,2025-07-01,grocery,8,121.71,EUR,Kenya
ORD-42-0004161,CUST-000354,2025-01-05,toys,8,107.14,EUR,Kenya
ORD-42-0004162,CUST-000290,2025-06-08,home,5,20.92,KES,Kenya
ORD-42-0004163,CUST-000165,2025-09-01,apparel,7,"467,45",RWF,Germany
ORD-42-0004164,CUST-000317,2025-03-04,sports,3,129.89,RWF,Germany
ORD-42-0004165,CUST-000471,2025-09-02,toys,3,112.69,KES,Ghana
ORD-42-0004166,CUST-000334,2025-10-21,electronics,3,119.91,EUR,Rwanda
ORD-42-0004167,  CUST-000295  ,2025-11-14,home,1,33.56,KES,Kenya
ORD-42-0004168,CUST-000117,2025-10-04,toys,5,"147,37",EUR,Ghana
ORD-42-0004169,CUST-000254,2025-01-29,electronics,10,295.9,EUR,United Kingdom
ORD-42-0004170,  CUST-000005  ,2025-01-22,grocery,6,410.12,USD,Ghana
ORD-42-0004171,CUST-000432,2025-08-17,sports,6,64.29,RWF,Rwanda
ORD-42-0004172,CUST-000469,2025-05-20,home,7,284.63,KES,United Kingdom
ORD-42-0004173,CUST-000036,2025-09-20,toys,4,63.03,USD,United States
ORD-42-0004174,,2025-06-14,home,4,107.51,EUR,Kenya
ORD-42-0004175,  CUST-000397  ,2025-05-25,sports,3,456.89,RWF,Germany
ORD-42-0004176,CUST-000240,2025-05-07,apparel,4,469.68,RWF,United States
ORD-42-0004177,CUST-000260,2025-01-08,electronics,7,201.5,GBP,united states
ORD-42-0004178,CUST-000245,2025-12-18,grocery,1,104.46,GBP,Rwanda
ORD-42-0004179,CUST-000122,2025-06-22,electronics,6,307.57,EUR,United Kingdom
ORD-42-0004180,CUST-000258,2025-07-30,apparel,5,43.32,USD,
ORD-42-0004181,CUST-000243,2025-01-04,home,1,67.01,RWF,ghana
ORD-42-0004182,CUST-000010,2025-01-21,sports,7,237.15,GBP,United Kingdom
ORD-42-0004183,CUST-000086,2025-05-27,grocery,7,69.72,KES,Rwanda
ORD-42-0004184,CUST-000432,2025-05-26,apparel,1,421.54,EUR,United States
ORD-42-0004185,CUST-000208,2025-09-26,toys,6,317.51,RWF,Ghana
ORD-42-0004186,CUST-000485,2025-06-05,sports,2,142.08,RWF,Ghana
ORD-42-0004187,CUST-000162,2025-03-03,grocery,10,105.22,KES,Kenya
ORD-42-0004188,CUST-000301,2025-01-09,toys,8,374.53,KES,United States
ORD-42-0004189,CUST-000143,2025-03-01,electronics,5,299.77,KES,Germany
ORD-42-0004190,CUST-000018,2025-03-06,sports,10,444.48,GBP,Rwanda
ORD-42-0004191,CUST-000444,2025-08-10,toys,4,72.32,RWF,Germany
ORD-42-0004192,CUST-000152,2025-09-13,apparel,3,372.91,KES,Ghana
ORD-42-0004193,CUST-000458,2025-06-20,electronics,3,51.32,KES,United Kingdom
ORD-42-0004194,CUST-000361,2025-04-03,sports,2,330.61,USD,Ghana
ORD-42-0004195,CUST-000316,2025-08-07,toys,6,114.76,USD,Rwanda
ORD-42-0004196,CUST-000359,2025-11-25,apparel,8,219.03,EUR,Kenya
ORD-42-0004197,CUST-000466,2025-09-25,toys,9,351.9,GBP,GERMANY
ORD-42-0004198,CUST-000154,2025-10-05,sports,3,171.16,RWF,United States
ORD-42-0004199,CUST-000259,2025-01-10,grocery,2,423.78,KES,United Kingdom
ORD-42-0004200,CUST-000073,2025-10-28,apparel,8,263.4,KES,United States
ORD-42-0004201,CUST-000248,2025-12-03,home,9,486.29,GBP,Rwanda
ORD-42-0004202,CUST-000199,2025-04-09,electronics,7,349.07,EUR,United States
ORD-42-0004203,CUST-000371,2025-08-24,toys,6,201.01,RWF,United States
ORD-42-0004204,CUST-000295,2025-03-01,unobtainium,5,196.32,GBP,
ORD-42-0004205,CUST-000220,2025-01-15,grocery,10,135.4,RWF,Kenya
ORD-42-0004206,CUST-000453,2025-01-19,toys,4,485.56,KES,Germany
ORD-42-0004207,CUST-000079,2025-09-20,grocery,2,26.3,KES,Rwanda
ORD-42-0004208,CUST-000294,2025-10-21,grocery,2,192.71,EUR,Rwanda
ORD-42-0004209,CUST-000051,2025-06-01,home,6,450.53,RWF,United States
ORD-42-0004210,CUST-000260,2025-06-07,home,6,250.13,KES,Germany
ORD-42-0000416,CUST-000166,2025-07-18,home,8,176.68,EUR,Ghana
ORD-42-0004212,CUST-000241,2025-05-26,home,1,4.42,RWF,United Kingdom
ORD-42-0004213,CUST-000229,2025-07-13,toys,7,404.37,EUR,Ghana
ORD-42-0004214,CUST-000350,2025-12-03,home,2,207.95,GBP,Ghana
ORD-42-0004215,CUST-000167,2025-11-08,apparel,3,"446,00",GBP,Ghana
ORD-42-0004216,  CUST-000036  ,2025-04-14,toys,10,236.68,GBP,Rwanda
ORD-42-0004217,CUST-000074,2025-09-20,apparel,9,203.86,KES,Germany
ORD-42-0004218,CUST-000009,2025-04-14,apparel,6,410.47,USD,  United States  
ORD-42-0004219,CUST-000033,2025-05-15,electronics,4,204.7,USD,United Kingdom
ORD-42-0004220,CUST-000153,2025-08-17,apparel,4,256.83,RWF,Rwanda
ORD-42-0004221,CUST-000089,2025-12-09,sports,6,365.93,KES,United Kingdom
ORD-42-0004222,CUST-000377,2025-04-03,apparel,1,491.58,GBP,United States
ORD-42-0004223,CUST-000036,2025-09-15,  home  ,10,7.05,RWF,United States
ORD-42-0004224,CUST-000034,2025-02-25,grocery,10,242.91,KES,Germany
ORD-42-0004225,CUST-000070,2025-08-15,home,3,278.06,USD,Kenya
ORD-42-0004226,CUST-000186,2025-06-16,toys,5,263.79,GBP,Ghana
ORD-42-0004227,CUST-000469,2025-12-11,grocery,4,177.61,RWF,United States
ORD-42-0004228,CUST-000252,2025-08-01,toys,1,286.95,RWF,United States
ORD-42-0004229,CUST-000328,2025-09-09,toys,5,338.74,GBP,United Kingdom
ORD-42-0004230,CUST-000425,2025-02-14,toys,1,71.04,RWF,Rwanda
ORD-42-0004231,CUST-000087,2025-02-20,home,5,74.42,USD,Kenya
ORD-42-0004232,CUST-000497,2025-11-16,home,9,$300.63,EUR,Ghana
ORD-42-0004233,CUST-000267,2025-08-11,toys,1,234.85,GBP,Kenya
ORD-42-0004234,CUST-000021,2025-09-07,electronics,10,372.31,RWF,Germany
ORD-42-0004235,CUST-000147,2025-04-04,grocery,8,181.92,GBP,Rwanda
ORD-42-0004236,CUST-000337,2025-07-27,electronics,9,449.78,GBP,United States
ORD-42-0004237,CUST-000268,2025-10-12,apparel,1,250.93,EUR,United Kingdom
ORD-42-0004238,CUST-000164,2025-02-07,  toys  ,7,348.47,GBP,Rwanda
ORD-42-0004239,,2025-05-31,apparel,4,323.7,EUR,Kenya
ORD-42-0004240,CUST-000498,2025-05-27,electronics,6,361.56,RWF,United States
ORD-42-0004241,CUST-000319,2025-08-11,  apparel  ,8,210.58,RWF,Ghana
ORD-42-0004242,CUST-000476,2025-04-12,apparel,2,424.8,RWF,Kenya
ORD-42-0004243,CUST-000359,2025-12-31,grocery,-7,91.71,KES,Kenya
ORD-42-0004244,  CUST-000337  ,2025-02-07,sports,2,186.39,KES,Rwanda
ORD-42-0004245,CUST-000240,2025-03-31,toys,3,148.16,EUR,Germany
ORD-42-0004246,CUST-000422,2025-06-30,home,10,156.89,KES,United Kingdom
ORD-42-0004247,CUST-000304,2025-12-21,grocery,3,"118,55",RWF,United States
ORD-42-0004248,CUST-000074,2025-09-11,sports,8,60.4,KES,United Kingdom
ORD-42-0004249,CUST-000485,2025-03-11,electronics,3,442.07,EUR,Germany
ORD-42-0004250,  CUST-000348  ,2025-03-14,electronics,1,354.51,RWF,Ghana
ORD-42-0004251,CUST-000422,2025-08-15,sports,9,"314,22",RWF,Rwanda
ORD-42-0004252,CUST-000344,2025-03-25,home,8,492.23,KES,Ghana
ORD-42-0004253,CUST-000361,2025-08-22,electronics,8,210.94,GBP,Ghana
ORD-42-0004254,  CUST-000104  ,2025-03-04,toys,2,494.43,KES,United Kingdom
ORD-42-0004255,CUST-000320,2025-01-16,electronics,8,374.72,RWF,United Kingdom
ORD-42-0004256,CUST-000034,2025-07-05,toys,2,160.88,KES,Rwanda
ORD-42-0004257,CUST-000286,2025-03-10,home,6,255.45,KES,United States
ORD-42-0004258,CUST-000322,2025-06-16,apparel,7,413.56,EUR,United Kingdom
ORD-42-0004259,CUST-000135,2025-03-26,toys,8,206.1,KES,Rwanda
ORD-42-0004260,CUST-000441,2025-10-14,electronics,8,199.9,EUR,Kenya
ORD-42-0004261,CUST-000304,2025-06-11,sports,2,91.02,KES,Rwanda
ORD-42-0004262,CUST-000324,2025-07-15,sports,2,274.04,KES,
ORD-42-0004263,CUST-000080,2025-03-17,sports,9,261.97,RWF,United States
ORD-42-0004264,CUST-000402,2025-11-12,toys,3,407.92,USD,United States
ORD-42-0004265,CUST-000424,2025-04-26,electronics,7,194.62,KES,Rwanda
ORD-42-0004266,CUST-000448,2025-11-02,electronics,8,293.48,EUR,Germany
ORD-42-0004267,CUST-000400,2025-10-18,toys,9,72.85,KES,United Kingdom
ORD-42-0004268,CUST-000458,2025-09-05,apparel,5,452.74,KES,United States
ORD-42-0004269,CUST-000477,2025-05-23,sports,5,304.13,RWF,Rwanda
ORD-42-0004270,CUST-000125,2025-01-01,home,-1,210.94,GBP,Germany
ORD-42-0004271,CUST-000262,2025-02-21,unobtainium,9,391.69,EUR,Kenya
ORD-42-0004272,CUST-000174,2025-07-04,sports,8,7.62,RWF,Germany
ORD-42-0004273,CUST-000121,2025-11-11,apparel,4,50.97,GBP,Ghana
ORD-42-0004274,CUST-000324,2025-12-11,sports,6,$220.55,USD,Ghana
ORD-42-0004275,CUST-000066,2025-02-06,electronics,9,239.74,KES,United States
ORD-42-0004276,CUST-000450,2025-09-10,toys,5,355.74,GBP,Ghana
ORD-42-0004277,CUST-000023,2025-07-26,home,9,269.16,USD,Rwanda
ORD-42-0004278,CUST-000160,2025-11-30,home,8,475.54,USD,Kenya
ORD-42-0004279,CUST-000480,2025-09-07,sports,6,425.57,EUR,Germany
ORD-42-0004280,CUST-000275,2025-05-19,electronics,6,$314.26,RWF,United Kingdom
ORD-42-0004281,CUST-000309,2025-11-24,sports,1,291.81,RWF,Germany
ORD-42-0002983,CUST-000317,2025-05-18,toys,1,436.98,EUR,Kenya
ORD-42-0004283,CUST-000328,2025-07-31,sports,5,179.22,KES,Ghana
ORD-42-0004284,CUST-000135,2025-06-05,grocery,10,405.29,USD,Kenya
ORD-42-0004285,CUST-000420,2025-05-30,sports,7,476.94,USD,Rwanda
ORD-42-0004286,CUST-000222,2025-09-12,apparel,10,160.33,EUR,Germany
ORD-42-0004287,CUST-000260,2025-01-28,apparel,2,178.18,RWF,Ghana
ORD-42-0004288,CUST-000232,2025-01-05,apparel,10,455.1,EUR,United States
ORD-42-0004289,CUST-000225,2025-09-04,electronics,9,197.36,KES,United States
ORD-42-0004290,CUST-000107,2025-01-03,electronics,3,282.9,USD,Ghana
ORD-42-0004291,CUST-000287,2025-06-27,sports,5,321.62,EUR,Kenya
ORD-42-0004292,CUST-000090,2025-08-01,electronics,7,427.41,GBP,RWANDA
ORD-42-0004293,CUST-000282,2025-07-08,sports,5,269.23,KES,germany
ORD-42-0004294,CUST-000409,2025-06-16,electronics,8,455.28,GBP,Ghana
ORD-42-0004295,CUST-000407,2025-06-19,grocery,5,195.0,USD,Ghana
ORD-42-0004296,CUST-000381,2025-02-12,toys,6,272.84,USD,United States
ORD-42-0004297,CUST-000250,2025-08-17,sports,10,$58.34,USD,Germany
ORD-42-0004298,CUST-000002,2025-07-13,electronics,3,448.88,USD,United Kingdom
ORD-42-0004299,CUST-000341,2025-11-14,grocery,10,276.35,GBP,Rwanda
ORD-42-0004300,CUST-000117,2025-08-01,home,8,193.92,USD,United States
ORD-42-0004301,CUST-000303,2025-08-24,toys,4,347.3,RWF,Ghana
ORD-42-0004302,CUST-000014,2025-10-28,toys,3,268.47,GBP,United States
ORD-42-0004303,CUST-000327,2025-08-31,apparel,1,406.14,RWF,United States
ORD-42-0004304,CUST-000179,2025-12-17,toys,10,192.85,EUR,
ORD-42-0004305,CUST-000286,2025-09-27,grocery,7,226.76,USD,United Kingdom
ORD-42-0004306,CUST-000383,2025-06-22,  grocery  ,7,218.32,USD,Rwanda
ORD-42-0004307,CUST-000072,2025-07-25,sports,7,457.72,GBP,Kenya
ORD-42-0004308,CUST-000416,2035-11-06,apparel,3,67.69,EUR,Ghana
ORD-42-0004309,CUST-000315,2025-03-06,unobtainium,1,37.11,EUR,United States
ORD-42-0004310,CUST-000225,2025-05-30,toys,4,445.66,RWF,Ghana
ORD-42-0004311,CUST-000317,2025-12-24,electronics,8,432.26,KES,Rwanda
ORD-42-0004312,CUST-000168,2025-10-17,sports,5,138.76,RWF,Rwanda
ORD-42-0004313,CUST-000141,2025-08-04,electronics,10,82.94,EUR,Ghana
ORD-42-0004314,CUST-000033,2025-05-12,home,7,454.07,RWF,Ghana
ORD-42-0004315,CUST-000072,2025-06-23,electronics,2,275.24,EUR,Germany
ORD-42-0004316,CUST-000385,2025-10-28,grocery,4,34.18,KES,GHANA
ORD-42-0004317,CUST-000377,2025-02-06,grocery,10,317.22,GBP,United Kingdom
ORD-42-0004318,CUST-000389,2025-10-13,sports,3,243.5,RWF,Germany
ORD-42-0004319,CUST-000436,2025-08-20,electronics,5,304.32,USD,Kenya
ORD-42-0004320,CUST-000475,2025-03-27,home,1,486.43,GBP,Ghana
ORD-42-0004321,CUST-000033,2025-09-17,home,5,462.75,GBP,United Kingdom
ORD-42-0004322,,2025-04-30,apparel,3,267.19,KES,Kenya
ORD-42-0004323,CUST-000294,2026-01-01,home,8,377.76,EUR,Rwanda
ORD-42-0004324,CUST-000130,2025-07-01,home,7,365.88,USD,Ghana
ORD-42-0004325,CUST-000352,2025-04-30,home,10,414.9,EUR,Ghana
ORD-42-0004326,CUST-000048,2025-11-04,home,10,229.54,KES,
ORD-42-0004327,CUST-000302,2025-07-23,apparel,2,67.87,USD,Ghana
ORD-42-0004328,CUST-000008,2025-03-09,home,5,122.69,RWF,United States
ORD-42-0004329,CUST-000223,2025-05-29,electronics,9,97.97,KES,Ghana
ORD-42-0004330,CUST-000258,2025-12-06,electronics,2,361.82,KES,Germany
ORD-42-0004331,CUST-000495,2025-08-30,electronics,5,103.86,USD,Ghana
ORD-42-0004332,CUST-000048,2025-11-29,home,4,217.13,KES,
ORD-42-0003809,CUST-000088,2025-02-12,electronics,1,243.46,KES,Rwanda
ORD-42-0004334,,2025-05-13,electronics,1,307.95,RWF,United States
ORD-42-0004335,CUST-000269,2025-07-22,grocery,5,65.31,RWF,Rwanda
ORD-42-0004336,CUST-000209,2025-02-07,toys,1,72.25,RWF,United Kingdom
ORD-42-0004337,CUST-000337,2025-09-22,apparel,2,186.77,GBP,Kenya
ORD-42-0004338,CUST-000362,2025-09-23,electronics,7,17.59,EUR,Kenya
ORD-42-0004339,CUST-000028,2025-09-29,toys,7,437.27,GBP,United States
ORD-42-0004340,CUST-000010,2025-01-21,home,3,84.93,USD,Rwanda
ORD-42-0004341,CUST-000149,2025-10-15,electronics,7,205.02,USD,Rwanda
ORD-42-0004342,CUST-000162,2025-11-24,home,6,369.53,KES,Kenya
ORD-42-0004343,CUST-000010,2025-11-14,grocery,7,446.53,EUR,United States
ORD-42-0004344,,2025-10-21,apparel,3,426.59,GBP,Rwanda
ORD-42-0004345,CUST-000017,2025-07-22,apparel,10,66.12,EUR,RWANDA
ORD-42-0004346,CUST-000191,2025-06-22,unobtainium,1,48.71,KES,rwanda
ORD-42-0004347,CUST-000436,2025-11-24,electronics,4,128.76,GBP,Kenya
ORD-42-0004348,CUST-000115,not-a-date,electronics,4,114.68,EUR,Ghana
ORD-42-0004349,CUST-000093,2025-04-12,grocery,2,$398.51,EUR,Kenya
ORD-42-0002174,CUST-000376,2025-03-01,home,6,416.37,RWF,United States
ORD-42-0004351,CUST-000146,2025-07-15,apparel,-4,152.84,KES,Germany
ORD-42-0004352,CUST-000153,2025-08-02,toys,8,214.67,USD,Kenya
ORD-42-0004353,CUST-000136,2025-03-09,toys,7,215.27,GBP,Kenya
ORD-42-0004354,CUST-000382,2025-12-05,sports,10,475.43,EUR,Germany
ORD-42-0004355,CUST-000385,2025-05-14,sports,8,312.93,EUR,Ghana
ORD-42-0004356,CUST-000339,2025-03-14,toys,6,89.5,RWF,Kenya
ORD-42-0004357,CUST-000183,2025-06-08,electronics,6,344.49,RWF,
ORD-42-0004358,CUST-000190,2025-07-15,toys,2,134.49,RWF,Kenya
ORD-42-0004359,CUST-000190,2025-08-28,sports,9,31.23,RWF,Germany
ORD-42-0004360,  CUST-000154  ,2025-11-09,home,8,391.6,GBP,Kenya
ORD-42-0004361,CUST-000128,2025-06-08,toys,6,80.47,RWF,Ghana
ORD-42-0004362,CUST-000473,2025-06-14,grocery,6,333.79,GBP,kenya
ORD-42-0004363,,2025-03-10,sports,7,64.51,KES,United Kingdom
ORD-42-0004364,CUST-000455,2025-07-12,sports,4,$77.89,EUR,United States
ORD-42-0004365,CUST-000387,2025-06-17,grocery,10,76.22,USD,Ghana
ORD-42-0004366,CUST-000244,2025-11-21,apparel,8,431.84,RWF,Kenya
ORD-42-0004367,CUST-000382,2025-02-15,toys,4,162.67,EUR,United States
ORD-42-0004368,CUST-000147,2025-06-05,toys,6,250.61,RWF,Kenya
ORD-42-0004369,CUST-000343,2025-03-12,electronics,7,392.61,RWF,United States
ORD-42-0004370,CUST-000276,2025-10-18,  home  ,10,235.72,EUR,United Kingdom
ORD-42-0004371,CUST-000312,2028-12-11,sports,2,208.22,GBP,Kenya
ORD-42-0004372,CUST-000345,2025-04-20,electronics,2,197.43,KES,United States
ORD-42-0004373,CUST-000101,2025-01-11,grocery,2,15.58,USD,Germany
ORD-42-0004374,CUST-000413,2025-09-17,grocery,3,190.39,RWF,United States
,CUST-000086,2025-12-30,electronics,-5,$268.62,RWF,Germany
ORD-42-0004376,CUST-000491,2025-03-24,sports,1,278.41,EUR,Germany
ORD-42-0004377,CUST-000375,2025-08-14,toys,4,59.79,USD,Ghana
ORD-42-0004378,CUST-000204,2025-09-23,toys,5,391.72,RWF,Germany
ORD-42-0004379,CUST-000095,2025-07-20,sports,5,419.33,KES,United States
ORD-42-0004380,CUST-000085,2025-06-17,sports,5,172.89,RWF,Kenya
ORD-42-0004381,CUST-000470,2025-09-26,toys,2,230.54,KES,United Kingdom
ORD-42-0004382,CUST-000323,2025-08-01,electronics,4,198.31,KES,Ghana
ORD-42-0004383,CUST-000259,2025-01-26,electronics,2,91.58,RWF,United States
ORD-42-0004384,CUST-000467,2025-06-19,sports,5,284.01,USD,United Kingdom
ORD-42-0004385,CUST-000210,2025-05-15,sports,1,206.44,KES,Kenya
ORD-42-0004386,CUST-000112,2025-07-17,apparel,10,56.36,USD,Germany
ORD-42-0004387,CUST-000056,2025-10-07,home,10,14.74,RWF,United States
ORD-42-0004388,CUST-000127,2025-03-17,toys,5,365.96,USD,Rwanda
ORD-42-0004389,CUST-000100,2025-09-08,apparel,5,$486.06,EUR,Germany
ORD-42-0004390,CUST-000470,2025-01-26,grocery,8,328.74,EUR,United States
ORD-42-0004391,CUST-000141,2025-04-03,electronics,5,23.75,KES,United Kingdom
,CUST-000409,2025-01-13,home,2,364.46,USD,Germany
ORD-42-0002931,CUST-000253,2025-02-28,apparel,1,37.88,GBP,United Kingdom
ORD-42-0004394,CUST-000047,2025-11-09,grocery,1,487.68,KES,United States
ORD-42-0004395,CUST-000364,not-a-date,sports,2,386.06,USD,Ghana
ORD-42-0004396,  CUST-000336  ,2025-10-11,electronics,3,265.29,RWF,
ORD-42-0004397,CUST-000475,2025-11-02,grocery,9,499.63,USD,United Kingdom
ORD-42-0004398,,2025-12-12,apparel,5,73.05,EUR,Ghana
ORD-42-0004399,CUST-000257,2025-07-17,home,9,131.31,EUR,Rwanda
ORD-42-0004400,CUST-000108,2025-07-22,apparel,2,213.31,RWF,United Kingdom
ORD-42-0004401,CUST-000344,2025-11-13,grocery,10,50.74,KES,
ORD-42-0004402,CUST-000031,2025-11-22,home,8,50.34,USD,Germany
ORD-42-0004403,CUST-000060,not-a-date,apparel,2,291.9,GBP,
ORD-42-0001425,CUST-000070,2025-07-30,grocery,1,81.62,KES,United Kingdom
ORD-42-0004405,CUST-000412,2025-01-31,electronics,5,46.92,EUR,United Kingdom
ORD-42-0004406,CUST-000236,2025-02-12,home,6,69.22,RWF,United States
ORD-42-0004407,CUST-000039,2025-02-24,apparel,7,238.74,KES,Ghana
ORD-42-0004408,CUST-000252,2025-06-21,home,7,$94.57,USD,Kenya
ORD-42-0004409,CUST-000284,2025-11-22,electronics,-8,151.53,USD,United States
ORD-42-0004410,CUST-000195,2025-10-31,toys,5,85.49,EUR,Rwanda
ORD-42-0004411,CUST-000179,2025-08-09,electronics,2,355.28,USD,Ghana
ORD-42-0004412,CUST-000112,2025-07-16,electronics,7,"298,81",RWF,United States
ORD-42-0004413,CUST-000095,2025-06-17,electronics,7,274.39,GBP,Ghana
ORD-42-0004414,CUST-000086,2025-07-20,apparel,8,370.06,USD,Rwanda
ORD-42-0004415,,2025-02-11,home,5,243.79,USD,United States
ORD-42-0004416,CUST-000239,2025-03-09,toys,10,352.69,GBP,United Kingdom
ORD-42-0000029,,2025-07-02,grocery,7,302.65,KES,
ORD-42-0004418,,not-a-date,apparel,1,$16.28,USD,United Kingdom
ORD-42-0004419,CUST-000322,2025-01-08,sports,6,216.91,GBP,United States
ORD-42-0004420,CUST-000470,2025-06-10,apparel,6,182.67,KES,Ghana
ORD-42-0004421,CUST-000454,2025-10-19,apparel,8,319.44,USD,Germany
ORD-42-0004422,CUST-000080,2025-06-16,grocery,3,380.45,GBP,Germany
ORD-42-0004423,CUST-000188,2025-12-19,home,7,"437,11",RWF,Rwanda
ORD-42-0004424,CUST-000340,2025-12-11,electronics,-5,429.65,GBP,Rwanda
ORD-42-0004425,CUST-000430,not-a-date,unobtainium,7,255.11,RWF,Kenya
ORD-42-0004426,CUST-000134,2025-12-12,sports,9,223.09,USD,Rwanda
ORD-42-0004427,CUST-000002,2025-02-09,grocery,7,271.21,USD,United States
ORD-42-0000203,CUST-000140,2025-11-11,grocery,3,268.61,USD,Germany
ORD-42-0004429,CUST-000209,2025-10-07,apparel,9,360.34,USD,Ghana
ORD-42-0004430,CUST-000446,2025-01-29,apparel,3,115.45,KES,Kenya
ORD-42-0004431,CUST-000093,2025-10-04,toys,3,142.67,KES,Ghana
ORD-42-0004432,CUST-000242,2031-04-20,apparel,9,97.11,KES,United Kingdom
ORD-42-0004433,CUST-000305,2025-08-02,electronics,1,137.19,USD,
ORD-42-0004434,CUST-000385,2025-03-24,home,8,303.06,USD,Kenya
ORD-42-0004435,CUST-000191,2025-11-10,sports,2,468.07,GBP,United States
ORD-42-0004436,CUST-000016,2025-07-25,apparel,6,483.62,RWF,Kenya
ORD-42-0004437,CUST-000085,2025-02-06,toys,10,66.49,USD,Germany
ORD-42-0004438,CUST-000149,2025-11-02,sports,6,478.29,KES,Rwanda
ORD-42-0004439,CUST-000307,2025-05-09,toys,4,15.58,KES,Rwanda
ORD-42-0004440,CUST-000436,2025-11-25,electronics,5,52.06,GBP,United States
ORD-42-0003274,CUST-000483,2025-07-17,  apparel  ,5,39.52,GBP,Kenya
ORD-42-0004442,CUST-000403,2025-04-15,electronics,5,144.67,KES,Germany
ORD-42-0004443,CUST-000410,2025-05-14,home,3,275.75,EUR,Rwanda
ORD-42-0004444,CUST-000329,2025-04-15,sports,9,"463,24",EUR,Rwanda
ORD-42-0004445,CUST-000198,2025-09-10,home,-8,490.69,KES,United States
ORD-42-0004446,CUST-000364,2025-12-20,sports,4,232.86,KES,Rwanda
ORD-42-0004447,CUST-000342,2025-10-19,electronics,4,412.13,KES,United States
ORD-42-0004448,CUST-000464,2025-05-19,home,4,411.19,RWF,United Kingdom
ORD-42-0004449,CUST-000295,2025-12-25,home,6,276.72,GBP,Germany
ORD-42-0004969,CUST-000402,2025-06-25,toys,10,153.72,USD,United Kingdom
ORD-42-0004451,CUST-000389,2025-08-12,apparel,10,"447,50",USD,Germany
ORD-42-0004452,CUST-000309,2025-05-26,toys,1,345.05,GBP,Kenya
ORD-42-0004453,CUST-000267,2025-02-24,toys,7,8.37,USD,United States
ORD-42-0004454,CUST-000025,2025-06-17,home,7,230.39,EUR,Germany
ORD-42-0004455,CUST-000388,2025-08-15,home,8,446.95,USD,Germany
ORD-42-0004456,CUST-000163,2025-10-20,grocery,7,47.52,EUR,Germany
ORD-42-0004457,CUST-000340,2025-03-21,electronics,5,294.29,KES,Rwanda
ORD-42-0004458,CUST-000072,2025-07-02,apparel,1,256.5,EUR,Germany
ORD-42-0004459,CUST-000371,2025-06-11,toys,10,81.2,KES,Germany
ORD-42-0004460,CUST-000152,2025-08-17,unobtainium,8,387.16,RWF,
ORD-42-0004461,CUST-000166,2025-12-28,toys,5,$337.98,EUR,United States
ORD-42-0004462,CUST-000073,2025-08-26,apparel,4,151.44,USD,Rwanda
ORD-42-0004463,CUST-000141,2025-11-22,grocery,3,154.6,GBP,Ghana
,CUST-000127,2025-06-12,toys,2,164.49,GBP,Ghana
ORD-42-0004465,CUST-000235,2025-08-10,toys,1,192.7,RWF,United Kingdom
ORD-42-0004466,CUST-000415,2025-06-22,electronics,3,139.5,GBP,Germany
,CUST-000032,2025-09-01,apparel,4,328.92,KES,Ghana
ORD-42-0004468,CUST-000346,2025-02-28,home,6,91.46,EUR,Rwanda
ORD-42-0004469,CUST-000165,2025-02-08,  toys  ,3,263.16,EUR,Rwanda
ORD-42-0004470,CUST-000144,2025-12-22,apparel,10,218.11,EUR,United States
ORD-42-0004471,CUST-000317,2025-02-28,electronics,8,79.81,RWF,Ghana
ORD-42-0004472,CUST-000488,2025-10-13,toys,3,414.78,USD,Ghana
ORD-42-0004473,CUST-000045,2025-06-07,grocery,-9,463.88,EUR,Rwanda
ORD-42-0004474,CUST-000184,2025-01-16,apparel,10,88.87,RWF,Germany
ORD-42-0004475,CUST-000310,2025-09-16,grocery,1,198.71,EUR,Ghana
ORD-42-0004476,CUST-000385,2025-12-16,apparel,2,419.66,KES,Kenya
ORD-42-0004477,CUST-000257,2025-12-09,home,9,390.34,GBP,Rwanda
ORD-42-0004478,CUST-000095,2025-10-16,electronics,7,48.51,KES,Rwanda
ORD-42-0004479,CUST-000055,2025-03-12,apparel,4,106.61,KES,Kenya
ORD-42-0004480,CUST-000251,2025-02-26,grocery,2,302.25,USD,Rwanda
ORD-42-0004481,CUST-000331,2025-12-21,apparel,10,324.37,RWF,Rwanda
ORD-42-0004482,CUST-000193,2025-10-19,apparel,6,188.91,GBP,United States
ORD-42-0004483,CUST-000253,2025-11-30,toys,6,177.59,KES,Ghana
ORD-42-0004484,CUST-000002,2025-05-16,toys,10,406.14,EUR,Kenya
ORD-42-0004485,CUST-000001,2025-08-08,home,4,69.22,EUR,Rwanda
ORD-42-0004486,CUST-000493,2025-06-18,sports,8,233.27,KES,
ORD-42-0004487,CUST-000146,2025-07-16,grocery,5,221.1,GBP,Kenya
ORD-42-0004488,CUST-000228,2025-12-26,sports,-2,307.85,GBP,Kenya
ORD-42-0004489,CUST-000347,2025-02-21,sports,2,460.08,RWF,Germany
ORD-42-0004490,CUST-000220,2025-05-31,sports,7,170.65,GBP,Kenya
ORD-42-0004491,CUST-000338,2025-05-05,sports,7,34.38,USD,United Kingdom
ORD-42-0004492,CUST-000082,2025-03-24,unobtainium,6,238.92,USD,Germany
ORD-42-0004493,CUST-000340,2025-11-25,sports,10,30.88,EUR,Kenya
ORD-42-0004494,CUST-000036,2025-01-21,electronics,7,239.75,KES,United States
ORD-42-0004495,CUST-000475,2025-05-20,electronics,7,314.97,RWF,United States
ORD-42-0004496,CUST-000219,2025-09-19,home,4,68.61,EUR,United States
ORD-42-0004497,CUST-000249,2025-10-30,toys,6,293.3,USD,Kenya
ORD-42-0004498,CUST-000194,2025-02-10,toys,5,323.91,GBP,Germany
ORD-42-0004499,CUST-000113,2025-04-22,electronics,2,"143,75",EUR,
ORD-42-0004500,CUST-000160,2025-09-25,electronics,1,15.43,EUR,Germany
ORD-42-0004501,CUST-000426,2025-07-13,apparel,10,376.42,KES,United States
ORD-42-0004502,CUST-000077,2025-08-30,sports,2,104.38,GBP,Germany
ORD-42-0004503,,2025-03-01,sports,9,425.88,RWF,United Kingdom
ORD-42-0004504,CUST-000107,2025-10-29,grocery,9,357.09,USD,  Germany  
ORD-42-0004505,CUST-000338,2025-03-24,  apparel  ,8,206.95,KES,Rwanda
ORD-42-0004506,CUST-000452,2025-07-11,apparel,9,"70,59",USD,Rwanda
ORD-42-0004507,CUST-000399,2025-08-14,sports,1,407.45,GBP,Kenya
ORD-42-0001331,CUST-000359,2025-05-27,grocery,5,$92.81,RWF,Kenya
ORD-42-0004509,CUST-000447,2025-06-27,electronics,3,244.44,GBP,Ghana
ORD-42-0004510,CUST-000483,2025-07-09,apparel,4,245.02,GBP,United States
ORD-42-0004511,CUST-000201,2025-07-25,grocery,10,235.16,RWF,Ghana
ORD-42-0004512,CUST-000271,2025-05-21,  toys  ,5,"294,75",EUR,Kenya
ORD-42-0004513,CUST-000143,2025-03-12,home,6,415.4,USD,Ghana
ORD-42-0004514,CUST-000209,2025-02-15,apparel,6,3.9,RWF,United Kingdom
ORD-42-0004515,CUST-000067,2025-03-17,grocery,6,"192,16",GBP,Rwanda
ORD-42-0004516,CUST-000074,2025-01-22,  electronics  ,7,383.19,RWF,germany
ORD-42-0004517,CUST-000365,2025-04-24,apparel,10,472.38,GBP,United States
ORD-42-0004518,CUST-000012,2025-02-21,grocery,10,389.04,GBP,United States
ORD-42-0004519,CUST-000450,2025-08-17,apparel,2,66.36,USD,  Ghana  
ORD-42-0004520,CUST-000224,2025-01-30,home,1,93.84,EUR,Ghana
ORD-42-0004521,CUST-000458,2025-04-24,grocery,9,"492,00",USD,Ghana
,CUST-000467,2025-07-09,grocery,10,232.36,EUR,Ghana
ORD-42-0004523,CUST-000060,2025-04-10,home,1,230.02,EUR,Kenya
ORD-42-0004524,CUST-000333,2025-02-23,toys,3,"47,71",RWF,United Kingdom
ORD-42-0004525,CUST-000349,2025-10-20,apparel,4,222.91,EUR,United States
ORD-42-0004526,CUST-000029,2025-03-17,sports,5,159.01,RWF,Germany
ORD-42-0004527,CUST-000205,2025-05-19,electronics,7,99.37,EUR,United States
ORD-42-0004528,CUST-000072,2025-04-10,grocery,4,3.17,USD,Kenya
ORD-42-0004529,CUST-000453,2025-10-16,electronics,1,445.78,KES,Ghana
ORD-42-0004530,CUST-000258,2025-08-17,apparel,7,408.74,KES,Kenya
ORD-42-0004531,CUST-000105,2025-09-15,grocery,8,338.17,RWF,Rwanda
ORD-42-0004222,,2025-04-16,  apparel  ,9,303.02,RWF,United States
ORD-42-0004533,CUST-000379,2025-02-09,electronics,4,$191.21,GBP,United States
ORD-42-0004534,CUST-000347,2025-08-25,toys,5,$445.44,KES,Kenya
ORD-42-0004535,CUST-000013,2025-03-20,home,7,140.69,USD,Rwanda
ORD-42-0004536,CUST-000444,2025-09-27,apparel,5,311.19,USD,United Kingdom
ORD-42-0004537,,2025-09-13,home,1,412.61,USD,Rwanda
ORD-42-0004538,CUST-000056,2025-07-16,  home  ,7,55.75,GBP,United Kingdom
ORD-42-0004539,CUST-000367,2025-01-13,sports,1,270.91,USD,Kenya
ORD-42-0004540,CUST-000488,2025-04-08,unobtainium,9,288.96,USD,GHANA
ORD-42-0004541,CUST-000131,2025-02-09,electronics,1,141.64,GBP,Kenya
ORD-42-0004542,CUST-000033,2025-07-07,grocery,7,446.92,GBP,Rwanda
ORD-42-0003622,CUST-000352,2025-09-14,home,4,261.7,USD,Ghana
ORD-42-0004544,CUST-000264,2025-02-05,apparel,8,155.84,GBP,Ghana
ORD-42-0004545,CUST-000259,2025-12-07,apparel,1,312.61,USD,Rwanda
ORD-42-0004546,CUST-000473,2025-06-09,toys,6,191.34,RWF,Rwanda
ORD-42-0004547,CUST-000250,2025-05-16,toys,5,19.01,KES,Rwanda
ORD-42-0004548,CUST-000080,2025-05-10,sports,2,$202.99,KES,United Kingdom
ORD-42-0004549,CUST-000356,2025-03-21,sports,4,242.38,USD,Germany
ORD-42-0004550,CUST-000048,2025-11-08,home,9,463.99,RWF,United Kingdom
ORD-42-0004551,CUST-000217,2025-11-05,electronics,10,286.07,RWF,Germany
ORD-42-0001582,CUST-000183,2025-03-11,sports,9,101.78,EUR,Kenya
ORD-42-0004553,CUST-000212,2025-11-29,grocery,1,$359.99,USD,Ghana
ORD-42-0004554,CUST-000497,2025-04-02,apparel,6,95.61,GBP,United States
ORD-42-0004555,CUST-000277,2025-11-28,toys,6,211.57,RWF,United States
ORD-42-0004556,CUST-000077,2025-03-28,home,4,183.01,EUR,kenya
ORD-42-0004557,CUST-000297,2025-01-31,toys,9,82.38,EUR,germany
ORD-42-0004558,CUST-000205,2025-01-29,apparel,2,234.59,RWF,Ghana
ORD-42-0004559,CUST-000287,2025-12-10,electronics,6,270.17,GBP,Germany
ORD-42-0004560,CUST-000220,2025-03-27,grocery,10,434.63,USD,KENYA
ORD-42-0004561,CUST-000004,2025-10-16,toys,6,103.05,RWF,Kenya
,CUST-000246,2025-06-19,grocery,10,280.53,EUR,Ghana
ORD-42-0004563,CUST-000163,2025-11-27,sports,6,405.69,USD,Kenya
ORD-42-0004564,CUST-000164,2025-10-29,toys,6,471.75,RWF,Rwanda
ORD-42-0004565,CUST-000496,not-a-date,electronics,9,234.09,EUR,Rwanda
ORD-42-0004566,CUST-000275,2025-03-19,grocery,-3,443.11,USD,United States
ORD-42-0004567,CUST-000234,2025-09-09,toys,3,475.12,RWF,Germany
ORD-42-0004568,CUST-000234,2025-11-03,electronics,9,146.95,GBP,Kenya
ORD-42-0004569,  CUST-000355  ,2025-04-30,sports,9,460.85,EUR,Rwanda
ORD-42-0004570,CUST-000400,2025-02-27,electronics,1,221.85,USD,Kenya
ORD-42-0004571,CUST-000038,2025-12-08,apparel,5,$71.27,GBP,United States
ORD-42-0004572,CUST-000149,2025-04-26,apparel,1,175.05,RWF,United States
ORD-42-0004573,CUST-000340,2025-05-18,grocery,2,378.94,RWF,Rwanda
ORD-42-0004574,CUST-000348,2025-03-11,toys,8,55.06,GBP,United States
ORD-42-0004575,CUST-000313,2025-05-24,home,7,201.92,RWF,Germany
ORD-42-0004576,CUST-000152,2025-12-12,toys,10,361.99,RWF,United Kingdom
ORD-42-0004577,CUST-000438,2025-09-03,apparel,5,389.71,USD,
ORD-42-0004578,CUST-000315,2025-01-01,home,-3,81.58,GBP,Kenya
ORD-42-0004579,CUST-000346,2025-06-21,sports,6,98.94,RWF,United Kingdom
ORD-42-0004580,CUST-000103,2025-01-11,apparel,3,419.06,KES,Rwanda
ORD-42-0004581,CUST-000390,2025-08-22,apparel,10,352.01,RWF,Rwanda
ORD-42-0004582,CUST-000186,2025-01-12,home,8,336.21,RWF,Rwanda
ORD-42-0004583,CUST-000391,2025-11-04,home,8,394.51,KES,Rwanda
ORD-42-0004584,CUST-000043,2025-07-17,electronics,2,22.88,RWF,United States
ORD-42-0004585,CUST-000425,2025-10-16,grocery,1,16.33,USD,Kenya
ORD-42-0004586,CUST-000206,2025-07-07,toys,10,359.17,GBP,Germany
ORD-42-0004587,CUST-000466,2025-07-13,toys,8,431.9,EUR,Kenya
ORD-42-0004588,CUST-000164,2025-08-07,toys,9,357.15,GBP,Germany
ORD-42-0004589,CUST-000458,2025-11-17,toys,3,54.79,KES,Germany
ORD-42-0004590,CUST-000242,2025-03-16,electronics,5,192.82,KES,Germany
ORD-42-0004591,CUST-000325,2025-06-17,home,4,406.34,USD,Kenya
ORD-42-0004592,CUST-000047,2025-04-23,sports,3,408.83,RWF,Germany
ORD-42-0004593,CUST-000187,2025-10-19,toys,3,155.88,KES,Ghana
ORD-42-0004594,CUST-000136,2025-03-04,apparel,8,335.24,GBP,Rwanda
ORD-42-0004595,CUST-000021,2025-12-15,sports,3,11.37,RWF,united states
ORD-42-0004596,CUST-000026,2025-11-18,home,7,395.17,GBP,Rwanda
,CUST-000302,2025-12-20,toys,6,140.62,EUR,Germany
,CUST-000450,2025-11-04,grocery,4,365.09,EUR,Kenya
ORD-42-0004599,CUST-000164,not-a-date,sports,4,191.31,EUR,Rwanda
ORD-42-0004600,CUST-000046,2025-12-03,electronics,1,295.08,KES,united kingdom
ORD-42-0004601,  CUST-000302  ,2025-09-03,electronics,9,222.24,USD,united states
ORD-42-0004602,CUST-000002,2025-07-27,  toys  ,1,87.57,EUR,Ghana
ORD-42-0004603,CUST-000358,2025-08-12,electronics,6,272.33,KES,Kenya
ORD-42-0004604,CUST-000320,2025-01-17,electronics,10,370.06,USD,Ghana
ORD-42-0004605,CUST-000362,2025-09-11,sports,8,209.16,USD,Kenya
ORD-42-0004606,CUST-000395,2025-06-02,grocery,3,267.36,USD,United Kingdom
ORD-42-0004607,CUST-000404,2025-11-20,apparel,3,337.52,RWF,United Kingdom
ORD-42-0004608,CUST-000035,2025-07-07,toys,5,390.13,GBP,Germany
ORD-42-0004609,CUST-000434,2025-12-31,home,4,37.75,USD,Rwanda
ORD-42-0004610,CUST-000179,2025-01-18,toys,4,$337.50,EUR,Rwanda
ORD-42-0004611,  CUST-000442  ,2025-02-22,grocery,8,465.0,KES,Germany
ORD-42-0001571,CUST-000317,2025-04-19,home,3,48.24,KES,Rwanda
ORD-42-0004613,CUST-000383,2025-07-28,apparel,7,303.6,RWF,Germany
ORD-42-0004614,CUST-000376,2025-07-03,sports,1,378.98,USD,Germany
ORD-42-0004615,CUST-000416,2025-04-28,grocery,8,345.35,USD,United Kingdom
ORD-42-0004616,CUST-000254,2025-05-01,grocery,3,329.44,KES,Kenya
ORD-42-0004617,CUST-000210,2025-09-03,  grocery  ,9,263.46,GBP,Rwanda
ORD-42-0004618,CUST-000045,2025-01-31,grocery,3,230.49,RWF,kenya
ORD-42-0004619,CUST-000304,2025-10-12,apparel,7,216.7,RWF,
ORD-42-0004620,CUST-000426,2025-01-13,toys,1,$285.37,EUR,Germany
ORD-42-0004621,CUST-000330,2025-06-12,electronics,7,494.77,GBP,
ORD-42-0004622,CUST-000096,2025-03-26,sports,10,338.31,KES,United Kingdom
ORD-42-0004623,CUST-000001,2025-05-09,home,10,$292.28,GBP,United Kingdom
ORD-42-0004624,CUST-000275,2025-11-08,apparel,6,171.36,RWF,germany
ORD-42-0004625,CUST-000239,2025-10-16,unobtainium,6,487.29,RWF,Germany
ORD-42-0004626,CUST-000152,2025-12-20,toys,4,456.16,GBP,United States
ORD-42-0004627,CUST-000273,2025-12-20,home,1,462.21,GBP,Rwanda
ORD-42-0004628,CUST-000396,2025-05-21,electronics,7,165.5,KES,United Kingdom
ORD-42-0004629,CUST-000097,2025-03-15,electronics,3,295.53,GBP,Germany
ORD-42-0001614,CUST-000180,2025-11-15,toys,9,221.26,USD,Ghana
ORD-42-0004631,CUST-000270,2025-05-27,electronics,1,436.65,GBP,Rwanda
ORD-42-0004632,CUST-000003,2025-02-27,apparel,5,135.62,EUR,United Kingdom
ORD-42-0004633,CUST-000486,2025-05-18,toys,8,175.44,RWF,Rwanda
ORD-42-0004634,CUST-000321,2025-09-04,sports,1,387.2,KES,Kenya
ORD-42-0004635,CUST-000010,2025-10-30,electronics,3,170.61,USD,Rwanda
ORD-42-0004636,CUST-000330,not-a-date,grocery,1,$247.21,EUR,United Kingdom
ORD-42-0004637,CUST-000387,2025-12-21,grocery,10,172.97,EUR,Kenya
ORD-42-0004638,CUST-000117,2025-09-27,grocery,10,106.2,USD,United States
ORD-42-0004639,CUST-000288,2025-12-24,grocery,3,443.33,USD,GERMANY
ORD-42-0004640,CUST-000328,2025-09-23,electronics,3,406.38,EUR,Germany
ORD-42-0004641,CUST-000334,2025-01-03,grocery,3,130.52,KES,Germany
ORD-42-0004642,CUST-000187,2025-09-01,grocery,5,497.08,GBP,Germany
ORD-42-0004643,CUST-000453,2025-01-13,electronics,5,153.23,KES,Ghana
ORD-42-0004644,CUST-000462,2025-06-07,sports,8,128.6,RWF,United Kingdom
ORD-42-0004645,CUST-000463,2025-04-24,apparel,6,323.32,GBP,Ghana
,CUST-000113,2025-08-24,home,2,141.06,RWF,United Kingdom
ORD-42-0004647,,2025-04-02,sports,7,177.61,KES,Kenya
ORD-42-0004648,CUST-000342,2025-08-17,toys,4,393.49,KES,United States
ORD-42-0004649,CUST-000439,2025-09-06,sports,6,327.8,RWF,united states
ORD-42-0004650,CUST-000082,2025-06-02,grocery,4,217.65,RWF,Ghana
ORD-42-0004651,CUST-000266,2025-07-25,apparel,3,15.62,RWF,Germany
ORD-42-0004652,CUST-000187,2025-04-08,grocery,1,462.23,KES,Ghana
ORD-42-0004653,CUST-000125,2025-10-12,sports,7,385.96,KES,United Kingdom
ORD-42-0004654,CUST-000112,2025-01-30,sports,5,151.08,RWF,United Kingdom
ORD-42-0004655,CUST-000354,2025-07-13,toys,1,178.66,GBP,Ghana
ORD-42-0004656,CUST-000410,2025-12-02,home,1,298.34,KES,Ghana
ORD-42-0004657,CUST-000206,2025-05-09,apparel,1,26.52,EUR,Ghana
ORD-42-0004658,CUST-000089,2025-02-27,apparel,10,$23.79,RWF,Germany
ORD-42-0004659,CUST-000117,2025-04-26,apparel,10,158.05,GBP,United States
ORD-42-0004660,CUST-000322,2025-01-15,electronics,4,281.55,USD,Rwanda
ORD-42-0004661,CUST-000216,2025-10-23,home,9,496.41,USD,Ghana
ORD-42-0004662,CUST-000020,2025-01-20,apparel,1,"150,65",GBP,Rwanda
ORD-42-0004663,CUST-000337,2025-09-29,toys,2,156.51,GBP,Kenya
ORD-42-0004664,CUST-000453,2025-11-29,apparel,8,298.72,EUR,Kenya
ORD-42-0004665,CUST-000385,2025-04-25,toys,6,94.86,USD,Rwanda
ORD-42-0004723,CUST-000073,2025-09-01,sports,6,288.48,GBP,Kenya
ORD-42-0004667,CUST-000206,2025-07-02,apparel,8,408.74,EUR,United Kingdom
ORD-42-0004668,CUST-000223,2025-01-21,grocery,3,$403.26,GBP,Rwanda
ORD-42-0004669,CUST-000355,2025-12-06,toys,6,248.46,KES,Kenya
ORD-42-0004670,CUST-000284,2025-01-20,home,6,146.99,USD,Ghana
ORD-42-0004671,  CUST-000324  ,2025-05-26,electronics,10,412.07,USD,United Kingdom
ORD-42-0004672,CUST-000119,2025-07-20,electronics,2,238.84,GBP,Ghana
ORD-42-0004673,CUST-000425,2025-07-02,home,4,344.63,USD,Germany
ORD-42-0004674,CUST-000070,2025-05-04,apparel,9,422.76,RWF,Germany
ORD-42-0004675,CUST-000103,2025-08-28,grocery,5,193.25,EUR,Rwanda
ORD-42-0004676,CUST-000342,2025-07-23,grocery,6,481.7,EUR,Germany
ORD-42-0001071,CUST-000132,2025-11-11,apparel,7,15.34,GBP,United Kingdom
ORD-42-0004678,CUST-000061,2025-04-15,sports,8,196.74,USD,United Kingdom
ORD-42-0004679,CUST-000319,2025-12-02,grocery,10,117.79,KES,Germany
ORD-42-0004680,CUST-000124,2025-12-22,apparel,10,299.26,USD,Germany
ORD-42-0004681,CUST-000382,2025-04-24,electronics,5,168.46,GBP,United States
ORD-42-0004682,CUST-000316,2025-03-05,toys,3,458.92,EUR,United States
ORD-42-0004683,CUST-000361,2025-06-01,grocery,4,338.67,USD,KENYA
ORD-42-0004684,CUST-000488,2025-09-13,home,4,"414,06",KES,United Kingdom
ORD-42-0004685,CUST-000272,not-a-date,home,9,172.73,USD,United States
ORD-42-0004686,CUST-000150,2025-02-03,apparel,1,73.48,KES,  Kenya  
ORD-42-0004687,CUST-000206,2025-08-02,home,1,429.65,EUR,United Kingdom
ORD-42-0004688,CUST-000090,2025-09-02,  electronics  ,4,128.42,RWF,Ghana
ORD-42-0004689,CUST-000393,2025-06-26,grocery,7,233.81,KES,United Kingdom
ORD-42-0004690,CUST-000033,2025-11-06,sports,6,147.11,USD,United States
ORD-42-0004691,CUST-000147,2025-02-14,home,4,447.75,KES,
ORD-42-0004692,CUST-000104,2025-02-04,home,4,218.5,KES,Ghana
ORD-42-0004693,CUST-000116,2025-11-19,electronics,3,332.57,KES,Germany
ORD-42-0004694,CUST-000248,2025-11-02,sports,2,161.03,RWF,Kenya
ORD-42-0004695,CUST-000350,2025-03-08,electronics,8,302.87,RWF,Ghana
ORD-42-0004696,CUST-000415,2025-11-30,grocery,4,428.76,KES,Rwanda
ORD-42-0004697,CUST-000432,2025-05-28,apparel,10,42.61,USD,united states
ORD-42-0004698,CUST-000258,2025-04-26,apparel,10,78.65,USD,United Kingdom
ORD-42-0004699,CUST-000282,2025-08-28,grocery,10,450.05,GBP,Germany
ORD-42-0004700,CUST-000112,2025-01-19,grocery,7,389.23,USD,Rwanda
ORD-42-0004701,CUST-000184,2025-10-23,toys,9,341.54,RWF,Rwanda
ORD-42-0004702,CUST-000227,2025-02-06,home,6,$425.37,KES,United States
ORD-42-0004703,CUST-000042,2025-06-24,apparel,1,127.89,GBP,RWANDA
ORD-42-0004704,CUST-000006,2025-10-03,electronics,3,388.28,RWF,United States
ORD-42-0004705,CUST-000414,2025-04-10,apparel,9,247.69,KES,Rwanda
ORD-42-0004706,CUST-000455,2025-09-14,sports,5,319.34,USD,Kenya
ORD-42-0004707,CUST-000305,2025-07-24,toys,7,226.84,RWF,Rwanda
ORD-42-0004708,CUST-000122,not-a-date,electronics,5,5.25,EUR,Ghana
ORD-42-0004709,CUST-000209,2025-01-16,sports,8,340.03,GBP,  United States  
ORD-42-0004710,CUST-000036,2025-04-02,sports,3,120.81,RWF,United Kingdom
ORD-42-0004711,CUST-000259,2025-11-13,electronics,2,444.44,KES,United States
ORD-42-0004712,CUST-000068,2025-05-18,apparel,2,"25,19",GBP,Rwanda
ORD-42-0004713,CUST-000125,2025-08-29,home,7,30.99,KES,Ghana
ORD-42-0004714,CUST-000082,2025-10-17,electronics,2,118.28,KES,Kenya
ORD-42-0004715,CUST-000186,2025-09-03,apparel,-1,385.7,EUR,United States
ORD-42-0004716,CUST-000375,2025-11-23,sports,-7,$261.96,RWF,KENYA
ORD-42-0004717,CUST-000213,2025-12-28,apparel,9,283.1,USD,United States
ORD-42-0004718,CUST-000481,2025-01-07,grocery,4,369.4,KES,Rwanda
ORD-42-0004719,CUST-000239,2025-04-15,toys,5,324.36,RWF,Germany
ORD-42-0002145,CUST-000095,2025-12-09,electronics,1,"177,44",USD,Ghana
ORD-42-0004721,CUST-000358,2025-11-11,electronics,8,456.75,RWF,Rwanda
ORD-42-0004722,CUST-000223,2025-08-31,home,9,183.23,USD,United States
ORD-42-0004723,CUST-000344,2025-04-04,toys,6,53.0,EUR,Germany
ORD-42-0004724,  CUST-000004  ,2025-04-06,home,2,382.61,KES,Rwanda
ORD-42-0004725,CUST-000319,2025-08-19,sports,5,181.54,GBP,Germany
ORD-42-0004726,CUST-000311,2025-05-05,apparel,10,$198.32,GBP,Germany
ORD-42-0004727,CUST-000422,2025-11-04,toys,3,227.31,RWF,Rwanda
ORD-42-0004728,CUST-000121,2025-05-22,grocery,2,344.36,KES,United Kingdom
,CUST-000213,2025-10-21,grocery,4,292.74,RWF,Rwanda
ORD-42-0004730,CUST-000069,2025-06-10,grocery,8,272.41,USD,Ghana
ORD-42-0004731,CUST-000187,2025-04-23,apparel,8,50.12,KES,United Kingdom
ORD-42-0004732,CUST-000245,2025-08-08,  electronics  ,3,364.99,EUR,United States
ORD-42-0004733,CUST-000336,2025-08-07,sports,7,480.75,GBP,Ghana
ORD-42-0004734,CUST-000404,2025-06-15,grocery,3,247.63,EUR,UNITED STATES
ORD-42-0004735,CUST-000112,2026-01-01,home,2,36.74,RWF,Germany
ORD-42-0004736,CUST-000399,2025-11-13,sports,5,87.88,USD,Ghana
ORD-42-0004737,CUST-000096,2025-08-03,toys,4,57.23,RWF,
ORD-42-0004738,CUST-000378,2025-05-31,apparel,7,131.7,USD,Ghana
ORD-42-0004739,CUST-000199,2025-07-25,grocery,9,488.5,RWF,United Kingdom
ORD-42-0004740,CUST-000262,2025-04-29,electronics,4,$189.32,KES,Kenya
ORD-42-0004741,CUST-000002,2025-12-18,home,9,110.72,KES,United States
ORD-42-0002086,CUST-000117,2025-06-10,sports,4,345.36,USD,Ghana
ORD-42-0004743,CUST-000296,2025-10-01,sports,3,389.95,KES,Rwanda
ORD-42-0004173,CUST-000339,2025-02-06,apparel,8,467.59,RWF,Ghana
ORD-42-0004745,CUST-000307,2025-09-09,home,2,22.8,GBP,Rwanda
ORD-42-0004746,CUST-000194,2025-01-15,apparel,10,48.0,KES,Germany
ORD-42-0004747,CUST-000088,not-a-date,toys,3,141.1,USD,united kingdom
ORD-42-0004748,CUST-000099,2025-12-22,electronics,9,57.99,KES,Germany
ORD-42-0004749,CUST-000334,2025-12-05,grocery,6,338.9,KES,United Kingdom
ORD-42-0004750,CUST-000374,2025-04-10,sports,5,"416,48",RWF,Ghana
ORD-42-0004751,CUST-000298,2025-02-21,grocery,10,300.53,GBP,Kenya
ORD-42-0004752,CUST-000477,2025-10-24,electronics,8,63.0,GBP,United Kingdom
ORD-42-0004753,CUST-000438,2025-06-06,home,7,178.62,USD,United Kingdom
ORD-42-0004754,CUST-000318,2025-04-03,sports,2,497.46,USD,GERMANY
ORD-42-0004755,CUST-000040,2025-04-24,apparel,6,203.78,EUR,Rwanda
ORD-42-0004756,  CUST-000209  ,2025-09-21,electronics,3,298.59,GBP,Ghana
ORD-42-0004757,CUST-000230,2025-10-02,sports,7,52.57,KES,Ghana
ORD-42-0004758,CUST-000312,2025-06-05,apparel,8,457.01,KES,Rwanda
ORD-42-0004759,CUST-000046,2025-03-14,apparel,9,426.62,KES,United States
ORD-42-0004760,CUST-000298,2025-03-08,electronics,7,265.67,EUR,United States
ORD-42-0004761,CUST-000025,2025-11-04,apparel,1,250.3,RWF,Germany
ORD-42-0004762,CUST-000179,2025-09-27,sports,3,58.34,EUR,United States
ORD-42-0004763,CUST-000100,2025-05-31,electronics,4,39.36,KES,United Kingdom
ORD-42-0004764,CUST-000169,2025-08-17,toys,1,$377.40,USD,Ghana
ORD-42-0004765,CUST-000353,2025-02-27,electronics,4,238.63,EUR,United Kingdom
ORD-42-0004766,CUST-000183,2025-08-03,home,9,388.49,KES,Kenya
ORD-42-0004767,CUST-000175,2025-01-11,grocery,4,340.36,KES,United Kingdom
ORD-42-0004768,CUST-000389,2025-10-30,apparel,8,425.46,EUR,United Kingdom
ORD-42-0004769,CUST-000324,2025-10-15,apparel,6,388.82,GBP,Rwanda
ORD-42-0004770,CUST-000225,2025-08-15,electronics,10,350.58,EUR,Ghana
ORD-42-0004771,CUST-000286,2025-11-28,sports,5,416.2,RWF,Kenya
ORD-42-0004772,CUST-000464,2025-11-08,sports,3,353.63,RWF,Rwanda
ORD-42-0004773,CUST-000063,2025-01-10,toys,7,117.4,KES,Ghana
ORD-42-0004774,CUST-000184,2025-08-22,electronics,4,361.94,KES,Ghana
ORD-42-0004775,CUST-000163,2025-09-04,electronics,6,195.42,USD,United Kingdom
ORD-42-0004776,CUST-000125,2025-12-28,grocery,10,200.57,GBP,United Kingdom
ORD-42-0004777,CUST-000024,2025-02-02,toys,7,348.19,GBP,
ORD-42-0004778,CUST-000452,2025-03-11,  toys  ,8,68.67,GBP,United States
ORD-42-0004779,CUST-000017,2025-03-20,sports,10,303.07,EUR,United States
ORD-42-0004780,,2025-05-11,grocery,4,164.98,USD,Germany
ORD-42-0004410,CUST-000206,2025-04-16,  electronics  ,2,438.8,EUR,United Kingdom
ORD-42-0004782,CUST-000241,2025-09-25,grocery,8,15.36,EUR,Rwanda
ORD-42-0004783,CUST-000246,2025-01-30,apparel,5,487.34,EUR,Ghana
ORD-42-0004784,CUST-000068,2025-02-02,apparel,-3,367.75,GBP,Rwanda
ORD-42-0002139,CUST-000353,2025-02-20,toys,4,405.57,USD,Germany
ORD-42-0004786,CUST-000345,2025-08-29,apparel,4,217.51,GBP,Rwanda
ORD-42-0004787,CUST-000049,2025-03-29,electronics,5,145.8,EUR,Ghana
ORD-42-0004788,,not-a-date,home,3,335.03,USD,Kenya
ORD-42-0004789,CUST-000355,2025-08-11,apparel,6,4.65,KES,Ghana
ORD-42-0004790,CUST-000225,2025-06-05,home,2,59.89,KES,Germany
ORD-42-0004791,CUST-000337,2025-11-29,home,7,494.86,USD,United Kingdom
ORD-42-0004792,CUST-000411,2025-03-13,home,2,155.16,GBP,Kenya
ORD-42-0004793,CUST-000318,2025-03-31,toys,2,448.73,RWF,Rwanda
ORD-42-0004794,CUST-000164,2025-07-26,sports,3,150.74,GBP,Rwanda
ORD-42-0004795,CUST-000351,2025-02-11,unobtainium,1,"254,78",EUR,Germany
ORD-42-0004796,CUST-000441,2025-11-24,sports,2,14.55,EUR,Ghana
ORD-42-0004797,CUST-000197,2025-07-22,toys,5,91.44,KES,United Kingdom
ORD-42-0004798,CUST-000090,2025-12-14,sports,3,121.69,RWF,United States
ORD-42-0004799,CUST-000196,2025-05-25,toys,7,300.37,EUR,United Kingdom
ORD-42-0004800,CUST-000178,2025-09-04,apparel,9,192.48,KES,Ghana
ORD-42-0004801,CUST-000048,2025-11-29,sports,9,391.44,EUR,United Kingdom
ORD-42-0004802,CUST-000347,2025-12-24,toys,4,391.94,GBP,Kenya
ORD-42-0004803,CUST-000144,2025-02-01,unobtainium,3,147.73,RWF,Germany
ORD-42-0004804,CUST-000345,2025-10-03,toys,4,135.81,EUR,KENYA
ORD-42-0004805,CUST-000413,2025-08-01,sports,9,269.86,EUR,Kenya
ORD-42-0004806,CUST-000132,2025-09-17,grocery,6,52.16,KES,Germany
ORD-42-0004807,CUST-000224,2025-02-22,home,1,254.36,GBP,Ghana
ORD-42-0004808,CUST-000090,2025-08-09,apparel,9,"89,12",KES,Kenya
ORD-42-0004809,CUST-000284,2025-07-17,home,1,"225,43",EUR,Ghana
ORD-42-0004810,CUST-000421,2025-12-21,toys,6,82.38,KES,United States
ORD-42-0004811,CUST-000463,not-a-date,toys,6,304.78,RWF,United States
ORD-42-0004812,CUST-000444,2025-12-28,apparel,10,214.03,KES,Germany
ORD-42-0004813,CUST-000146,2025-07-18,apparel,6,300.87,RWF,Germany
ORD-42-0004814,CUST-000169,2025-12-10,home,8,63.18,KES,United Kingdom
ORD-42-0004815,  CUST-000104  ,2025-12-30,electronics,10,399.29,GBP,Ghana
ORD-42-0004816,CUST-000070,2025-03-26,toys,8,106.92,GBP,Ghana
ORD-42-0004817,CUST-000379,2025-02-23,sports,7,333.81,KES,Germany
ORD-42-0004818,CUST-000221,2025-05-16,toys,9,306.03,GBP,Germany
ORD-42-0004819,,2025-06-06,sports,2,229.33,USD,Germany
ORD-42-0004820,,2025-12-06,electronics,5,310.99,USD,Rwanda
ORD-42-0004821,CUST-000014,2025-09-13,toys,5,$398.26,RWF,Rwanda
ORD-42-0004822,CUST-000173,2025-06-15,grocery,6,210.0,GBP,Rwanda
ORD-42-0004823,CUST-000335,2025-07-12,unobtainium,9,364.26,RWF,Rwanda
ORD-42-0004824,CUST-000352,2025-11-13,grocery,8,331.43,GBP,united kingdom
ORD-42-0004825,CUST-000455,2025-01-17,apparel,4,142.76,EUR,Ghana
ORD-42-0004826,CUST-000313,2025-02-08,grocery,10,259.04,USD,Ghana
,CUST-000166,2025-12-24,sports,6,390.99,RWF,United States
ORD-42-0004828,CUST-000296,2025-09-06,grocery,6,156.12,EUR,United States
ORD-42-0004829,CUST-000384,2025-08-19,apparel,9,$217.88,RWF,United States
ORD-42-0004830,CUST-000275,2025-03-07,apparel,6,400.97,USD,Ghana
ORD-42-0004831,CUST-000491,2025-12-15,apparel,6,$28.79,EUR,United Kingdom
ORD-42-0004832,CUST-000166,2025-01-05,grocery,7,372.54,RWF,Ghana
ORD-42-0004833,CUST-000264,2025-11-26,sports,7,380.53,EUR,United Kingdom
ORD-42-0004834,CUST-000332,2028-02-07,toys,4,379.61,RWF,United Kingdom
ORD-42-0004835,CUST-000445,2025-12-06,sports,7,98.74,KES,Ghana
ORD-42-0004836,CUST-000114,2025-12-23,sports,2,11.85,USD,Kenya
,CUST-000225,2025-03-26,toys,7,300.94,USD,United Kingdom
ORD-42-0004838,CUST-000333,2025-09-17,electronics,5,321.71,KES,Ghana
ORD-42-0004839,CUST-000076,2025-01-04,grocery,8,175.79,RWF,Germany
ORD-42-0004840,CUST-000025,2025-09-13,grocery,6,208.06,USD,Kenya
ORD-42-0004841,CUST-000383,2025-05-30,apparel,5,152.72,GBP,Kenya
ORD-42-0004842,CUST-000322,2025-03-03,home,7,254.83,KES,Germany
ORD-42-0004843,CUST-000383,2025-08-29,apparel,2,269.07,EUR,Kenya
ORD-42-0004844,CUST-000114,2025-06-26,grocery,7,45.3,USD,germany
ORD-42-0004845,CUST-000452,2025-09-11,electronics,8,151.43,GBP,Germany
ORD-42-0004846,CUST-000237,2025-05-27,apparel,7,445.21,RWF,Kenya
ORD-42-0004847,CUST-000483,2025-06-15,grocery,9,157.27,USD,United Kingdom
ORD-42-0004848,  CUST-000315  ,2025-03-24,toys,8,$407.04,GBP,Germany
ORD-42-0004849,CUST-000495,2025-06-24,toys,5,342.39,EUR,Ghana
ORD-42-0004850,CUST-000430,2025-04-19,sports,6,$70.03,GBP,Kenya
ORD-42-0004851,CUST-000229,2025-05-11,home,1,481.19,EUR,Germany
ORD-42-0004852,CUST-000200,2025-05-08,grocery,9,238.18,USD,Ghana
ORD-42-0004853,CUST-000447,2025-10-17,electronics,8,$211.20,GBP,Rwanda
ORD-42-0004854,CUST-000158,2025-03-02,grocery,6,100.66,USD,Rwanda
ORD-42-0004855,CUST-000163,2025-05-05,apparel,4,30.64,KES,Rwanda
ORD-42-0004856,CUST-000404,2025-12-16,sports,1,285.92,GBP,United States
ORD-42-0004857,CUST-000018,2025-06-06,home,7,179.18,KES,Kenya
ORD-42-0004858,CUST-000124,2025-08-06,sports,5,172.36,KES,ghana
ORD-42-0004859,CUST-000336,2025-01-30,grocery,6,123.75,EUR,Kenya
ORD-42-0004860,CUST-000443,2025-01-20,apparel,7,215.49,USD,United States
ORD-42-0004861,CUST-000350,2025-01-23,electronics,1,130.85,USD,United Kingdom
ORD-42-0004862,CUST-000378,2025-11-22,electronics,1,368.07,GBP,United Kingdom
ORD-42-0004863,CUST-000386,2025-01-26,unobtainium,7,39.82,KES,  United States  
ORD-42-0004864,CUST-000392,2025-03-01,toys,10,$296.19,RWF,Ghana
ORD-42-0004865,CUST-000042,2025-11-18,toys,2,341.74,GBP,United Kingdom
ORD-42-0004866,CUST-000111,2025-05-17,home,7,213.77,GBP,UNITED STATES
ORD-42-0004867,CUST-000157,2025-05-06,grocery,7,461.74,KES,United States
ORD-42-0004868,CUST-000392,2025-02-04,grocery,9,243.94,USD,Ghana
ORD-42-0004869,CUST-000369,2025-05-10,sports,10,206.39,RWF,United Kingdom
ORD-42-0000363,CUST-000454,2025-10-18,sports,10,8.9,GBP,United States
ORD-42-0004871,CUST-000069,2025-06-27,grocery,6,489.0,KES,Ghana
ORD-42-0004872,CUST-000009,2025-04-07,sports,10,34.83,EUR,United States
ORD-42-0004873,CUST-000120,2025-01-12,apparel,1,365.27,KES,United States
ORD-42-0003574,CUST-000096,2025-04-22,grocery,5,"427,83",GBP,Ghana
ORD-42-0004875,CUST-000430,2025-04-30,sports,4,311.95,RWF,Kenya
ORD-42-0004876,CUST-000469,2025-10-14,electronics,5,28.34,USD,Kenya
ORD-42-0004877,CUST-000449,2025-11-17,toys,-7,188.67,GBP,Germany
ORD-42-0004878,CUST-000158,2025-05-16,apparel,4,276.33,USD,Ghana
ORD-42-0004879,CUST-000233,2025-04-20,home,3,131.31,GBP,Ghana
ORD-42-0004880,CUST-000424,2025-10-28,electronics,4,164.33,GBP,
ORD-42-0004881,,2025-12-24,sports,3,458.25,EUR,United Kingdom
ORD-42-0004882,CUST-000247,2025-02-05,unobtainium,6,496.06,KES,United States
ORD-42-0004883,CUST-000350,2025-01-08,grocery,7,$155.74,RWF,Germany
ORD-42-0004884,CUST-000155,2025-11-14,apparel,2,484.72,GBP,rwanda
ORD-42-0004885,,2025-01-21,apparel,1,71.54,KES,Ghana
ORD-42-0004886,CUST-000101,2025-08-18,grocery,6,267.72,USD,Ghana
ORD-42-0004887,CUST-000108,2025-02-17,toys,9,182.98,EUR,United States
ORD-42-0004888,CUST-000061,2025-04-26,toys,10,$164.61,KES,United Kingdom
ORD-42-0004889,CUST-000030,2025-03-12,toys,5,353.24,USD,Kenya
ORD-42-0004890,CUST-000498,2025-03-24,grocery,6,181.14,KES,Rwanda
ORD-42-0004891,CUST-000193,2025-05-11,unobtainium,10,89.73,KES,Kenya
ORD-42-0004892,CUST-000483,2025-11-13,toys,4,156.21,KES,Rwanda
ORD-42-0004893,CUST-000281,2025-12-11,unobtainium,1,496.38,KES,Rwanda
ORD-42-0004894,CUST-000420,2025-08-22,  grocery  ,4,130.3,KES,Kenya
ORD-42-0004895,CUST-000160,2025-10-13,electronics,10,438.27,KES,Germany
ORD-42-0004896,CUST-000382,2025-08-31,electronics,10,368.02,USD,Kenya
ORD-42-0004897,CUST-000033,2025-04-13,home,3,236.62,EUR,Ghana
ORD-42-0004898,CUST-000047,2025-11-18,home,7,44.97,EUR,Rwanda
ORD-42-0004899,CUST-000171,2025-02-07,home,6,"98,69",USD,Rwanda
ORD-42-0004900,CUST-000165,2025-09-09,electronics,4,30.38,GBP,Ghana
ORD-42-0004901,CUST-000006,2025-05-16,grocery,9,44.89,USD,Rwanda
ORD-42-0004902,CUST-000316,2025-06-07,home,10,274.97,GBP,Ghana
ORD-42-0004903,CUST-000234,2025-06-07,sports,7,119.45,GBP,Ghana
ORD-42-0004904,CUST-000454,2025-07-30,electronics,9,371.25,EUR,United Kingdom
ORD-42-0004905,CUST-000303,2025-11-12,apparel,7,469.44,KES,Ghana
ORD-42-0004906,,2025-10-15,electronics,7,154.09,USD,United Kingdom
ORD-42-0004907,CUST-000470,2025-11-10,electronics,7,485.88,RWF,United States
ORD-42-0004908,CUST-000195,2025-01-13,toys,2,9.62,KES,United States
ORD-42-0004909,CUST-000068,2025-10-12,sports,5,67.86,USD,GERMANY
ORD-42-0004910,CUST-000275,2025-10-21,grocery,9,"462,60",EUR,United States
ORD-42-0004911,CUST-000043,2025-02-11,grocery,6,464.01,RWF,Kenya
ORD-42-0004912,CUST-000333,2025-06-20,toys,10,389.77,EUR,Rwanda
ORD-42-0004913,CUST-000271,2025-09-24,sports,5,248.79,USD,United States
ORD-42-0004914,CUST-000002,2025-12-27,home,10,115.97,GBP,Germany
ORD-42-0004915,CUST-000067,2025-10-26,toys,8,25.53,EUR,Kenya
ORD-42-0004916,CUST-000075,2025-12-17,electronics,8,456.52,GBP,United Kingdom
ORD-42-0004917,CUST-000174,2025-02-20,grocery,3,127.79,EUR,United Kingdom
ORD-42-0004918,CUST-000238,2025-10-31,apparel,10,$175.47,GBP,GHANA
ORD-42-0004919,CUST-000096,2025-12-10,home,9,442.41,USD,United States
ORD-42-0004920,CUST-000477,2025-10-18,sports,9,200.32,RWF,Rwanda
ORD-42-0004921,CUST-000148,2025-03-25,electronics,3,395.86,EUR,Ghana
ORD-42-0004922,CUST-000007,2025-06-01,home,5,443.32,GBP,Germany
ORD-42-0004923,CUST-000489,2025-06-11,sports,10,483.05,USD,United States
ORD-42-0004924,CUST-000297,2025-12-21,home,2,317.65,KES,United Kingdom
ORD-42-0004925,CUST-000170,2025-05-23,grocery,5,102.91,USD,Germany
ORD-42-0004926,CUST-000169,2025-02-14,home,7,402.82,EUR,United Kingdom
ORD-42-0004927,CUST-000287,2025-04-25,toys,9,463.45,RWF,United States
ORD-42-0004928,CUST-000451,2025-06-20,home,7,348.93,KES,United Kingdom
ORD-42-0004929,CUST-000425,2025-09-02,electronics,4,195.29,USD,Germany
ORD-42-0004930,CUST-000332,2025-10-28,apparel,10,12.49,USD,Rwanda
,CUST-000410,2025-09-24,toys,7,5.55,GBP,Germany
ORD-42-0004932,CUST-000426,2025-03-06,home,8,451.37,USD,United Kingdom
ORD-42-0004933,CUST-000316,2025-12-25,apparel,9,9.32,GBP,Rwanda
ORD-42-0004934,CUST-000390,2025-08-23,toys,10,399.02,GBP,united states
ORD-42-0004935,CUST-000126,2025-03-21,apparel,10,145.63,USD,  United Kingdom  
ORD-42-0004936,CUST-000365,2025-10-31,home,8,404.63,USD,Ghana
ORD-42-0004937,CUST-000120,2025-07-28,grocery,3,280.84,KES,Ghana
ORD-42-0004938,CUST-000452,2025-11-15,sports,7,237.64,USD,United Kingdom
ORD-42-0004939,CUST-000170,2025-09-10,apparel,7,247.22,KES,Ghana
ORD-42-0004940,CUST-000443,2025-04-15,toys,7,407.53,KES,United States
ORD-42-0004941,CUST-000395,2025-06-04,home,-7,344.69,EUR,United Kingdom
ORD-42-0004942,CUST-000457,2025-10-08,home,9,332.11,EUR,United Kingdom
ORD-42-0004943,CUST-000464,2025-10-09,sports,9,450.63,USD,United Kingdom
ORD-42-0004944,CUST-000112,2025-10-15,apparel,6,105.62,RWF,United Kingdom
,CUST-000264,2025-07-10,grocery,9,"364,02",RWF,Germany
ORD-42-0004946,CUST-000465,2025-06-06,sports,8,251.69,KES,Germany
ORD-42-0004947,CUST-000143,2025-07-20,toys,4,240.34,GBP,United States
ORD-42-0004948,CUST-000144,2025-03-13,home,10,238.0,EUR,Rwanda
ORD-42-0004949,CUST-000119,2025-07-03,sports,4,41.5,RWF,Ghana
ORD-42-0004950,CUST-000460,2025-07-09,sports,6,300.25,EUR,United Kingdom
ORD-42-0004951,CUST-000359,2025-02-17,grocery,5,269.19,RWF,Ghana
ORD-42-0004952,CUST-000045,2025-01-15,electronics,5,485.4,RWF,United States
ORD-42-0004953,CUST-000455,2025-10-13,grocery,8,162.29,USD,United States
ORD-42-0002542,CUST-000334,2025-11-02,toys,10,247.02,GBP,Ghana
ORD-42-0004955,CUST-000115,2025-08-17,toys,7,178.44,GBP,Rwanda
ORD-42-0004956,CUST-000393,2025-07-02,sports,7,156.03,USD,UNITED KINGDOM
ORD-42-0004957,CUST-000207,2025-05-21,toys,10,213.96,USD,  Rwanda  
ORD-42-0004958,CUST-000290,2025-09-18,home,9,409.27,USD,Rwanda
ORD-42-0004959,CUST-000203,2025-09-25,electronics,2,379.54,GBP,UNITED KINGDOM
ORD-42-0004960,CUST-000244,2025-02-02,sports,3,87.1,GBP,Kenya
ORD-42-0004961,CUST-000065,2025-04-08,home,9,396.15,EUR,Ghana
ORD-42-0004962,CUST-000396,2025-01-27,toys,3,240.32,RWF,
ORD-42-0004963,CUST-000025,2025-03-17,sports,9,$383.38,RWF,United States
ORD-42-0004964,CUST-000356,2025-12-07,electronics,9,485.44,GBP,Rwanda
ORD-42-0004965,CUST-000407,2025-09-19,apparel,5,277.22,USD,Ghana
ORD-42-0004966,CUST-000446,2025-09-11,  grocery  ,4,$187.99,KES,Germany
ORD-42-0004967,CUST-000205,not-a-date,electronics,6,163.82,GBP,Germany
ORD-42-0004968,CUST-000451,2025-12-24,home,4,293.3,RWF,Rwanda
ORD-42-0004969,,2025-05-23,grocery,5,465.77,RWF,  United States  
ORD-42-0004970,CUST-000359,2025-10-23,grocery,3,24.99,GBP,United States
ORD-42-0004971,CUST-000106,2025-06-13,sports,5,312.4,USD,Rwanda
ORD-42-0004972,CUST-000307,2025-01-13,apparel,9,410.68,GBP,Germany
ORD-42-0004973,CUST-000228,not-a-date,sports,3,401.71,GBP,UNITED STATES
ORD-42-0004974,CUST-000022,2025-10-06,electronics,6,$484.96,EUR,United Kingdom
ORD-42-0004975,CUST-000126,2025-12-22,sports,8,227.54,GBP,United Kingdom
ORD-42-0004976,CUST-000072,2025-11-17,apparel,7,92.01,GBP,Kenya
ORD-42-0004977,CUST-000483,2025-02-25,home,7,239.37,KES,Ghana
ORD-42-0004978,CUST-000148,2025-06-13,electronics,8,281.03,USD,Germany
ORD-42-0004979,CUST-000426,2025-07-10,electronics,10,348.79,USD,United Kingdom
ORD-42-0004980,CUST-000259,2025-11-29,grocery,8,187.95,USD,Kenya
ORD-42-0004981,CUST-000294,2025-01-20,sports,5,150.17,GBP,United Kingdom
ORD-42-0004982,CUST-000400,2025-10-09,home,4,336.42,RWF,Ghana
ORD-42-0004983,CUST-000318,2025-03-30,unobtainium,9,379.91,EUR,United Kingdom
ORD-42-0004984,CUST-000400,2025-02-06,home,10,238.46,RWF,Germany
ORD-42-0004985,CUST-000223,2025-07-06,grocery,6,291.59,USD,Germany
ORD-42-0004986,CUST-000010,2025-06-30,home,5,362.92,GBP,United States
ORD-42-0004987,CUST-000407,2025-01-04,apparel,5,"112,10",RWF,United Kingdom
ORD-42-0004988,,2025-01-30,grocery,2,168.81,RWF,united kingdom
ORD-42-0004989,CUST-000090,2025-10-21,sports,1,415.2,GBP,United Kingdom
,CUST-000440,2025-12-05,grocery,7,473.36,EUR,Ghana
ORD-42-0004991,CUST-000443,2025-11-05,home,4,180.61,RWF,Germany
ORD-42-0004992,CUST-000064,2025-12-06,sports,1,55.79,GBP,United States
ORD-42-0004993,CUST-000130,2025-05-10,grocery,4,383.48,KES,Ghana
ORD-42-0004994,CUST-000124,2025-01-27,electronics,5,$347.42,RWF,Kenya
ORD-42-0004995,CUST-000089,2025-07-05,home,8,481.0,GBP,Germany
ORD-42-0004996,CUST-000131,2025-11-09,apparel,6,135.91,RWF,Ghana
ORD-42-0004997,CUST-000049,not-a-date,toys,6,437.89,GBP,Germany
ORD-42-0004998,CUST-000110,2025-02-18,sports,6,76.67,EUR,United Kingdom
ORD-42-0004999,CUST-000188,2025-06-25,home,9,$9.81,KES,Ghana
